# This file uses centimeters as units for non-parametric coordinates.

mtllib Falambeau_casse.mtl
g default
v -25.079166 17.375494 12.743643
v -28.091019 13.487812 7.526964
v -23.575905 17.375496 15.347371
v 9.952293 20.030956 -26.690758
v 9.952293 20.058384 -26.690758
v 9.023970 20.030958 -25.082855
v 9.690568 18.172684 -24.697990
v 10.618892 18.172684 -26.305895
v 11.299829 20.030956 -23.768887
v 11.299877 17.402964 -23.768856
v 12.228202 17.402964 -25.376760
v -20.564053 13.487815 20.564051
v -24.096376 20.003487 9.141685
v -26.393164 20.003487 10.467735
v -26.008303 18.145216 11.134334
v -23.711515 18.145216 9.808284
v -22.782381 17.375494 11.417594
v 20.564053 13.487807 -20.564054
v 7.526966 13.487806 -28.091021
v 15.862817 17.402964 -23.278315
v -22.782381 20.003555 11.417593
v -28.091019 33.159256 7.526960
v -26.393164 31.443464 10.467733
v -23.789873 5.406934 23.789873
v -24.997631 0.207642 24.997631
v -8.707698 5.406935 32.497570
v -22.646770 18.145216 16.956682
v 14.934492 17.402964 -21.670410
v -21.279121 17.375494 14.021320
v 17.472128 18.172684 -22.349178
v -24.096376 32.170052 9.141684
v -23.935045 32.007015 9.421118
v -28.091019 34.672604 4.893081
v -26.139832 34.974861 4.314804
v -28.091019 36.019012 7.526960
v -22.261909 20.003489 17.623278
v -20.349985 18.145216 15.630631
v 18.138725 20.030956 -21.964319
v 14.934453 20.030956 -21.670435
v -19.965124 20.003487 16.297228
v -21.279121 20.003548 14.021320
v -22.782381 30.842178 11.417590
v -22.618273 30.676336 11.701835
v 30.508364 10.293771 -8.174691
v 20.564053 7.099730 -20.564053
v 22.333672 10.293768 -22.333673
v -24.096376 38.068439 9.141683
v -21.279121 20.003544 -14.021326
v -22.782381 20.003551 -11.417599
v -21.279121 117.768379 -14.021342
v -9.149768 0.207643 34.147400
v -21.279121 29.323034 14.021318
v -24.096376 20.003483 -9.141691
v -22.782387 117.768356 -11.417608
v -19.965124 27.995159 16.297226
v 16.543802 18.172684 -20.741276
v -17.472128 18.172691 22.349174
v -18.138725 20.030964 21.964312
v -26.393164 38.042538 10.467732
v -15.862817 17.402971 23.278311
v 22.261909 20.003481 -17.623285
v 22.646770 18.145212 -16.956686
v 23.575905 17.375490 -15.347377
v -17.210400 25.620510 20.356409
v 28.091019 7.099731 -7.526967
v 17.210400 20.030956 -20.356417
v 19.965124 20.003483 -16.297235
v 20.349985 18.145212 -15.630637
v 21.279121 17.375490 -14.021326
v -17.210400 20.030964 20.356409
v -16.543802 18.172691 20.741272
v -14.934453 20.030964 21.670427
v -22.261909 27.268570 17.623276
v -20.564053 25.552778 20.564049
v -12.780581 24.082890 22.913965
v -15.468267 37.789944 3.425121
v 28.091019 13.487810 -7.526968
v -14.934492 17.402971 21.670406
v -14.934450 24.830513 21.670427
v 24.997631 0.207634 -24.997631
v 23.789873 5.406926 -23.789873
v 32.497570 5.406929 -8.707699
v 34.147400 0.207636 -9.149768
v -1.834630 118.148926 -26.071917
v 1.839130 19.610826 -26.071903
v -1.666366 19.610826 -26.071901
v -18.138725 24.710932 21.964312
v 20.564053 5.406927 -20.564053
v 28.091019 5.406929 -7.526966
v -7.526966 5.406934 28.091019
v -20.564053 5.406933 20.564053
v -7.526966 7.099738 28.091019
v -20.564053 7.099736 20.564053
v 1.839137 118.161026 -26.071917
v 4.467131 19.610826 -26.071901
v 25.079166 17.375490 -12.743649
v -11.299831 23.758026 23.768877
v 26.008303 18.145212 -11.134339
v -10.618892 18.172691 26.305891
v -12.228202 17.402971 25.376757
v -7.526966 13.487816 28.091017
v -8.174690 10.293777 30.508362
v -22.333672 10.293776 22.333670
v -9.023970 23.258722 25.082848
v 26.393164 20.003483 -10.467741
v -9.952293 20.030964 26.690750
v -7.526966 21.362480 28.091015
v -9.952293 20.058392 26.690750
v -9.023970 20.030966 25.082848
v -4.467131 52.737556 26.071888
v -5.117894 21.851099 28.091015
v -0.763657 53.872341 26.071888
v -3.697409 17.752563 28.091017
v -4.467131 19.610834 28.091015
v -1.839138 16.982841 28.091017
v -9.952293 21.894577 26.690750
v 28.091019 18.403896 -3.442131
v 28.091019 17.634174 -1.583860
v 28.091019 20.262169 -4.211853
v -23.849625 38.362518 9.569069
v -22.261909 42.966225 17.623274
v -20.451036 42.986645 16.577766
v -20.564053 44.989750 20.564045
v -22.782383 39.634476 11.417588
v 21.279121 20.003544 -14.021326
v -22.474895 40.000942 11.950171
v -17.210400 45.911201 20.356405
v -21.279121 41.426083 14.021317
v 30.508364 10.293773 8.174689
v 20.564053 7.099736 20.564053
v 28.091019 7.099734 7.526965
v 24.997631 0.207642 24.997631
v 8.707698 5.406935 32.497570
v 9.149768 0.207643 34.147400
v -1.839137 19.610836 26.071894
v 1.838878 19.610836 26.071894
v -1.839137 24.924515 26.071894
v 22.782381 17.375490 -11.417600
v -11.299877 17.402971 23.768852
v 23.789873 5.406934 23.789873
v 34.147400 0.207639 9.149768
v 32.497570 5.406931 8.707697
v -18.138725 46.448692 21.964308
v 22.782381 20.003551 -11.417599
v 1.839138 16.982841 28.091017
v 7.526966 13.487816 28.091017
v 3.697409 17.752563 28.091017
v -1.535575 25.054642 26.071894
v 28.091019 18.403896 3.442126
v 28.091019 13.487812 7.526964
v 28.091019 17.634174 1.583855
v -20.564053 124.284004 -20.564072
v -18.138725 117.740845 -21.964334
v -18.138725 20.030956 -21.964319
v -20.564053 13.487807 -20.564054
v -11.299829 20.030964 23.768879
v -22.261909 20.003481 -17.623285
v -22.261909 117.768318 -17.623301
v -19.965124 42.992123 16.297224
v 4.467131 19.610834 28.091015
v 28.091019 20.262169 4.211847
v 22.333672 10.293776 22.333670
v -4.318956 41.727257 4.444408
v 3.455224 55.165047 26.071888
v 1.838905 27.328678 26.071892
v -24.096376 117.768318 -9.141707
v -17.210400 117.740845 -20.356432
v -17.210400 20.030956 -20.356417
v -22.782387 117.768356 11.417570
v 10.618892 18.172691 26.305891
v 12.228202 17.402971 25.376757
v 25.079166 17.375494 12.743643
v 26.008303 18.145216 11.134334
v 20.564053 13.487815 20.564051
v 23.575905 17.375496 15.347371
v -19.965124 20.003483 -16.297235
v -19.965124 117.768318 -16.297251
v 23.711515 18.145212 -9.808290
v 9.952293 20.030964 26.690750
v 26.393164 20.003487 10.467735
v 21.279121 17.375494 14.021320
v 21.279121 20.003548 14.021320
v 20.349985 18.145216 15.630631
v -4.467131 53.143898 26.866787
v 24.096376 20.003483 -9.141691
v -1.839137 53.542801 26.071888
v -14.934400 117.740967 -21.670481
v -14.934453 20.030956 -21.670435
v 19.965124 20.003487 16.297228
v -9.690568 18.172691 24.697987
v 14.934492 17.402971 21.670406
v 16.543802 18.172691 20.741272
v 14.934453 20.030964 21.670427
v 6.961184 30.251822 28.091015
v 9.023970 20.030964 25.082848
v 9.952293 20.058392 26.690750
v 22.646770 18.145216 16.956682
v 15.862817 17.402971 23.278311
v 17.472128 18.172691 22.349174
v 17.210400 20.030964 20.356409
v -28.091019 124.284004 -7.526986
v -26.393164 117.768318 -10.467757
v -26.393164 20.003483 -10.467741
v -28.091019 13.487810 -7.526968
v 22.261909 20.003489 17.623278
v -11.299877 117.741135 -23.768873
v -11.299829 20.030956 -23.768887
v 18.138725 20.030964 21.964312
v -21.279121 117.768379 14.021304
v -9.952293 20.058384 -26.690758
v -9.023970 20.030956 -25.082855
v -9.023970 117.740837 -25.082870
v -9.952293 117.740837 -26.690773
v 4.467131 27.871559 28.091013
v -14.934438 47.280293 21.670431
v 28.091019 5.406931 7.526965
v 7.526966 5.406934 28.091019
v 7.526966 7.099738 28.091019
v 7.526966 30.984312 28.091015
v -7.526966 13.487806 -28.091021
v -9.952293 20.030956 -26.690758
v -7.526966 124.283997 -28.091038
v -4.467131 118.160988 -28.091038
v -4.467131 19.610826 -28.091022
v -28.091019 20.262169 -4.211853
v -28.091019 117.509651 -4.211869
v 1.839000 54.669819 26.071888
v 4.467131 118.160988 -26.071917
v -11.299844 49.466667 23.768866
v 6.216729 46.401386 7.272896
v 10.465621 56.382038 24.250504
v -4.467131 118.160988 -26.071917
v -4.467131 19.610826 -26.071901
v 8.174690 10.293777 30.508362
v -25.199324 20.262169 -4.211853
v -25.199324 117.509651 -4.211869
v 17.210400 48.482265 20.356405
v -9.023970 50.835705 25.082842
v 9.952293 35.022453 26.690748
v 9.023970 34.851967 25.082846
v -7.526966 52.832142 28.091011
v -9.952293 51.373199 26.690744
v 15.107483 51.354797 11.633707
v 23.541388 76.475632 -10.102971
v 22.782385 77.827454 -11.417604
v 4.467131 55.475105 26.071888
v -25.199324 20.013912 -1.583863
v -25.199324 117.446472 -1.583876
v -18.138725 117.740845 21.964296
v 25.199324 20.262169 -4.211853
v 25.199324 20.013912 -1.583863
v 25.199324 17.634174 -1.583860
v 25.199324 18.403896 -3.442131
v -4.467131 19.610834 26.071894
v -3.697409 17.752562 26.071896
v -1.839138 16.982841 26.071896
v 11.299839 38.641258 23.768871
v 7.526966 57.444824 28.091009
v 9.023970 56.365780 25.082842
v -4.467131 53.769707 28.091009
v 9.952293 57.472168 26.690744
v -25.199324 20.013912 1.583857
v -25.199324 117.446472 1.583839
v 8.161519 57.451977 27.724649
v -4.467131 22.130058 28.091015
v -4.467131 23.797989 26.071894
v 25.199324 17.634174 1.583855
v 25.199324 20.013912 1.583857
v 1.839138 16.982841 26.071896
v 14.736529 56.430195 21.784693
v 14.934440 44.692822 21.670431
v 20.564053 5.406933 20.564053
v 17.784134 48.587635 21.350138
v 18.138725 49.046501 21.964308
v -17.472128 119.599113 -22.349195
v -22.646770 119.626595 -16.956703
v 11.299848 56.391441 23.768862
v 4.467131 118.160988 -28.091038
v 4.467131 19.610826 -28.091022
v -28.091019 20.262169 4.211847
v -28.091019 117.509651 4.211831
v -25.199324 117.509651 4.211831
v -25.199324 20.262169 4.211847
v -15.862817 120.368835 -23.278332
v -23.575905 120.396317 -15.347393
v 7.526966 124.283997 -28.091038
v 25.199324 20.262169 4.211847
v 25.199324 18.403896 3.442126
v -25.074207 120.396317 -12.752255
v -25.079166 120.396317 -12.743665
v 3.697409 17.752562 26.071896
v -10.618892 119.599106 -26.305912
v -9.690569 119.599106 -24.698008
v 4.467131 19.610834 26.071894
v -8.404360 126.436615 -31.365520
v -22.961136 126.436623 -22.961157
v -21.279121 120.396317 -14.021342
v -22.782381 120.396317 -11.417616
v -26.008303 119.626595 -11.134356
v -11.299878 120.368828 -23.768873
v -12.228202 120.368828 -25.376778
v 19.965124 54.652393 16.297222
v -31.365499 126.436623 -8.404380
v -11.299877 117.741150 23.768835
v 20.157698 55.115662 15.963674
v -28.091019 119.367920 -3.442148
v -3.697409 120.019257 -28.091038
v 22.563623 78.217079 -11.796510
v 20.362387 77.823700 -9.705635
v 5.142389 56.714161 28.091009
v 4.467131 56.507256 28.091009
v 4.467131 56.094158 27.282892
v -28.091019 120.137642 -1.583877
v 22.782385 78.381081 -11.417604
v -1.839138 120.788979 -28.091038
v -31.365499 131.365875 -8.404381
v -21.115900 133.637772 -21.115921
v -22.961136 131.365875 -22.961157
v 24.096376 75.487160 -9.141701
v 23.574984 78.975281 -10.044781
v 21.440384 56.015999 17.148964
v 28.091019 72.248444 -7.526977
v 17.444912 77.793442 -4.627584
v 25.199324 71.966164 -4.211862
v -7.728957 133.637772 -28.844877
v -8.404360 131.365875 -31.365520
v 23.802229 79.145645 -9.651181
v 22.782381 20.003555 11.417593
v 23.526194 75.345261 10.129261
v 22.805305 77.025223 11.377877
v 26.393164 75.272415 -10.467751
v 28.091019 69.904671 -4.319551
v 19.965124 55.227161 16.297222
v 9.952293 117.740837 -26.690773
v 9.023970 117.740837 -25.082870
v 24.096376 79.366165 -9.141701
v 22.782381 17.375494 11.417594
v 23.711515 18.145216 9.808284
v 24.096376 20.003487 9.141685
v 22.782385 77.100029 11.417580
v 14.934433 56.432426 21.670433
v 25.199324 70.850250 -1.583870
v 20.564053 53.619030 20.564045
v 17.210400 56.458088 20.356403
v 25.199324 70.649788 -1.111769
v -28.844856 133.637772 -7.728977
v 21.462141 56.127682 17.161526
v 28.091019 69.858940 -4.211861
v 9.690568 18.172691 24.697987
v 11.299877 17.402971 23.768852
v 11.299829 20.030964 23.768879
v 28.091019 81.512375 -6.208319
v 21.540159 56.174614 17.206570
v 28.091019 81.231636 -7.526978
v 22.186937 79.043282 12.448927
v 21.279121 82.005943 14.021310
v 22.003498 56.758396 18.070852
v 11.299877 117.741135 -23.768873
v 20.245790 57.588238 20.747793
v 20.564053 57.591824 20.564043
v 24.947422 79.585747 -9.633052
v 26.393164 79.958778 -10.467751
v 26.892859 80.333389 -9.602255
v 18.138725 57.564476 21.964306
v -20.564053 124.284004 20.564034
v 16.106627 78.488464 1.031492
v 25.199324 81.339760 -1.845114
v -28.091019 120.137642 1.583838
v -28.091019 119.367920 3.442110
v -28.091019 124.284004 7.526946
v 4.467131 29.506794 26.071892
v 3.697409 120.019257 -28.091038
v 1.839138 120.788979 -28.091038
v 25.199324 70.272057 3.288667
v 25.199324 70.550690 4.211839
v 25.199324 80.835876 -4.211863
v 16.478535 79.840714 6.717642
v 28.091019 67.721016 4.211839
v 28.091019 68.697525 7.447264
v 25.199324 81.395378 -1.583871
v 9.690569 119.599106 -24.698008
v 25.199324 82.240242 2.384523
v 10.618892 119.599106 -26.305912
v 25.199324 82.069778 1.583845
v -26.393164 117.768318 10.467719
v -26.008303 119.626595 11.134317
v 28.091019 81.937424 -4.211864
v 28.091019 68.758392 7.526955
v 14.934400 117.740967 -21.670481
v 24.096376 74.016510 9.141677
v 12.228202 120.368828 -25.376778
v -25.079166 120.396317 12.743627
v 11.299878 120.368828 -23.768873
v 24.096376 117.768318 -9.141707
v 26.393164 72.715080 10.467727
v 25.199324 82.629280 4.211837
v -25.074207 120.396317 12.752217
v -22.782381 120.396317 11.417578
v 18.524227 81.717834 11.874267
v -21.279121 120.396317 14.021304
v -24.096376 117.768318 9.141669
v -9.023970 117.740852 25.082832
v 28.091019 83.730827 4.211837
v 8.404360 126.436615 -31.365520
v 20.564053 124.284004 -20.564072
v -31.365499 126.436623 8.404340
v 28.091019 83.932526 5.159237
v 17.210400 117.740845 -20.356432
v -23.575905 120.396317 15.347355
v 18.138725 117.740845 -21.964334
v 24.096376 83.258690 9.141675
v 23.632479 83.253036 9.945170
v 22.782385 83.242683 11.417578
v 22.251410 83.236214 12.337257
v 20.907160 83.219841 14.665566
v 21.279121 83.224373 14.021310
v 10.564756 144.297607 -39.428226
v 14.090527 143.785309 -36.805305
v 7.728957 133.637772 -28.844877
v -22.646770 119.626595 16.956665
v -22.261909 117.768318 17.623262
v 17.472128 119.599113 -22.349195
v 15.862817 120.368835 -23.278332
v 8.404360 131.365875 -31.365520
v 22.961136 131.365875 -22.961157
v 28.091019 84.436615 7.526952
v 18.138725 117.740845 21.964296
v 22.961136 126.436623 -22.961157
v -22.961136 126.436623 22.961115
v -28.844856 133.637772 7.728934
v -31.365499 131.365875 8.404339
v -21.115900 133.637772 21.115879
v 14.810921 141.170959 -33.392265
v 26.393164 84.415932 10.467725
v 14.328803 144.297607 -37.255054
v 17.162766 140.260651 -30.990829
v 20.564053 124.284004 20.564034
v 13.913999 144.297607 -36.792835
v 13.691579 144.297607 -32.507534
v -17.210400 117.740845 20.356394
v -14.934400 117.740967 21.670443
v -16.543802 119.599113 20.741255
v -17.472128 119.599113 22.349157
v 22.646770 119.626595 -16.956703
v 22.261909 117.768318 -17.623301
v 21.115900 133.637772 -21.115921
v -22.961136 131.365875 22.961115
v -14.934492 120.368835 21.670389
v -15.862817 120.368835 23.278294
v 23.575905 120.396317 -15.347393
v 21.279121 117.768379 -14.021342
v 21.279121 120.396317 -14.021342
v 22.782387 117.768356 -11.417608
v 16.370117 144.297607 -28.992006
v 24.096376 117.768318 9.141669
v 19.965124 117.768318 -16.297251
v 22.782387 117.768356 11.417570
v 22.782381 120.396317 -11.417616
v 20.537859 141.042786 -29.938871
v -19.965124 117.768318 16.297213
v 25.079166 120.396317 -12.743665
v 25.074207 120.396317 -12.752255
v -11.299878 120.368843 23.768835
v -9.690569 119.599121 24.697969
v 28.091019 124.284004 -7.526986
v -10.405818 152.185730 -11.086216
v -28.429222 152.185730 -7.617611
v -10.405819 152.185745 11.086168
v 31.365499 126.436623 -8.404380
v -8.404360 126.436630 31.365479
v -28.429222 152.185730 7.617563
v 24.362223 143.686829 -30.762047
v -9.952293 117.740852 26.690735
v -10.618892 119.599121 26.305874
v 26.008303 119.626595 -11.134356
v 26.393164 117.768318 -10.467757
v 24.543583 144.297607 -30.515800
v 24.761660 144.297607 -31.231638
v -12.228202 120.368843 25.376740
v -7.526966 124.284012 28.091000
v 28.863447 144.297607 -28.863470
v 31.365499 131.365875 -8.404381
v -7.728957 133.637772 28.844835
v -16.543802 119.599113 -20.741293
v 14.985191 151.351059 -25.499626
v 14.130413 152.185730 -25.993134
v 14.821304 152.185730 -25.086353
v 16.127014 152.185730 -24.840395
v -20.349985 119.626595 -15.630653
v 3.016158 28.122021 26.071892
v 28.091019 119.367920 -3.442148
v 28.091019 117.509651 -4.211869
v -4.467131 118.161003 28.091000
v -3.697409 120.019272 28.091000
v -14.934492 120.368835 -21.670427
v 28.091019 120.137642 -1.583877
v -1.839138 120.788994 28.091000
v -20.811636 152.185730 20.811611
v -8.404360 131.365875 31.365479
v -23.711515 119.626595 -9.808306
v 28.844856 133.637772 -7.728977
v 10.405818 152.185730 -11.086216
v 10.405819 152.185730 11.086168
v 9.023970 117.740852 25.082832
v 11.299877 117.741150 23.768835
v 9.690569 119.599121 24.697969
v 9.952293 117.740852 26.690735
v 28.091019 120.137642 1.583838
v 28.091019 124.284004 7.526946
v 28.091019 119.367920 3.442110
v 28.091019 117.509651 4.211831
v 21.279121 117.768379 14.021304
v 21.279121 120.396317 14.021304
v 11.299878 120.368843 23.768835
v 22.782381 120.396317 11.417578
v 3.697409 120.019272 28.091000
v 7.526966 124.284012 28.091000
v 1.839138 120.788994 28.091000
v 4.467131 118.161003 28.091000
v -3.697409 120.019257 -26.071917
v 10.618892 119.599121 26.305874
v -25.199324 119.367920 -3.442148
v 25.074207 120.396317 12.752217
v 25.079166 120.396317 12.743627
v 26.393164 117.768318 10.467719
v 26.008303 119.626595 11.134317
v 12.228202 120.368843 25.376740
v -1.839138 120.788979 -26.071917
v -7.617589 152.185730 28.429197
v -25.199324 120.137642 -1.583877
v 22.646770 119.626595 16.956665
v 22.261909 117.768318 17.623262
v 17.472128 119.599113 22.349157
v 23.575905 120.396317 15.347355
v 15.862817 120.368835 23.278294
v -28.863447 144.297607 -28.863470
v -10.564756 144.297607 -39.428226
v -39.428204 144.297607 -10.564777
v 8.404360 126.436630 31.365479
v 1.839138 120.788979 -26.071917
v -25.199324 120.137642 1.583838
v 22.961136 126.436623 22.961115
v 31.365499 126.436623 8.404340
v -13.781531 144.297607 36.848179
v -12.832645 144.297607 38.118813
v -13.535344 143.609055 36.923740
v -25.199324 119.367920 3.442110
v 3.697409 120.019257 -26.071917
v -21.651060 144.297607 -21.651083
v -7.924839 144.297607 -29.575922
v -29.575899 144.297607 -7.924861
v 7.617589 152.185730 28.429197
v -1.663797 144.714630 29.575876
v -4.140879 150.990173 29.575874
v -4.935891 144.714630 27.367533
v 21.115900 133.637772 21.115879
v 31.365499 131.365875 8.404339
v 28.844856 133.637772 7.728934
v 22.961136 131.365875 22.961115
v 7.728957 133.637772 28.844835
v 8.404360 131.365875 31.365479
v -23.711515 119.626595 9.808268
v -39.428204 144.297607 10.564732
v 7.169003 142.113297 37.259548
v 9.390469 144.297607 39.428181
v 6.205129 144.297607 35.162750
v -21.651060 152.185730 -21.651085
v -7.924839 152.185730 -29.575924
v -29.575899 152.185730 -7.924862
v -1.839138 118.161194 26.071878
v -4.467131 118.161003 26.071878
v 14.934492 120.368835 -21.670427
v -29.575899 144.297607 7.924814
v 7.924839 144.297607 -29.575922
v -20.811636 152.185730 -20.811661
v -7.617589 152.185730 -28.429247
v -20.349985 119.626595 15.630615
v 16.543802 119.599113 -20.741293
v 25.199324 70.418396 1.583848
v -29.575899 152.185730 7.924813
v 7.924839 152.185730 -29.575924
v 25.199324 117.509651 -4.211869
v 7.617589 152.185730 -28.429247
v 20.349985 119.626595 -15.630653
v 17.210400 117.740845 20.356394
v 14.934400 117.740967 21.670443
v 25.199324 117.446472 -1.583876
v 25.199324 117.446472 1.583839
v -28.863447 144.297607 28.863424
v 25.199324 117.509651 4.211831
v 20.761368 144.297607 -28.164822
v -21.651060 144.297607 21.651037
v 23.711515 119.626595 -9.808306
v -21.651060 152.185730 21.651035
v 25.199324 120.137642 -1.583877
v 25.199324 119.367920 -3.442148
v -3.697409 120.019272 26.071878
v -1.839138 120.788994 26.071878
v 25.199324 120.137642 1.583838
v 1.839221 118.161087 26.071878
v 1.839138 120.788994 26.071878
v 25.199324 119.367920 3.442110
v 4.467131 118.161003 26.071878
v 3.697409 120.019272 26.071878
v 39.428204 144.297607 -10.564777
v 28.429222 152.185730 -7.617611
v 20.811636 152.185730 -20.811661
v 23.711515 119.626595 9.808268
v 19.965124 117.768318 16.297213
v 20.349985 119.626595 15.630615
v 14.934492 120.368835 21.670389
v 16.543802 119.599113 20.741255
v 21.651060 144.297607 -21.651083
v 29.575899 144.297607 -7.924861
v 21.651060 152.185730 -21.651085
v 29.575899 152.185730 -7.924862
v -11.483638 139.647903 33.567165
v -10.745963 136.891861 30.833509
v -12.528912 144.297607 29.133738
v -12.535015 144.297607 29.410797
v -7.924839 152.185730 29.575874
v -7.924839 148.824631 29.575874
v -9.887559 144.714630 28.442699
v 28.429222 152.185730 7.617563
v 39.428204 144.297607 10.564732
v 29.575899 144.297607 7.924814
v 29.575899 152.185730 7.924813
v -2.304485 136.218323 31.406864
v 5.497351 140.151505 35.311821
v 5.973243 144.297607 34.812645
v 5.612465 144.297607 34.597736
v -4.467131 115.634331 28.091000
v 7.924839 152.185730 29.575874
v 28.863447 144.297607 28.863424
v 10.564756 144.297607 39.428181
v 20.811636 152.185730 20.811611
v 21.651060 144.297607 21.651037
v 21.651060 152.185730 21.651035
v 7.924839 144.297607 29.575876
v -8.291150 135.751068 30.942968
v -4.327132 135.527481 30.720987
v -12.252459 144.297607 29.114414
v -9.688411 144.297607 28.557676
v -3.760670 135.437851 30.631996
v -1.828404 144.297607 29.575876
v -30.508364 10.293773 8.174689
v 8.174690 10.293767 -30.508366
v 8.707698 5.406925 -32.497570
v 7.526966 7.099728 -28.091019
v -28.091019 18.403896 3.442126
v 3.697409 17.752554 -28.091021
v -28.091019 7.099734 7.526965
v -34.147400 0.207639 9.149768
v 1.839138 16.982834 -26.071899
v -28.091019 17.634174 1.583855
v -25.199324 17.634174 1.583855
v -25.199324 18.403896 3.442126
v 1.839138 16.982832 -28.091021
v -28.091019 5.406931 7.526965
v 7.526966 5.406925 -28.091019
v -1.839138 16.982834 -26.071899
v 3.697409 17.752554 -26.071899
v -32.497570 5.406931 8.707697
v -25.199324 17.634174 -1.583860
v 9.149768 0.207632 -34.147400
v -9.690568 18.172684 -24.697990
v -28.091019 18.403896 -3.442131
v -28.091019 17.634174 -1.583860
v -11.299877 17.402964 -23.768856
v -1.839138 16.982832 -28.091021
v -3.697409 17.752554 -28.091021
v -25.199324 18.403896 -3.442131
v -20.349985 18.145212 -15.630637
v -22.646770 18.145212 -16.956686
v -21.279121 17.375490 -14.021326
v -10.618892 18.172684 -26.305895
v -26.008303 18.145212 -11.134339
v -3.697409 17.752554 -26.071899
v -23.575905 17.375490 -15.347377
v -12.228202 17.402964 -25.376760
v -25.079166 17.375490 -12.743649
v -17.472128 18.172684 -22.349178
v -15.862817 17.402964 -23.278315
v -22.782381 17.375490 -11.417600
v -23.711515 18.145212 -9.808290
v -28.091019 7.099731 -7.526967
v -30.508364 10.293771 -8.174691
v -20.564053 7.099730 -20.564053
v -14.934492 17.402964 -21.670410
v -22.333672 10.293768 -22.333673
v -8.174690 10.293767 -30.508366
v -16.543802 18.172684 -20.741276
v -7.526966 7.099728 -28.091019
v -28.091019 5.406929 -7.526966
v -7.526966 5.406925 -28.091019
v -23.789873 5.406926 -23.789873
v -8.707698 5.406925 -32.497570
v -24.997631 0.207634 -24.997631
v -9.149768 0.207632 -34.147400
v -32.497570 5.406929 -8.707699
v -34.147400 0.207636 -9.149768
v -20.564053 5.406927 -20.564053
vt 0.298618 0.129296
vt 0.284361 0.130916
vt 0.256786 0.118795
vt 0.325085 0.113508
vt 0.772992 0.119967
vt 0.773009 0.120073
vt 0.766108 0.121646
vt 0.762886 0.117069
vt 0.767990 0.113108
vt 0.756141 0.123379
vt 0.756023 0.116163
vt 0.758088 0.110908
vt 0.280210 0.147209
vt 0.271393 0.143680
vt 0.275457 0.135416
vt 0.281923 0.141533
vt 0.287005 0.138178
vt 0.711250 0.105868
vt 0.737263 0.114157
vt 0.289053 0.147344
vt 0.260412 0.194733
vt 0.273283 0.187333
vt 0.400583 0.074418
vt 0.327212 0.059516
vt 0.327619 0.037609
vt 0.404828 0.052785
vt 0.307862 0.131557
vt 0.739189 0.118063
vt 0.296792 0.137775
vt 0.727395 0.118906
vt 0.283771 0.192031
vt 0.285053 0.191270
vt 0.399278 0.290267
vt 0.389548 0.289025
vt 0.388389 0.291473
vt 0.308401 0.250834
vt 0.307179 0.249921
vt 0.298726 0.241706
vt 0.290846 0.234169
vt 0.288808 0.232207
vt 0.281657 0.225344
vt 0.279997 0.223740
vt 0.270768 0.221933
vt 0.259171 0.211100
vt 0.250206 0.203236
vt 0.265671 0.205919
vt 0.403347 0.290823
vt 0.302591 0.138453
vt 0.312661 0.137927
vt 0.305943 0.143287
vt 0.722802 0.126948
vt 0.740072 0.125604
vt 0.298658 0.146256
vt 0.294104 0.185837
vt 0.295383 0.185064
vt 0.701085 0.078166
vt 0.705879 0.092238
vt 0.632502 0.114265
vt 0.629450 0.100661
vt 0.148316 0.524893
vt 0.136749 0.147066
vt 0.148001 0.147153
vt 0.158889 0.522709
vt 0.157842 0.146822
vt 0.168199 0.521253
vt 0.732581 0.121412
vt 0.340467 0.132245
vt 0.336625 0.138274
vt 0.348978 0.130640
vt 0.699191 0.130841
vt 0.693344 0.124964
vt 0.682593 0.124193
vt 0.729963 0.126564
vt 0.689686 0.133472
vt 0.686521 0.129847
vt 0.679794 0.129971
vt 0.350502 0.145295
vt 0.342027 0.142605
vt 0.344749 0.137652
vt 0.350546 0.136266
vt 0.335917 0.162157
vt 0.347276 0.161089
vt 0.358189 0.159920
vt 0.305807 0.178729
vt 0.316019 0.172483
vt 0.318460 0.163073
vt 0.326693 0.156352
vt 0.333892 0.154898
vt 0.386764 0.153915
vt 0.395527 0.159442
vt 0.319332 0.216045
vt 0.365370 0.160074
vt 0.376423 0.160364
vt 0.378753 0.152474
vt 0.636031 0.126809
vt 0.666401 0.128681
vt 0.689423 0.032978
vt 0.694140 0.054657
vt 0.623379 0.078962
vt 0.617195 0.058219
vt 0.000000 0.142115
vt 0.016444 0.547390
vt 0.822819 0.472253
vt 0.698868 0.072051
vt 0.627827 0.094712
vt 0.397352 0.090957
vt 0.326198 0.077513
vt 0.396396 0.097283
vt 0.326002 0.083950
vt 0.804446 0.115177
vt 0.812198 0.471628
vt 0.655674 0.134110
vt 0.375186 0.138527
vt 0.367345 0.133965
vt 0.392572 0.125690
vt 0.394154 0.111361
vt 0.324988 0.098617
vt 0.650476 0.141867
vt 0.377873 0.145730
vt 0.377890 0.145840
vt 0.372937 0.148298
vt 0.413244 0.292348
vt 0.419519 0.293341
vt 0.404890 0.147350
vt 0.399702 0.152459
vt 0.413743 0.148202
vt 0.619710 0.150380
vt 0.609263 0.153498
vt 0.625818 0.153276
vt 0.679994 0.135362
vt 0.514341 0.165220
vt 0.565060 0.138829
vt 0.565378 0.155714
vt 0.514680 0.187611
vt 0.465510 0.104696
vt 0.471759 0.084015
vt 0.515795 0.116110
vt 0.514423 0.137850
vt 0.405362 0.178140
vt 0.404305 0.177169
vt 0.411436 0.162633
vt 0.422972 0.168280
vt 0.417907 0.192050
vt 0.668581 0.131869
vt 0.365003 0.139632
vt 0.555866 0.093028
vt 0.561642 0.114681
vt 0.669479 0.138437
vt 0.429348 0.155764
vt 0.455516 0.155452
vt 0.436972 0.162890
vt 0.582990 0.172188
vt 0.564520 0.173103
vt 0.593026 0.163747
vt 0.118595 0.558725
vt 0.106867 0.534231
vt 0.093221 0.144679
vt 0.103347 0.118843
vt 0.364775 0.148402
vt 0.117157 0.145638
vt 0.129900 0.529657
vt 0.439472 0.171822
vt 0.578186 0.180336
vt 0.427411 0.296703
vt 0.423501 0.293986
vt 0.372987 0.233839
vt 0.442590 0.298746
vt 0.440002 0.299276
vt 0.432229 0.298957
vt 0.099869 0.534744
vt 0.086069 0.145142
vt 0.291994 0.500415
vt 0.465448 0.180998
vt 0.474457 0.184492
vt 0.542283 0.206436
vt 0.550116 0.200950
vt 0.532030 0.216123
vt 0.516091 0.210169
vt 0.126927 0.146745
vt 0.139127 0.526952
vt 0.662555 0.135763
vt 0.459847 0.184835
vt 0.554798 0.201274
vt 0.528831 0.232004
vt 0.533045 0.225390
vt 0.530389 0.237343
vt 0.527772 0.241796
vt 0.660160 0.140551
vt 0.089991 0.536078
vt 0.075947 0.145345
vt 0.370620 0.142324
vt 0.486361 0.206346
vt 0.489353 0.200860
vt 0.494751 0.207013
vt 0.496441 0.212145
vt 0.442472 0.218346
vt 0.439830 0.215159
vt 0.434585 0.201642
vt 0.464819 0.189717
vt 0.459820 0.184934
vt 0.526068 0.229582
vt 0.491957 0.199258
vt 0.500327 0.208025
vt 0.190743 0.543292
vt 0.177598 0.520445
vt 0.167775 0.145945
vt 0.180327 0.120583
vt 0.524373 0.247555
vt 0.074396 0.539057
vt 0.059797 0.144794
vt 0.503897 0.215709
vt 0.302337 0.499533
vt 0.042764 0.143248
vt 0.049753 0.144061
vt 0.064715 0.541196
vt 0.057907 0.542830
vt 0.564784 0.131790
vt 0.461403 0.121293
vt 0.460237 0.127623
vt 0.030906 0.115236
vt 0.042774 0.143125
vt 0.048677 0.573002
vt 0.035279 0.547380
vt 0.019496 0.141378
vt 0.193672 0.147398
vt 0.201859 0.514779
vt 0.425505 0.248691
vt 0.457322 0.292777
vt 0.451029 0.293750
vt 0.447543 0.298230
vt 0.027122 0.547208
vt 0.011343 0.142126
vt 0.458554 0.142159
vt 0.204347 0.148945
vt 0.211716 0.512081
vt 0.500161 0.273282
vt 0.495519 0.269491
vt 0.502852 0.274421
vt 0.378124 0.293631
vt 0.370607 0.288719
vt 0.366312 0.283965
vt 0.357562 0.279020
vt 0.342662 0.271115
vt 0.333051 0.266103
vt 0.328646 0.269357
vt 0.321154 0.264864
vt 0.312528 0.255398
vt 0.385846 0.294342
vt 0.505234 0.282711
vt 0.506867 0.285720
vt 0.476734 0.260131
vt 0.447352 0.222298
vt 0.450141 0.224701
vt 0.463324 0.235522
vt 0.483747 0.255260
vt 0.505834 0.285385
vt 0.666621 0.315833
vt 0.672470 0.321295
vt 0.214193 0.148805
vt 0.220717 0.510062
vt 0.343785 0.494680
vt 0.334691 0.518196
vt 0.616921 0.160140
vt 0.608322 0.165120
vt 0.607158 0.160511
vt 0.613313 0.157909
vt 0.404675 0.157939
vt 0.408036 0.153975
vt 0.413897 0.154550
vt 0.226116 0.149096
vt 0.231612 0.508096
vt 0.397779 0.161380
vt 0.395040 0.168650
vt 0.596534 0.165535
vt 0.597476 0.170635
vt 0.426121 0.160095
vt 0.514264 0.156789
vt 0.102617 0.543501
vt 0.135734 0.537176
vt 0.461070 0.292307
vt 0.477170 0.290565
vt 0.804032 0.471598
vt 0.796244 0.115356
vt 0.246821 0.149949
vt 0.250836 0.507060
vt 0.240749 0.507483
vt 0.236005 0.150218
vt 0.093270 0.549415
vt 0.146363 0.539005
vt 0.588459 0.175725
vt 0.590399 0.170258
vt 0.162051 0.535736
vt 0.162104 0.535722
vt 0.431025 0.165059
vt 0.068175 0.545976
vt 0.062956 0.550950
vt 0.432070 0.171130
vt 0.124879 0.574588
vt 0.055591 0.593853
vt 0.148392 0.532851
vt 0.158986 0.529643
vt 0.074575 0.547829
vt 0.172440 0.529794
vt 0.194525 0.556667
vt 0.072853 0.553241
vt 0.375008 0.486204
vt 0.384664 0.483991
vt 0.207627 0.522227
vt 0.489066 0.291826
vt 0.478102 0.290673
vt 0.504859 0.287238
vt 0.505904 0.286939
vt 0.504116 0.292380
vt 0.495835 0.294151
vt 0.032404 0.556282
vt 0.647476 0.298920
vt 0.656665 0.306623
vt 0.662342 0.311816
vt 0.674110 0.323001
vt 0.664071 0.321304
vt 0.635885 0.293587
vt 0.430066 0.298307
vt 0.218233 0.524305
vt 0.672304 0.323782
vt 0.665666 0.326282
vt 0.663754 0.326938
vt 0.025775 0.561214
vt 0.140428 0.607905
vt 0.133876 0.594269
vt 0.201055 0.573666
vt 0.205230 0.585288
vt 0.505969 0.286420
vt 0.512277 0.283676
vt 0.524247 0.286615
vt 0.617972 0.297376
vt 0.628606 0.300310
vt 0.635606 0.293420
vt 0.631109 0.317952
vt 0.616036 0.296948
vt 0.078037 0.631988
vt 0.067590 0.617307
vt 0.539759 0.224494
vt 0.549303 0.305195
vt 0.542374 0.308177
vt 0.542150 0.308290
vt 0.780763 0.466864
vt 0.773780 0.465567
vt 0.646484 0.335000
vt 0.641832 0.334889
vt 0.661283 0.327817
vt 0.659179 0.330158
vt 0.652975 0.334572
vt 0.540099 0.216125
vt 0.544725 0.212576
vt 0.547312 0.212989
vt 0.468810 0.187230
vt 0.474870 0.190256
vt 0.471932 0.196535
vt 0.536003 0.310995
vt 0.526537 0.314833
vt 0.763869 0.463851
vt 0.505356 0.291818
vt 0.655518 0.333724
vt 0.234889 0.521144
vt 0.245415 0.515892
vt 0.262821 0.530141
vt 0.428079 0.204494
vt 0.808136 0.480424
vt 0.635905 0.335864
vt 0.627275 0.330476
vt 0.617441 0.330342
vt 0.602568 0.315832
vt 0.574127 0.292135
vt 0.584728 0.289179
vt 0.594471 0.296630
vt 0.598271 0.296039
vt 0.573990 0.314996
vt 0.616334 0.330356
vt 0.602865 0.329978
vt 0.599430 0.329698
vt 0.770508 0.469852
vt 0.776109 0.474034
vt 0.274290 0.504278
vt 0.279775 0.511373
vt 0.764152 0.471635
vt 0.554705 0.302668
vt 0.562838 0.296902
vt 0.573803 0.292278
vt 0.544491 0.316234
vt 0.747929 0.461478
vt 0.766181 0.476137
vt 0.289996 0.513626
vt 0.668503 0.447282
vt 0.290047 0.513618
vt 0.292551 0.506998
vt 0.303028 0.506756
vt 0.283071 0.501909
vt 0.720216 0.481295
vt 0.785528 0.508119
vt 0.716743 0.494104
vt 0.265350 0.542155
vt 0.336705 0.529386
vt 0.583836 0.332647
vt 0.591552 0.329297
vt 0.587389 0.332720
vt 0.527905 0.316870
vt 0.305432 0.511117
vt 0.737858 0.460445
vt 0.730732 0.460111
vt 0.558263 0.324002
vt 0.554156 0.323083
vt 0.546315 0.321144
vt 0.541324 0.320032
vt 0.531675 0.317711
vt 0.576423 0.332511
vt 0.565894 0.330880
vt 0.695787 0.573663
vt 0.708277 0.524060
vt 0.758756 0.591526
vt 0.746430 0.588883
vt 0.745958 0.587517
vt 0.741906 0.577687
vt 0.731863 0.571670
vt 0.719490 0.571862
vt 0.709157 0.576929
vt 0.707650 0.578138
vt 0.315796 0.506665
vt 0.320811 0.498833
vt 0.735535 0.468129
vt 0.745308 0.473139
vt 0.711859 0.511765
vt 0.341757 0.555150
vt 0.272886 0.568508
vt 0.269565 0.557629
vt 0.339742 0.544672
vt 0.529375 0.385242
vt 0.517364 0.386279
vt 0.745969 0.589835
vt 0.737045 0.595639
vt 0.353645 0.496424
vt 0.350333 0.492570
vt 0.359736 0.489962
vt 0.360423 0.496316
vt 0.348797 0.500292
vt 0.701491 0.462559
vt 0.706906 0.456493
vt 0.722259 0.597555
vt 0.358476 0.501072
vt 0.690950 0.463399
vt 0.677373 0.449061
vt 0.687466 0.451808
vt 0.688567 0.458611
vt 0.678006 0.455211
vt 0.558872 0.387628
vt 0.697155 0.453900
vt 0.551663 0.376033
vt 0.311520 0.498984
vt 0.675176 0.460108
vt 0.675124 0.460097
vt 0.382126 0.488816
vt 0.376401 0.492715
vt 0.646969 0.463646
vt 0.394119 0.714204
vt 0.271036 0.770495
vt 0.266115 0.700477
vt 0.324637 0.680146
vt 0.645444 0.475961
vt 0.407106 0.512164
vt 0.404850 0.498460
vt 0.391586 0.482629
vt 0.388012 0.490107
vt 0.664812 0.454750
vt 0.659373 0.447134
vt 0.707387 0.579484
vt 0.378677 0.495475
vt 0.644324 0.491970
vt 0.643326 0.503139
vt 0.410980 0.542036
vt 0.409560 0.529835
vt 0.097253 0.540841
vt 0.701579 0.640765
vt 0.703530 0.644747
vt 0.699553 0.645653
vt 0.696320 0.643118
vt 0.142027 0.531372
vt 0.422099 0.197026
vt 0.629981 0.441723
vt 0.635435 0.437967
vt 0.412923 0.474076
vt 0.418662 0.477432
vt 0.090671 0.544168
vt 0.619921 0.439569
vt 0.428354 0.474641
vt 0.374827 0.658800
vt 0.423924 0.639263
vt 0.165555 0.526933
vt 0.608578 0.748334
vt 0.658487 0.708729
vt 0.486301 0.424579
vt 0.482464 0.424529
vt 0.490266 0.415587
vt 0.492075 0.420441
vt 0.477205 0.431046
vt 0.482418 0.431339
vt 0.604057 0.432063
vt 0.577513 0.427748
vt 0.594340 0.424912
vt 0.589324 0.417045
vt 0.543294 0.371870
vt 0.543482 0.361994
vt 0.551123 0.382279
vt 0.454101 0.455619
vt 0.471576 0.455532
vt 0.445360 0.463782
vt 0.457493 0.447433
vt 0.024957 0.553165
vt 0.214403 0.516274
vt 0.553947 0.392226
vt 0.553982 0.392259
vt 0.566207 0.399043
vt 0.561814 0.398778
vt 0.490972 0.424176
vt 0.019111 0.557661
vt 0.220725 0.517475
vt 0.543788 0.381096
vt 0.537302 0.367252
vt 0.533687 0.350082
vt 0.514711 0.393994
vt 0.507572 0.404686
vt 0.167271 0.663408
vt 0.102560 0.704129
vt 0.231512 0.639450
vt 0.472646 0.468984
vt 0.528257 0.411851
vt 0.820638 0.480739
vt 0.232415 0.516048
vt 0.577805 0.443547
vt 0.395419 0.587174
vt 0.396371 0.586344
vt 0.396881 0.585925
vt 0.238388 0.512514
vt 0.814530 0.477359
vt 0.191885 0.698112
vt 0.141052 0.735704
vt 0.248287 0.671799
vt 0.478386 0.623077
vt 0.441792 0.589956
vt 0.436177 0.624324
vt 0.429327 0.595767
vt 0.580284 0.464836
vt 0.581299 0.479832
vt 0.527011 0.465147
vt 0.527228 0.443569
vt 0.473205 0.500388
vt 0.473179 0.487419
vt 0.286127 0.506329
vt 0.291099 0.617018
vt 0.467675 0.550363
vt 0.472139 0.556601
vt 0.466377 0.564445
vt 0.214024 0.724195
vt 0.168159 0.764459
vt 0.264203 0.696770
vt 0.428397 0.463681
vt 0.419670 0.469412
vt 0.747712 0.468585
vt 0.307779 0.651012
vt 0.742711 0.622561
vt 0.217585 0.727835
vt 0.173164 0.767718
vt 0.309082 0.503678
vt 0.740820 0.465850
vt 0.605233 0.296482
vt 0.322270 0.676500
vt 0.724976 0.649737
vt 0.626781 0.431663
vt 0.722234 0.653544
vt 0.694629 0.457453
vt 0.511044 0.392409
vt 0.502651 0.401116
vt 0.618288 0.427371
vt 0.607942 0.422647
vt 0.351261 0.598278
vt 0.599370 0.419176
vt 0.710486 0.589427
vt 0.363868 0.628285
vt 0.671330 0.452595
vt 0.373601 0.654648
vt 0.617712 0.434222
vt 0.623666 0.434469
vt 0.423327 0.471783
vt 0.429666 0.469311
vt 0.606948 0.428576
vt 0.441089 0.456252
vt 0.442566 0.461851
vt 0.601251 0.424030
vt 0.450274 0.451139
vt 0.448594 0.456746
vt 0.635173 0.563005
vt 0.627272 0.637474
vt 0.676277 0.643943
vt 0.555900 0.387621
vt 0.537531 0.347822
vt 0.539477 0.361140
vt 0.504550 0.404656
vt 0.510053 0.397806
vt 0.687071 0.607338
vt 0.630899 0.600234
vt 0.677531 0.639146
vt 0.627455 0.632747
vt 0.401178 0.572278
vt 0.404048 0.559674
vt 0.404171 0.602928
vt 0.403952 0.602191
vt 0.423695 0.634044
vt 0.422123 0.619782
vt 0.412733 0.605035
vt 0.572778 0.622600
vt 0.580385 0.541937
vt 0.576614 0.585369
vt 0.573623 0.617929
vt 0.434963 0.544278
vt 0.463363 0.544890
vt 0.465925 0.565179
vt 0.465023 0.565683
vt 0.411871 0.466720
vt 0.477519 0.618305
vt 0.528405 0.532022
vt 0.475218 0.555867
vt 0.526334 0.619044
vt 0.528237 0.578397
vt 0.526572 0.613835
vt 0.475966 0.586482
vt 0.412202 0.553089
vt 0.426448 0.545421
vt 0.405068 0.602766
vt 0.413236 0.602890
vt 0.428488 0.543619
vt 0.441139 0.587714
vt 0.255280 0.102317
vt 0.254170 0.085796
vt 0.240251 0.140180
vt 0.800165 0.106524
vt 0.252005 0.039923
vt 0.253412 0.061859
vt 0.003527 0.131487
vt 0.228753 0.135512
vt 0.225881 0.142176
vt 0.232737 0.144639
vt 0.253921 0.078936
vt 0.806598 0.109612
vt 0.214192 0.142659
vt 0.052670 0.138572
vt 0.059409 0.136638
vt 0.199517 0.139115
vt 0.210676 0.135116
vt 0.009613 0.127936
vt 0.016139 0.132697
vt 0.207421 0.144039
vt 0.129953 0.141672
vt 0.122722 0.137100
vt 0.136768 0.140013
vt 0.133595 0.133181
vt 0.047305 0.134620
vt 0.161660 0.137564
vt 0.009280 0.136086
vt 0.057039 0.130857
vt 0.150336 0.133761
vt 0.088097 0.136137
vt 0.077948 0.131918
vt 0.148301 0.139262
vt 0.154918 0.141956
vt 0.108409 0.087462
vt 0.180891 0.088596
vt 0.180959 0.104703
vt 0.106342 0.103389
vt 0.076327 0.136805
vt 0.034275 0.098656
vt 0.083129 0.139721
vt 0.041292 0.082701
vt 0.181160 0.081747
vt 0.042643 0.076084
vt 0.110866 0.040453
vt 0.110004 0.062394
vt 0.039651 0.058766
vt 0.039551 0.036887
vt 0.180967 0.064243
vt 0.180494 0.041859
vt 0.109369 0.080623
vt 0.829283 0.113291
vt 0.745881 0.716912
vt 0.764667 0.786678
vt 0.837611 0.473126
vt 0.835011 0.484381
vt 0.831609 0.491385
vt 0.816414 0.486537
vt 0.848933 0.511538
vt 0.847579 0.527147
vt 0.791888 0.492687
vt 0.842096 0.545847
vt 0.778629 0.527379
vt 0.836983 0.557765
vt 0.774296 0.540690
vt 0.829260 0.620886
vt 0.798479 0.649596
vt 0.780403 0.673952
vt 0.776674 0.676699
vt 0.815097 0.114573
vt 0.826413 0.101924
vt 0.808256 0.100449
vt 0.823033 0.094351
vt 0.812743 0.105668
vt 0.783228 0.094709
vt 0.839287 0.073976
vt 0.775865 0.079556
vt 0.835891 0.058680
vt 0.769478 0.063963
vt 0.828468 0.044867
vt 0.766979 0.057267
vt 0.826859 0.038763
vt 0.762469 0.040134
vt 0.827502 0.021308
vt 0.757917 0.018510
vt 0.823800 -0.000000
vn -0.716882 0.644515 0.265857
vn -0.588680 0.644515 0.487910
vn -0.906937 0.344109 0.243013
vn -0.663924 0.344109 0.663923
vn 0.935048 0.128201 -0.330530
vn 0.965927 -0.000000 -0.258814
vn 0.965927 -0.000000 -0.258814
vn 0.790567 0.548989 -0.271323
vn 0.766073 0.420285 -0.486305
vn 0.500000 -0.000001 -0.866025
vn 0.458931 0.731869 -0.503736
vn 0.487909 0.644518 -0.588678
vn -0.210589 0.145578 0.966674
vn -0.330530 0.128201 0.935048
vn -0.486309 0.420282 0.766072
vn -0.271323 0.548989 0.790566
vn -0.503735 0.731870 0.458930
vn 0.663924 0.344109 -0.663924
vn 0.243013 0.344109 -0.906936
vn 0.265855 0.644518 -0.716881
vn -0.866026 0.000000 0.500000
vn -0.945942 0.202362 0.253464
vn -0.331659 0.098533 0.938240
vn -0.166565 0.765399 0.621627
vn -0.455063 0.765399 0.455063
vn -0.671786 0.312102 0.671786
vn -0.245891 0.312102 0.917676
vn -0.906592 0.420282 0.038121
vn 0.206782 0.731870 -0.649313
vn -0.649313 0.731870 0.206782
vn 0.038117 0.420285 -0.906591
vn -0.211569 0.109853 0.971170
vn -0.302145 0.132566 0.943999
vn 0.263210 -0.859010 0.439116
vn 0.263210 -0.859010 0.439116
vn 0.263210 -0.859010 0.439116
vn 0.263210 -0.859010 0.439116
vn 0.263210 -0.859010 0.439116
vn 0.263210 -0.859010 0.439116
vn 0.263210 -0.859010 0.439116
vn 0.263210 -0.859010 0.439116
vn 0.263210 -0.859010 0.439116
vn 0.263210 -0.859010 0.439116
vn 0.263210 -0.859010 0.439116
vn 0.263210 -0.859010 0.439116
vn 0.263210 -0.859010 0.439116
vn 0.263210 -0.859010 0.439116
vn 0.263210 -0.859010 0.439116
vn -0.820312 0.548989 -0.160312
vn -0.975040 0.128201 -0.181276
vn -0.942459 0.145578 -0.300962
vn -0.181272 0.128200 -0.975041
vn 0.500000 -0.000000 -0.866025
vn -0.866026 0.000000 0.500000
vn -0.866026 0.000000 0.500000
vn -0.866026 0.000000 0.500000
vn 0.663926 -0.344100 -0.663926
vn 0.707107 -0.000000 -0.707107
vn 0.965926 0.000000 -0.258819
vn 0.906940 -0.344100 -0.243014
vn -0.331659 0.098533 0.938240
vn -0.211569 0.109853 0.971170
vn -0.866025 -0.000000 -0.500001
vn -0.866026 -0.000000 -0.500000
vn -0.866025 0.000000 -0.500000
vn -0.866026 0.000000 -0.500000
vn -0.210589 0.145578 -0.966674
vn -0.210590 -0.145578 -0.966674
vn -0.160311 0.548990 -0.820311
vn -0.038117 0.420285 0.906591
vn 0.181272 0.128201 0.975041
vn -0.265855 0.644518 0.716880
vn 0.975040 0.128201 0.181276
vn 0.906592 0.420282 -0.038121
vn 0.716882 0.644515 -0.265858
vn -0.300961 0.145578 -0.942459
vn 0.942459 0.145578 0.300961
vn 0.820312 0.548989 0.160312
vn 0.649313 0.731870 -0.206782
vn -0.500000 0.000000 0.866025
vn 0.300961 0.145578 0.942459
vn 0.160311 0.548990 0.820311
vn -0.206782 0.731870 0.649313
vn 0.013333 0.866990 0.498147
vn 0.013333 0.866990 0.498147
vn -0.153503 0.800652 0.579131
vn -0.107207 0.822450 0.558644
vn 0.013333 0.866990 0.498147
vn 0.013333 0.866990 0.498147
vn 0.013333 0.866990 0.498147
vn 0.013333 0.866990 0.498147
vn 0.013333 0.866990 0.498147
vn 0.013333 0.866990 0.498147
vn 0.013333 0.866990 0.498147
vn 0.013333 0.866990 0.498147
vn 0.013333 0.866990 0.498147
vn 0.013333 0.866990 0.498147
vn 0.013333 0.866990 0.498147
vn 0.013333 0.866990 0.498147
vn -0.161567 0.796582 0.582540
vn -0.248680 0.762613 0.597144
vn -0.231881 0.769767 0.594718
vn -0.161567 0.796582 0.582540
vn -0.161567 0.796582 0.582540
vn -0.161567 0.796582 0.582540
vn 0.906937 0.344109 -0.243013
vn 0.588680 0.644515 -0.487910
vn 0.671786 0.312102 -0.671786
vn 0.455063 0.765399 -0.455063
vn 0.621627 0.765399 -0.166565
vn 0.917676 0.312102 -0.245891
vn 0.000000 -0.000001 -1.000000
vn -0.000000 -0.000001 -1.000000
vn -0.000000 0.000000 -1.000000
vn 0.000000 -0.000000 -1.000000
vn -0.866026 0.000000 0.500000
vn -0.500000 0.000000 0.866025
vn 0.301651 0.129218 0.944621
vn 0.450938 0.770266 -0.450938
vn 0.615993 0.770266 -0.165055
vn -0.165055 0.770266 0.615993
vn -0.450938 0.770266 0.450938
vn -0.243014 -0.344100 0.906940
vn -0.663926 -0.344100 0.663926
vn -0.731870 0.145578 -0.665713
vn -0.731870 -0.145578 -0.665713
vn -0.945472 0.122167 -0.301924
vn 0.486309 0.420282 -0.766072
vn -0.766073 0.420285 0.486305
vn -0.487909 0.644518 0.588678
vn -0.243013 0.344110 0.906936
vn -0.682824 0.259816 0.682823
vn -0.977253 0.109395 -0.181687
vn -0.258819 0.000000 0.965926
vn -0.707107 0.000000 0.707107
vn -0.977253 0.109395 -0.181687
vn -0.945472 0.122167 -0.301924
vn 0.330530 0.128201 -0.935048
vn -0.935048 0.128201 0.330530
vn -0.965927 0.000000 0.258814
vn -0.965927 -0.000000 0.258814
vn -0.682824 0.259816 0.682823
vn 0.181544 0.116094 0.976506
vn 0.263209 -0.859010 0.439116
vn 0.263209 -0.859010 0.439116
vn 0.263210 -0.859010 0.439116
vn 0.420282 0.420283 0.804192
vn 0.644509 0.128201 0.753772
vn 0.128202 0.644514 0.753768
vn 0.804191 0.420284 0.420284
vn 0.753765 0.644517 0.128202
vn 0.753773 0.128201 0.644509
vn 0.866026 -0.000000 -0.500000
vn 0.181544 0.116094 0.976506
vn 0.301651 0.129218 0.944621
vn 0.663926 -0.344100 0.663926
vn 0.906940 -0.344100 0.243014
vn 0.965926 0.000000 0.258819
vn 0.707107 0.000000 0.707107
vn 0.166565 0.765399 0.621627
vn 0.245891 0.312102 0.917676
vn 0.671786 0.312102 0.671786
vn 0.455063 0.765399 0.455063
vn 0.000000 0.000000 1.000000
vn 0.000000 0.000000 1.000000
vn 0.000000 0.000000 1.000000
vn 0.000000 0.000000 1.000000
vn 0.000000 0.000000 1.000000
vn 0.503735 0.731870 -0.458931
vn -0.458931 0.731870 0.503735
vn 0.917677 0.312102 0.245891
vn 0.621627 0.765399 0.166564
vn 0.866026 0.000000 -0.500000
vn -0.128202 0.644514 0.753768
vn 0.243013 0.344110 0.906936
vn -0.420282 0.420283 0.804192
vn 0.804191 0.420283 -0.420284
vn 0.906937 0.344109 0.243013
vn 0.753765 0.644517 -0.128203
vn -0.604591 -0.518595 -0.604590
vn 0.181272 -0.128200 -0.975041
vn 0.181272 0.128200 -0.975041
vn -0.663924 0.344109 -0.663924
vn -0.500000 -0.000000 0.866026
vn -0.975040 0.128201 0.181276
vn -0.975040 -0.128201 0.181276
vn -0.644509 0.128201 0.753772
vn 0.753773 0.128201 -0.644509
vn 0.263210 -0.859010 0.439116
vn 0.263210 -0.859010 0.439116
vn 0.263210 -0.859010 0.439116
vn 0.263210 -0.859010 0.439116
vn 0.263210 -0.859010 0.439116
vn 0.263210 -0.859010 0.439116
vn 0.300961 -0.145578 -0.942459
vn 0.300961 0.145578 -0.942459
vn -0.866026 0.000000 0.499999
vn -0.352108 0.124773 0.927605
vn -0.866026 0.000000 0.500000
vn 0.766073 0.420286 0.486305
vn 0.487909 0.644518 0.588678
vn 0.588680 0.644515 0.487909
vn 0.486309 0.420282 0.766072
vn 0.716882 0.644515 0.265857
vn 0.663924 0.344109 0.663923
vn -0.942459 0.145578 0.300962
vn -0.942460 -0.145578 0.300960
vn 0.271323 0.548989 -0.790566
vn 0.935048 0.128201 0.330530
vn 0.330530 0.128201 0.935048
vn 0.820312 0.548989 -0.160312
vn 0.649313 0.731870 0.206782
vn 0.866026 0.000000 0.500000
vn 0.942459 0.145578 -0.300962
vn 0.210589 0.145578 -0.966674
vn -0.500000 -0.000000 -0.866025
vn -0.500000 -0.000000 -0.866025
vn -0.790567 0.548989 0.271323
vn 0.500000 0.000000 0.866025
vn 0.206782 0.731870 0.649313
vn -0.160311 0.548990 0.820311
vn -0.300961 0.145578 0.942459
vn 0.252530 0.219108 0.942454
vn 0.085362 0.215869 0.972684
vn -0.646142 0.106979 0.755682
vn 0.965927 -0.000000 0.258814
vn 0.965927 0.000000 0.258814
vn 0.906592 0.420283 0.038121
vn 0.265855 0.644518 0.716880
vn 0.038117 0.420285 0.906591
vn -0.825886 -0.518594 -0.221296
vn -0.330531 -0.128201 -0.935048
vn -0.330530 0.128201 -0.935048
vn -0.906937 0.344108 -0.243013
vn 0.975040 0.128201 -0.181276
vn -0.965927 -0.000000 0.258814
vn -0.500000 0.000000 -0.866025
vn -0.500000 -0.000001 -0.866025
vn -0.181272 0.128201 0.975041
vn -0.866025 0.000000 0.500001
vn -0.866026 0.000000 0.500000
vn -0.866026 0.000000 0.500000
vn -0.965927 -0.000000 -0.258814
vn -0.966673 0.145576 -0.210597
vn -0.966674 -0.145578 -0.210589
vn -0.935046 -0.128201 -0.330534
vn -0.965927 0.000000 -0.258814
vn 0.615993 0.770266 0.165055
vn 0.165055 0.770266 0.615993
vn 0.243014 -0.344100 0.906940
vn -0.243013 0.344109 -0.906936
vn -0.935048 0.128201 -0.330530
vn -0.221296 -0.518596 -0.825886
vn 0.644509 -0.128201 -0.753772
vn 0.644509 0.128201 -0.753772
vn -0.753773 0.128201 0.644509
vn -0.753773 -0.128201 0.644508
vn -0.500000 -0.000000 0.866026
vn -0.966315 -0.004811 0.257318
vn 0.263210 -0.859010 0.439116
vn 0.263210 -0.859010 0.439116
vn 0.263210 -0.859010 0.439116
vn 0.263210 -0.859010 0.439116
vn 0.731869 -0.145578 -0.665714
vn 0.731870 0.145578 -0.665713
vn -0.965548 -0.002410 0.260216
vn -0.966315 -0.004811 0.257318
vn 0.258819 0.000000 0.965926
vn -0.665709 0.145579 0.731873
vn -0.665716 -0.145577 0.731867
vn -0.229148 0.056555 0.971747
vn -0.303629 0.061338 0.950814
vn -0.182529 0.052422 0.981802
vn 0.263209 -0.859010 0.439117
vn 0.263209 -0.859010 0.439117
vn 0.263209 -0.859010 0.439117
vn 0.263209 -0.859010 0.439117
vn 0.263209 -0.859010 0.439117
vn 0.263209 -0.859010 0.439117
vn 0.263209 -0.859010 0.439117
vn 0.263209 -0.859010 0.439117
vn 0.263209 -0.859010 0.439117
vn 0.263209 -0.859010 0.439117
vn -0.736791 0.569104 0.365046
vn -0.736792 0.569104 0.365046
vn -0.666027 0.601321 0.441386
vn -0.618335 0.617667 0.485952
vn -0.736792 0.569104 0.365046
vn -0.736791 0.569104 0.365046
vn -0.736791 0.569104 0.365046
vn -0.736791 0.569104 0.365046
vn -0.736791 0.569104 0.365046
vn -0.736792 0.569104 0.365046
vn -0.749754 0.564395 0.345438
vn -0.767681 0.557035 0.316824
vn 0.532813 -0.091921 -0.841226
vn 0.866026 0.000000 -0.499999
vn -1.000000 0.000000 0.000000
vn -1.000000 0.000000 0.000000
vn -0.703019 0.107370 0.703019
vn 0.182459 0.059263 0.981426
vn 0.181272 -0.128200 0.975041
vn -0.604591 -0.518594 0.604590
vn 0.665709 0.145579 0.731873
vn 1.000000 0.000000 0.000000
vn 0.665713 0.731870 0.145578
vn 0.630255 0.548989 0.548989
vn 0.731870 0.145578 0.665713
vn 0.548989 0.548989 0.630255
vn 0.145578 0.731870 0.665713
vn -1.000000 -0.000000 -0.000000
vn -1.000000 0.000000 0.000000
vn 0.646337 0.124874 0.752765
vn 0.733135 0.133438 0.666864
vn 0.665713 0.731870 -0.145578
vn 1.000000 -0.000000 -0.000000
vn -0.145578 0.731870 0.665713
vn 0.450938 0.770266 0.450938
vn 0.733135 0.133438 0.666864
vn -0.038116 -0.420285 -0.906591
vn -0.906593 -0.420281 -0.038119
vn 0.263209 -0.859010 0.439115
vn 0.263209 -0.859010 0.439115
vn 0.263209 -0.859010 0.439116
vn -0.644509 -0.128201 -0.753772
vn -0.644509 0.128201 -0.753772
vn -0.753773 0.128201 -0.644509
vn -0.753773 -0.128201 -0.644508
vn -0.665716 -0.145578 -0.731867
vn -0.665709 0.145578 -0.731873
vn -0.265854 -0.644518 -0.716881
vn -0.716883 -0.644514 -0.265856
vn 0.221296 -0.518596 -0.825886
vn 0.665709 0.145578 -0.731873
vn 0.630255 0.548989 -0.548990
vn -0.612378 -0.707101 -0.353555
vn -0.588676 -0.644522 -0.487906
vn -0.548989 0.548989 0.630255
vn -0.790567 -0.548988 -0.271322
vn -0.766072 -0.420286 -0.486307
vn -0.731870 0.145578 0.665713
vn -0.631142 -0.450910 -0.631142
vn -0.231014 -0.450910 -0.862156
vn -0.649314 -0.731869 -0.206783
vn -0.503737 -0.731868 -0.458932
vn -0.458931 -0.731870 -0.503735
vn -0.486309 -0.420282 -0.766072
vn -0.862156 -0.450910 -0.231014
vn -0.487909 -0.644518 -0.588678
vn -0.500000 0.000000 0.866025
vn -0.500000 -0.000000 0.866025
vn -0.968625 -0.046013 0.244231
vn -0.966674 -0.145578 0.210589
vn -0.500000 -0.000000 0.866025
vn -0.804191 -0.420284 0.420283
vn 0.263209 -0.859010 0.439116
vn 0.263209 -0.859010 0.439116
vn 0.263209 -0.859010 0.439116
vn 0.263209 -0.859010 0.439116
vn 0.263209 -0.859010 0.439116
vn 0.263209 -0.859010 0.439116
vn 0.263209 -0.859010 0.439116
vn 0.420282 -0.420283 -0.804192
vn 0.384191 0.745440 0.544717
vn 0.384191 0.745440 0.544717
vn 0.384191 0.745440 0.544717
vn 0.384191 0.745440 0.544717
vn 0.384191 0.745440 0.544717
vn 0.384191 0.745440 0.544717
vn 0.497649 0.764441 0.409849
vn 0.531987 0.765446 0.362054
vn 0.263211 -0.859007 0.439121
vn -0.753765 -0.644517 0.128203
vn 0.349138 -0.916531 0.195127
vn 0.349136 -0.916530 0.195130
vn 0.349136 -0.916530 0.195130
vn 0.349136 -0.916530 0.195130
vn 0.349138 -0.916531 0.195127
vn 0.128201 -0.644514 -0.753768
vn -0.706750 0.031746 -0.706751
vn -0.650938 0.390588 -0.650938
vn -0.889198 0.390589 -0.238260
vn -0.965439 0.031746 -0.258689
vn -0.859723 0.494801 0.126681
vn -0.859723 0.494801 0.126681
vn -0.859723 0.494801 0.126681
vn -0.859723 0.494801 0.126681
vn 0.557045 0.764422 0.324592
vn 0.557045 0.764422 0.324592
vn 0.557045 0.764422 0.324592
vn 0.617480 0.763458 0.189340
vn 0.633136 0.759858 0.147495
vn -0.258689 0.031746 -0.965439
vn -0.238260 0.390588 -0.889198
vn 0.866025 0.000000 0.500000
vn 0.541456 -0.090141 0.835883
vn 0.859531 -0.002554 0.511077
vn 0.866026 0.000000 0.500000
vn 0.935046 -0.128201 -0.330534
vn 0.966674 -0.145578 -0.210589
vn 0.349138 -0.916530 0.195127
vn 0.349138 -0.916530 0.195129
vn 0.349138 -0.916530 0.195129
vn 0.349138 -0.916530 0.195127
vn 0.349138 -0.916531 0.195127
vn 0.349138 -0.916531 0.195127
vn 0.503735 0.731870 0.458931
vn 0.271323 0.548989 0.790566
vn 0.210589 0.145578 0.966674
vn 0.790567 0.548989 0.271323
vn 0.458931 0.731870 0.503735
vn 0.500000 -0.000000 0.866025
vn 0.866026 0.000000 0.500000
vn 0.866025 0.000000 0.500000
vn 0.500000 -0.000000 -0.866025
vn 0.263209 -0.859011 0.439114
vn 0.263209 -0.859011 0.439114
vn 0.263209 -0.859011 0.439114
vn 0.349139 -0.916530 0.195127
vn -0.753765 -0.644517 -0.128203
vn -0.804191 -0.420284 -0.420283
vn -0.825886 -0.518594 0.221296
vn -0.734688 0.116789 0.668276
vn -0.646142 0.106979 0.755682
vn -0.420282 -0.420283 -0.804192
vn -0.128201 -0.644514 -0.753768
vn 0.349138 -0.916530 0.195130
vn 0.349138 -0.916530 0.195130
vn 0.349138 -0.916530 0.195130
vn 0.349138 -0.916530 0.195130
vn -0.247691 0.290080 0.924393
vn -0.965548 -0.002410 0.260216
vn 0.668800 0.676827 -0.307591
vn 0.683674 0.698660 -0.210868
vn 0.683674 0.698660 -0.210868
vn 0.680650 0.725734 -0.100131
vn 0.679913 0.727787 -0.089691
vn 0.663824 0.670025 -0.332270
vn 0.349138 -0.916530 0.195130
vn 0.349138 -0.916530 0.195130
vn 0.349138 -0.916530 0.195129
vn 0.349138 -0.916530 0.195129
vn 0.790568 -0.548987 -0.271322
vn 0.766072 -0.420285 -0.486307
vn -0.330531 -0.128201 0.935048
vn -0.486309 -0.420282 0.766072
vn 0.458932 -0.731869 -0.503735
vn 0.620015 0.616919 -0.484759
vn 0.625051 0.620353 -0.473787
vn 0.625051 0.620353 -0.473787
vn 0.625051 0.620353 -0.473787
vn 0.625051 0.620353 -0.473787
vn 0.605220 0.606666 -0.515427
vn 0.500000 -0.000000 -0.866025
vn 0.487910 -0.644518 -0.588678
vn -0.588676 -0.644522 0.487906
vn 0.381972 -0.067501 -0.921705
vn 0.513547 -0.095813 -0.852696
vn 0.210590 -0.145578 -0.966674
vn 0.212752 -0.031532 -0.976597
vn -0.950153 0.179980 0.254593
vn -0.332177 0.081294 0.939707
vn 0.212816 -0.019867 -0.976890
vn -0.612379 -0.707101 0.353555
vn -0.503737 -0.731868 0.458932
vn -0.649314 -0.731869 0.206783
vn -0.332177 0.081294 0.939707
vn -0.211947 0.092370 0.972906
vn -0.210590 -0.145578 0.966674
vn 0.967506 -0.022115 0.251880
vn 0.962604 -0.019668 0.270196
vn 0.604591 -0.518595 -0.604590
vn 0.231014 -0.450910 -0.862156
vn 0.631142 -0.450910 -0.631142
vn -0.862156 -0.450910 0.231014
vn -0.631142 -0.450910 0.631142
vn 0.967506 -0.022115 0.251880
vn 0.500000 -0.000000 0.866025
vn 0.349138 -0.916530 0.195129
vn 0.349138 -0.916530 0.195129
vn 0.349138 -0.916530 0.195129
vn 0.349138 -0.916530 0.195129
vn 0.333233 -0.016887 -0.942693
vn 0.212816 -0.019867 -0.976890
vn 0.958252 -0.125805 -0.256763
vn 0.333233 -0.016887 -0.942693
vn 0.490111 0.521048 -0.698785
vn 0.490111 0.521048 -0.698785
vn 0.490111 0.521048 -0.698785
vn 0.490111 0.521048 -0.698785
vn -0.716884 -0.644514 0.265856
vn -0.300961 -0.145578 -0.942459
vn -0.211947 0.092370 0.972906
vn -0.247691 0.290080 0.924393
vn 0.646337 0.124874 0.752765
vn 0.496256 0.171399 0.851089
vn -0.181272 -0.128201 -0.975041
vn 0.349138 -0.916530 0.195130
vn 0.349138 -0.916530 0.195130
vn 0.349138 -0.916530 0.195130
vn 0.349138 -0.916530 0.195130
vn 0.349138 -0.916530 0.195130
vn 0.349138 -0.916530 0.195130
vn 0.349138 -0.916530 0.195130
vn 0.349138 -0.916530 0.195130
vn 0.667052 0.331787 -0.667053
vn 0.706750 0.031746 -0.706751
vn 0.258689 0.031746 -0.965439
vn 0.244158 0.331787 -0.911210
vn 0.337793 0.338445 -0.878266
vn 0.338633 0.324446 -0.883211
vn 0.392280 0.252963 -0.884379
vn 0.471611 0.227939 -0.851837
vn 0.547810 0.249902 -0.798406
vn 0.587341 0.322268 -0.742411
vn 0.584505 0.338888 -0.737230
vn -0.906593 -0.420281 0.038119
vn -0.975040 -0.128201 -0.181276
vn 0.500000 0.000000 0.866025
vn 0.038117 -0.420285 -0.906591
vn 0.265855 -0.644518 -0.716880
vn 0.650938 0.390589 -0.650938
vn 0.238260 0.390588 -0.889198
vn -0.706750 0.031747 0.706751
vn -0.965439 0.031747 0.258689
vn -0.889198 0.390589 0.238260
vn -0.650938 0.390589 0.650938
vn 0.760042 -0.002587 0.649869
vn 0.672852 -0.009320 0.739718
vn 1.000000 0.000000 0.000000
vn 0.672852 -0.009320 0.739718
vn 0.614159 0.005222 0.789165
vn 0.707107 0.000770 0.707106
vn 0.604591 -0.518594 0.604590
vn -0.181272 -0.128200 0.975041
vn -0.182698 0.029943 0.982713
vn 0.723678 0.233556 0.649416
vn 0.723678 0.233556 0.649416
vn 0.723678 0.233556 0.649416
vn 0.944676 0.324320 0.049030
vn 0.944676 0.324320 0.049030
vn 0.944676 0.324320 0.049030
vn 0.944676 0.324320 0.049030
vn 0.160310 -0.548990 0.820312
vn 0.300961 -0.145578 0.942459
vn -0.500000 -0.000000 0.866025
vn -0.206782 -0.731870 0.649313
vn -0.038117 -0.420285 0.906591
vn -0.303629 0.061338 0.950814
vn 0.906593 -0.420281 -0.038119
vn 0.975040 -0.128201 0.181276
vn 0.723664 0.415091 -0.551371
vn 0.723664 0.415091 -0.551371
vn 0.723664 0.415091 -0.551371
vn 0.723664 0.415091 -0.551371
vn -0.265855 -0.644518 0.716881
vn 0.716884 -0.644514 -0.265856
vn 0.866026 0.000000 -0.499999
vn 0.866025 0.000000 -0.500001
vn 0.649314 -0.731869 -0.206783
vn 0.503737 -0.731868 -0.458932
vn 0.212659 -0.043224 0.976170
vn 0.210590 -0.145578 0.966674
vn 0.480168 -0.102318 0.871189
vn 0.942459 -0.145578 0.300961
vn 0.866026 0.000000 0.500000
vn 0.866026 0.000000 0.500000
vn 0.866026 0.000000 0.500000
vn -0.949727 0.077709 -0.303282
vn -0.942459 -0.145578 -0.300961
vn -0.182529 0.052422 0.981802
vn 0.706679 0.034795 0.706678
vn 0.612379 -0.707101 -0.353555
vn 0.588676 -0.644522 -0.487906
vn -0.790568 -0.548987 0.271322
vn -0.458932 -0.731869 0.503735
vn 0.825886 -0.518594 -0.221295
vn 0.672872 -0.005037 -0.739741
vn 0.760041 0.003097 -0.649868
vn -0.000000 1.000000 -0.000000
vn 0.000001 1.000000 -0.000000
vn -0.000003 1.000000 -0.000000
vn -0.000002 1.000000 -0.000000
vn 0.862156 -0.450910 -0.231014
vn -0.231014 -0.450910 0.862156
vn -0.221296 -0.518595 0.825886
vn -0.966674 -0.145578 0.210589
vn -0.935046 -0.128201 0.330534
vn -0.766072 -0.420285 0.486307
vn 0.486309 -0.420282 -0.766072
vn 0.330531 -0.128201 -0.935048
vn -0.887704 0.372618 -0.270438
vn -0.887704 0.372618 -0.270438
vn -0.887704 0.372618 -0.270438
vn -0.487910 -0.644517 0.588678
vn 0.889198 0.390589 -0.238260
vn 0.965439 0.031746 -0.258689
vn -0.258689 0.031746 0.965439
vn -0.238260 0.390588 0.889198
vn 0.160311 -0.548989 -0.820312
vn 0.333264 -0.010125 0.942779
vn 0.961492 -0.095705 0.257631
vn 0.723666 0.415094 -0.551367
vn 0.723665 0.415094 -0.551367
vn 0.723666 0.415094 -0.551367
vn -0.703019 0.107370 0.703019
vn -0.980852 0.068383 -0.182357
vn 0.164043 0.463393 -0.870837
vn 0.164043 0.463393 -0.870837
vn 0.164043 0.463393 -0.870837
vn -0.820312 -0.548989 0.160309
vn 0.212832 -0.015442 0.976967
vn -0.384493 0.706518 0.594137
vn -0.375004 0.710228 0.595776
vn -0.455410 0.675791 0.579576
vn -0.499561 0.662044 0.558693
vn -0.532938 0.650201 0.541494
vn 0.804191 -0.420284 0.420283
vn 0.753773 -0.128201 0.644508
vn 0.644509 -0.128201 0.753772
vn 0.420282 -0.420283 0.804192
vn 0.212832 -0.015442 0.976967
vn 0.333264 -0.010125 0.942779
vn -0.206782 -0.731870 -0.649313
vn 0.753765 -0.644517 0.128203
vn 0.128201 -0.644514 0.753768
vn -0.000001 1.000000 0.000000
vn -0.000000 1.000000 0.000000
vn -0.734688 0.116789 0.668276
vn -0.359115 0.059079 0.931422
vn -0.271324 -0.548989 -0.790566
vn 0.182459 0.059263 0.981426
vn 0.303476 0.069032 0.950335
vn 0.000001 1.000000 -0.000000
vn -0.000000 1.000000 -0.000000
vn 0.790567 -0.548988 0.271322
vn 0.966674 -0.145578 0.210589
vn 0.500000 0.000000 0.866025
vn 0.458931 -0.731869 0.503735
vn 0.935046 -0.128201 0.330534
vn 0.766072 -0.420286 0.486307
vn -0.500000 0.000000 0.866025
vn 0.303476 0.069032 0.950335
vn 0.753765 -0.644517 -0.128203
vn 0.825886 -0.518594 0.221296
vn 0.804191 -0.420284 -0.420283
vn 0.753773 -0.128201 -0.644508
vn 0.649314 -0.731869 0.206783
vn 0.866025 0.000000 0.500001
vn 0.503737 -0.731868 0.458932
vn -0.420282 -0.420283 0.804192
vn 0.221296 -0.518595 0.825886
vn -0.128201 -0.644514 0.753768
vn -0.644509 -0.128201 0.753772
vn 0.548989 -0.548990 -0.630255
vn -0.630255 -0.548989 0.548990
vn 0.612378 -0.707101 0.353556
vn 0.588676 -0.644522 0.487906
vn 0.330531 -0.128201 0.935048
vn 0.486309 -0.420282 0.766072
vn 0.487909 -0.644518 0.588678
vn 0.145577 -0.731870 -0.665713
vn -0.665713 -0.731870 0.145578
vn 0.716883 -0.644514 0.265856
vn 0.906593 -0.420281 0.038120
vn 0.975040 -0.128201 -0.181276
vn 0.038116 -0.420285 0.906592
vn 0.265854 -0.644518 0.716881
vn -0.667052 0.331787 -0.667053
vn -0.244158 0.331787 -0.911210
vn -0.911210 0.331787 -0.244158
vn 0.231014 -0.450910 0.862156
vn 0.631142 -0.450910 0.631142
vn 0.962604 -0.019668 0.270196
vn 0.252530 0.219108 0.942454
vn -0.145577 -0.731870 -0.665713
vn -0.665713 -0.731870 -0.145578
vn 0.862156 -0.450910 0.231014
vn -0.945942 0.202362 0.253464
vn -0.854451 0.118485 -0.505841
vn -0.950153 0.179980 0.254593
vn 0.782396 0.215623 -0.584264
vn 0.782396 0.215623 -0.584264
vn 0.782396 0.215623 -0.584264
vn -0.630255 -0.548989 -0.548989
vn -0.548989 -0.548990 -0.630255
vn -0.450938 0.770266 -0.450938
vn -0.165055 0.770266 -0.615993
vn -0.615993 0.770266 -0.165055
vn 0.000000 1.000000 -0.000000
vn -0.553523 0.144785 0.820153
vn -0.546258 -0.215619 0.809389
vn -0.553523 0.144785 0.820153
vn 0.889198 0.390589 0.238260
vn 0.965439 0.031746 0.258689
vn 0.706750 0.031747 0.706751
vn 0.650938 0.390589 0.650938
vn 0.258689 0.031746 0.965439
vn 0.238260 0.390588 0.889198
vn -0.958382 -0.041199 0.282500
vn -0.968625 -0.046013 0.244231
vn -0.271324 -0.548989 0.790566
vn -0.911210 0.331787 0.244158
vn -0.258596 0.041497 0.965094
vn -0.958382 -0.041199 0.282500
vn -0.980852 0.068383 -0.182357
vn -0.949727 0.077709 -0.303282
vn -0.957575 0.075836 -0.278028
vn -0.801410 0.190584 0.566939
vn -0.782387 0.215619 0.584276
vn -0.813400 0.173925 0.555095
vn -0.535400 0.653220 -0.535398
vn -0.195970 0.653220 -0.731368
vn -0.731370 0.653219 -0.195969
vn 0.000000 0.000000 1.000000
vn 0.000000 -0.000000 1.000000
vn 0.731870 -0.145578 0.665713
vn 0.738892 0.048166 0.672100
vn 0.206782 -0.731870 -0.649313
vn -0.615993 0.770266 0.165055
vn 0.165055 0.770266 -0.615993
vn 0.958252 -0.125805 -0.256763
vn 0.775778 -0.005828 0.630979
vn 0.760042 -0.002587 0.649869
vn 0.866026 0.000000 -0.499999
vn -0.000000 1.000000 -0.000000
vn 0.000000 1.000000 -0.000000
vn -0.820312 -0.548989 -0.160309
vn -0.160310 -0.548990 -0.820311
vn 1.000000 -0.000000 -0.000000
vn 1.000000 -0.000000 -0.000000
vn -0.731369 0.653219 0.195969
vn 0.195970 0.653220 -0.731368
vn 0.672872 -0.005037 -0.739741
vn 0.855124 -0.002940 -0.518414
vn 0.759588 -0.034677 0.649480
vn 0.665716 -0.145577 0.731867
vn 0.672442 -0.036139 0.739267
vn 0.968870 -0.054285 0.241545
vn 0.956650 -0.049234 0.287049
vn -0.000000 1.000000 0.000000
vn 0.820312 -0.548989 0.160309
vn -0.303989 0.037405 0.951941
vn -0.300961 -0.145578 0.942459
vn 0.500000 -0.000000 0.866025
vn 0.500000 0.000000 0.866025
vn 1.000000 -0.000000 -0.000000
vn 1.000000 -0.000000 -0.000000
vn 1.000000 -0.000000 -0.000000
vn 1.000000 -0.000000 -0.000000
vn -0.303989 0.037405 0.951941
vn -0.182698 0.029943 0.982713
vn -0.667052 0.331787 0.667053
vn 0.760041 0.003097 -0.649868
vn 0.967136 -0.093711 0.236362
vn 0.961492 -0.095705 0.257631
vn -0.313794 0.732028 0.604704
vn -0.313794 0.732028 0.604704
vn -0.313795 0.732028 0.604704
vn 0.672301 -0.041554 -0.739111
vn 0.665716 -0.145578 -0.731867
vn 0.759453 -0.039435 -0.649365
vn 0.164041 0.463389 -0.870840
vn 0.164041 0.463389 -0.870840
vn 0.164041 0.463389 -0.870840
vn 0.164041 0.463389 -0.870840
vn -0.450938 0.770266 0.450938
vn 0.271324 -0.548989 -0.790566
vn 0.866025 0.000000 0.500000
vn 0.212659 -0.043224 0.976170
vn 0.333000 -0.041034 0.942034
vn -0.472337 0.446614 -0.759891
vn -0.472336 0.446614 -0.759891
vn -0.472337 0.446614 -0.759891
vn -0.472337 0.446614 -0.759891
vn -0.535399 0.653220 0.535398
vn 0.333000 -0.041034 0.942034
vn 0.940238 -0.229086 0.251936
vn -0.595703 0.624180 0.505507
vn -0.595703 0.624180 0.505507
vn 0.665713 -0.731870 0.145578
vn 0.630255 -0.548989 0.548989
vn 0.548989 -0.548990 0.630256
vn 0.145577 -0.731870 0.665713
vn 0.665713 -0.731870 -0.145578
vn 0.000000 0.000000 1.000000
vn -0.145577 -0.731870 0.665713
vn 0.630255 -0.548989 -0.548989
vn 0.660241 0.748302 0.064234
vn -0.731870 -0.145578 0.665713
vn -0.548989 -0.548989 0.630256
vn 0.911210 0.331787 -0.244158
vn 0.000002 1.000000 -0.000000
vn -0.000000 1.000000 0.000000
vn 0.271324 -0.548989 0.790566
vn 0.942459 -0.145578 -0.300960
vn 0.820312 -0.548989 -0.160309
vn 0.206782 -0.731870 0.649314
vn -0.160311 -0.548989 0.820312
vn 0.450938 0.770266 -0.450938
vn 0.615993 0.770266 -0.165055
vn 0.535399 0.653220 -0.535399
vn 0.731369 0.653219 -0.195969
vn 0.949073 0.300165 0.095719
vn 0.970871 0.238648 0.021386
vn 0.970871 0.238648 0.021386
vn 0.957349 0.280046 0.071119
vn -0.195970 0.653220 0.731368
vn 0.000000 0.000000 1.000000
vn 0.000000 0.000000 1.000000
vn 0.924730 0.347640 0.154986
vn 0.924730 0.347640 0.154986
vn 0.198953 -0.347639 0.916278
vn -0.101958 0.681293 0.724875
vn -0.183425 0.705510 0.684552
vn 0.198953 -0.347639 0.916278
vn -0.739158 0.040015 0.672342
vn -0.492750 0.027296 0.869742
vn 0.333138 -0.029269 -0.942424
vn 0.257897 -0.030799 -0.965681
vn 0.212752 -0.031532 -0.976597
vn 0.000004 1.000000 -0.000000
vn 0.911210 0.331787 0.244158
vn -0.739158 0.040015 0.672342
vn -0.686653 0.035457 0.726120
vn -0.649529 0.032457 0.759644
vn 0.615993 0.770266 0.165055
vn 0.731370 0.653218 0.195969
vn 0.945951 -0.202315 -0.253467
vn 0.553380 -0.083261 -0.828757
vn 0.333138 -0.029269 -0.942424
vn -0.544809 0.213602 0.810899
vn -0.550088 0.161778 0.819287
vn -0.589301 0.162912 0.791318
vn -0.526586 0.188624 0.828932
vn -0.258596 0.041497 0.965094
vn 0.668506 0.082810 0.739082
vn 0.707107 0.000000 0.707107
vn 0.968870 -0.054285 0.241545
vn 0.725086 -0.021457 0.688324
vn 0.500000 -0.000000 0.866025
vn -0.649529 0.032457 0.759644
vn -0.499655 0.029205 0.865732
vn 0.258819 0.002034 0.965924
vn 0.195970 0.653220 0.731368
vn 0.500000 0.000000 0.866025
vn 0.997173 -0.003819 0.075041
vn 0.672442 -0.036139 0.739267
vn 0.956650 -0.049234 0.287049
vn 0.258819 0.002034 0.965924
vn 0.505800 -0.013744 0.862541
vn 0.667052 0.331787 0.667052
vn 0.244158 0.331787 0.911210
vn 0.945951 -0.202315 -0.253467
vn 0.759588 -0.034677 0.649480
vn 0.978517 -0.149890 0.141552
vn 0.000002 1.000000 -0.000000
vn 0.450938 0.770266 0.450938
vn 0.535400 0.653220 0.535398
vn 0.165055 0.770266 0.615993
vn 0.672301 -0.041554 -0.739111
vn 0.970453 -0.013156 -0.240931
vn 0.759453 -0.039435 -0.649365
vn 0.940238 -0.229086 0.251936
vn 0.888530 -0.098452 -0.448132
vn 0.668506 0.082810 0.739082
vn 0.711846 0.061536 0.699635
vn 0.738892 0.048166 0.672100
vn 0.067709 0.238649 0.968743
vn 0.067709 0.238649 0.968743
vn 0.175677 0.328741 0.927937
vn 0.117190 0.280423 0.952696
vn 0.067709 0.238649 0.968743
vn 0.866026 0.000000 -0.499999
vn 0.707107 0.000770 0.707106
vn 0.997701 0.030283 -0.060635
vn 0.706679 0.034795 0.706678
vn -0.203029 0.775009 0.598449
vn -0.209882 0.769916 0.602644
vn -0.183425 0.705510 0.684552
vn 0.198953 0.347638 0.916278
vn 0.198953 0.347638 0.916278
vn 0.198953 0.347638 0.916278
vn 0.198953 0.347638 0.916278
vn -0.546258 0.215619 0.809389
vn -0.546258 0.215619 0.809389
vn 0.356268 0.666014 -0.655361
vn 0.371862 0.679241 -0.632732
vn 0.406374 0.665631 -0.625936
vn 0.406374 0.665631 -0.625936
vn 0.252973 0.867497 -0.428314
vn 0.356268 0.666014 -0.655361
vn 0.951734 0.042806 -0.303923
vn 0.973376 0.035756 -0.226409
vn 0.974616 0.035110 -0.221113
vn 0.973656 0.035401 -0.225256
vn 0.951803 0.041081 -0.303945
vn -0.035407 0.774992 0.630978
vn -0.038582 0.780396 0.624094
vn -0.038582 0.780396 0.624094
vn 0.130576 0.575766 0.807121
vn 0.139222 0.565168 0.813144
vn 0.145118 0.548359 0.823556
vn 0.218391 0.333883 0.916966
vn -0.257724 0.091912 0.961837
vn -0.323520 0.126583 0.937716
vn -0.316028 0.206313 0.926046
vn -0.326821 0.318947 0.889641
vn -0.300486 0.336168 0.892580
vn -0.300486 0.336168 0.892580
vn -0.325421 0.369352 0.870448
vn -0.280162 0.701018 0.655807
vn -0.278488 0.710599 0.646138
vn -0.271240 0.716202 0.643027
vn -0.203029 0.775009 0.598449
vn 0.955656 -0.013005 0.294199
vn 0.951803 0.041081 -0.303945
vn 0.980453 0.036852 -0.193273
vn 0.951734 0.042806 -0.303923
vn 0.584505 0.338888 -0.737230
vn 0.581056 0.375143 -0.722248
vn 0.487195 0.570234 -0.661418
vn 0.378099 0.639357 -0.669526
vn 0.322087 0.559019 -0.764040
vn 0.328702 0.368628 -0.869522
vn 0.337793 0.338445 -0.878266
vn 0.218391 0.333883 0.916966
vn 0.180640 0.276615 0.943850
vn 0.150498 0.222240 0.963307
vn -0.074577 0.108651 0.991279
vn -0.124017 0.085199 0.988616
vn -0.141893 0.087616 0.985997
vn -0.965926 0.000000 0.258819
vn -0.906940 -0.344100 0.243014
vn 0.258819 -0.000000 -0.965926
vn 0.166565 0.765399 -0.621627
vn 0.245891 0.312102 -0.917677
vn 0.243014 -0.344100 -0.906940
vn -0.804191 0.420283 -0.420284
vn -0.420282 0.420282 -0.804192
vn -0.917677 0.312102 0.245891
vn -0.621627 0.765399 0.166564
vn -0.145578 0.731869 -0.665714
vn 0.145577 0.731864 -0.665720
vn -0.753765 0.644517 -0.128203
vn -0.665713 0.731870 -0.145578
vn -0.630255 0.548989 -0.548990
vn -0.128202 0.644514 -0.753768
vn -0.615993 0.770266 0.165055
vn 0.165055 0.770266 -0.615993
vn -0.548989 0.548989 -0.630256
vn -0.665713 0.731870 0.145578
vn -0.790567 0.548989 -0.271323
vn -0.458931 0.731869 -0.503736
vn -0.804191 0.420284 0.420284
vn -0.753765 0.644517 0.128202
vn 0.128202 0.644514 -0.753768
vn 0.420282 0.420282 -0.804192
vn -0.630255 0.548989 0.548990
vn -0.820312 0.548989 0.160312
vn -0.906592 0.420283 -0.038121
vn -0.649313 0.731870 -0.206782
vn -0.716882 0.644515 -0.265858
vn -0.766073 0.420285 -0.486305
vn -0.486309 0.420282 -0.766072
vn 0.548989 0.548989 -0.630256
vn -0.487909 0.644518 -0.588678
vn -0.588680 0.644515 -0.487910
vn -0.038117 0.420285 -0.906591
vn -0.265855 0.644518 -0.716881
vn -0.503735 0.731870 -0.458931
vn -0.271323 0.548989 -0.790566
vn -0.663926 -0.344100 -0.663926
vn -0.906940 -0.344100 -0.243014
vn -0.965926 0.000000 -0.258819
vn -0.707107 -0.000000 -0.707107
vn -0.206782 0.731870 -0.649313
vn -0.258819 -0.000000 -0.965926
vn 0.160311 0.548989 -0.820311
vn -0.243014 -0.344100 -0.906940
vn -0.615993 0.770266 -0.165055
vn -0.165055 0.770266 -0.615993
vn -0.671786 0.312102 -0.671786
vn -0.455063 0.765399 -0.455063
vn -0.166565 0.765399 -0.621627
vn -0.245891 0.312102 -0.917677
vn -0.621627 0.765399 -0.166565
vn -0.917676 0.312102 -0.245891
vn -0.450938 0.770266 -0.450938
s 1
g Colone group1
usemtl Colone_mat1
f 3/1/1 1/2/2 2/3/3 12/4/4
f 4/5/5 5/6/6 6/7/7
f 7/8/8 8/9/9 4/5/5 6/7/7
f 7/8/8 6/7/7 9/10/10 10/11/11
f 10/11/11 11/12/12 8/9/9 7/8/8
f 13/13/13 14/14/14 15/15/15 16/16/16
f 16/16/16 15/15/15 1/2/2 17/17/17
f 18/18/18 19/713/19 11/12/12 20/19/20
f 17/17/17 21/20/21 13/13/13 16/16/16
f 22/21/22 2/3/3 14/14/14 23/22/23
f 26/23/24 24/24/25 25/25/26 51/26/27
f 27/27/28 3/1/1 12/4/4
f 20/19/20 11/12/12 10/11/11 28/28/29
f 1/2/2 3/1/1 29/29/30 17/17/17
f 20/19/20 30/30/31 18/18/18
f 31/31/32 13/13/13 32/32/33
s 7
usemtl Cailloux_mat1
f 186/33/34 110/34/35 184/35/36 122/36/37 159/37/38 128/38/39 126/39/40 124/40/41 120/41/42 47/42/43 59/43/44 35/44/45 33/45/46 34/46/47 112/47/48
s 1
usemtl Colone_mat1
f 37/48/49 27/27/28 36/49/50 40/50/51
f 36/49/50 27/27/28 12/4/4
f 30/30/31 38/51/52 18/18/18
f 10/11/11 9/10/10 39/52/53 28/28/29
f 29/29/30 41/53/54 21/20/21 17/17/17
f 42/54/55 21/20/21 43/55/56
f 45/56/57 46/57/58 44/58/59 65/59/60
f 23/22/61 14/14/14 13/13/13 31/31/62
f 50/60/63 48/61/64 49/62/65 54/63/66
f 29/29/30 3/1/1 27/27/28 37/48/49
f 54/63/66 49/62/65 53/64/67 166/65/68
f 20/19/20 28/28/29 56/66/69 30/30/31
f 57/67/70 58/68/71 12/4/4
f 60/69/72 57/67/70 12/4/4
f 61/70/73 62/71/74 18/18/18
f 62/71/74 63/72/75 18/18/18
f 32/32/33 13/13/13 21/20/21 42/54/55
f 41/53/54 29/29/30 37/48/49 40/50/51
f 28/28/29 39/52/53 66/73/76 56/66/69
f 61/70/73 67/74/77 68/75/78 62/71/74
f 62/71/74 68/75/78 69/76/79 63/72/75
f 72/77/80 70/78/81 71/79/82 78/80/83
s 13
usemtl Cailloux_mat1
f 64/81/84 79/82/85 75/83/86 34/46/87 33/45/88 22/21/89 23/22/90 31/31/91 32/32/92 42/54/93 43/55/94 52/84/95 55/85/96 73/86/97 74/87/98 87/88/99
f 107/89/100 111/90/101 76/91/102 34/46/87 75/83/86 97/92/103 104/93/104 116/94/105
s 1
usemtl Colone_mat1
f 77/95/106 18/18/18 63/72/75 96/96/107
f 80/97/108 81/98/109 82/99/110 83/100/111
f 30/30/31 56/66/69 66/73/76 38/51/52
f 85/708/112 86/690/113 84/693/114 94/103/115
f 43/55/56 21/20/21 41/53/54 52/84/116
f 70/78/81 72/77/80 79/82/117 64/81/118
f 81/98/109 88/104/119 89/105/120 82/99/110
f 24/24/25 26/23/24 90/106/121 91/107/122
f 89/105/120 88/104/119 45/56/57 65/59/60
f 91/107/122 90/106/121 92/108/123 93/109/124
f 95/110/125 85/708/112 94/103/115 228/111/126
f 41/53/54 40/50/51 55/85/127 52/84/116
f 96/96/107 98/112/128 77/95/106
f 99/113/129 100/114/130 101/115/131
f 12/4/4 74/87/132 73/86/133 36/49/50
f 92/108/123 102/116/134 103/117/135 93/109/124
f 36/49/50 73/86/136 55/85/137 40/50/51
f 98/112/128 105/118/138 77/95/106
f 106/119/139 99/113/129 101/115/131
f 106/119/139 108/120/140 109/121/141
f 44/58/59 46/57/58 18/18/18 77/95/106
f 103/117/135 102/116/134 101/115/131 12/4/4
f 74/87/142 12/4/4 58/68/71 87/88/143
s 7
usemtl Cailloux_mat1
f 227/122/144 112/47/48 34/46/47 76/91/145 164/123/146
s 1
usemtl Colone_mat1
f 57/67/70 71/79/82 70/78/81 58/68/71
f 113/124/147 114/125/148 101/115/131
f 115/126/149 113/124/147 101/115/131
f 117/127/150 118/128/151 77/95/106
f 119/129/152 117/127/150 77/95/106
f 60/69/72 78/80/83 71/79/82 57/67/70
f 67/74/77 125/130/153 69/76/79 68/75/78
f 12/4/4 101/115/131 100/114/130 60/69/72
f 87/88/154 58/68/71 70/78/81 64/81/155
f 130/131/156 131/132/157 129/133/158 162/134/159
f 133/135/160 134/136/161 132/137/162 140/138/163
f 148/139/164 137/140/165 135/141/166 136/142/167 165/143/168
f 96/96/107 63/72/75 69/76/79 138/144/169
f 60/69/72 100/114/130 139/145/170 78/80/83
f 141/146/171 142/147/172 140/138/163 132/137/162
f 69/76/79 125/130/153 144/148/173 138/144/169
f 145/149/174 146/150/175 147/151/176
f 149/152/177 150/153/178 151/154/179
f 152/155/180 153/156/181 154/157/182 155/158/183
f 139/145/170 156/159/184 72/77/80 78/80/83
f 155/158/183 157/160/185 158/161/186 152/155/180
f 147/151/176 146/150/175 160/162/187
f 161/163/188 150/153/178 149/152/177
s 7
usemtl Cailloux_mat1
f 312/164/189 246/165/190 164/123/146 76/91/145 163/166/191 264/167/192 258/168/193 310/169/194
s 1
usemtl Colone_mat1
f 153/156/181 167/170/195 168/171/196 154/157/182
f 169/172/197 120/41/198 124/40/199
f 170/173/200 146/150/175 171/174/201
f 172/175/202 150/153/178 173/176/203
f 175/177/204 174/178/205 150/153/178 172/175/202
f 157/160/185 176/179/206 177/180/207 158/161/186
f 178/181/208 98/112/128 96/96/107 138/144/169
f 179/182/209 146/150/175 170/173/200
f 173/176/203 150/153/178 180/183/210
f 183/184/211 181/185/212 182/186/213 189/187/214
f 138/144/169 144/148/173 185/188/215 178/181/208
f 168/171/196 167/170/195 187/189/216 188/190/217
f 139/145/170 100/114/130 99/113/129 190/191/218
f 193/192/219 191/193/220 192/194/221 200/195/222
f 160/162/187 146/150/175 219/196/223 194/197/224 214/198/225
f 179/182/209 195/199/226 196/200/227
f 197/201/228 174/178/205 175/177/204
f 198/202/229 174/178/205 199/203/230
f 201/204/231 202/205/232 203/206/233 204/207/234
f 183/184/211 189/187/214 205/208/235 197/201/228
f 109/121/236 156/159/184 139/145/170 190/191/218
f 188/190/217 187/189/216 206/209/237 207/210/238
f 205/208/235 174/178/205 197/201/228
f 48/61/64 50/60/63 177/180/207 176/179/206
f 199/203/230 174/178/205 208/211/239
f 209/212/240 126/39/241 128/38/242
f 210/213/243 211/214/244 212/215/245 213/216/246
f 202/205/232 166/65/68 53/64/67 203/206/233
f 185/188/215 105/118/138 98/112/128 178/181/208
f 212/215/245 211/214/247 207/210/238 206/209/237
f 216/217/248 89/105/120 65/59/60 131/132/157
f 217/218/249 218/219/250 92/108/123 90/106/121
f 220/220/251 221/221/252 210/213/243 213/216/246 222/222/253
f 222/222/253 223/223/254 224/224/255 220/220/251
f 204/207/234 225/225/256 226/226/257 201/204/231
f 190/191/218 99/113/129 106/119/139 109/121/141
f 89/105/120 216/217/248 142/147/172 82/99/110
f 133/135/160 217/218/249 90/106/121 26/23/24
f 97/92/258 156/159/184 109/121/236 104/93/259
f 82/99/110 142/147/172 141/146/171 83/100/111
f 51/26/27 134/136/161 133/135/160 26/23/24
s 7
usemtl Cailloux_mat1
f 163/166/191 230/227/260 231/228/261 259/229/262 261/230/263 264/167/192
s 1
usemtl Colone_mat1
f 223/223/254 232/231/264 233/232/265 224/224/255
f 108/120/140 116/94/266 104/93/267 109/121/141
f 44/58/59 129/133/158 131/132/157 65/59/60
f 218/219/250 234/233/268 102/116/134 92/108/123
f 225/225/256 235/234/269 236/235/270 226/226/257
f 273/236/271 237/237/272 200/195/222 208/211/239 274/238/273
f 232/231/264 84/102/114 86/101/113 233/232/265
s 7
usemtl Cailloux_mat1
f 241/239/274 242/240/275 238/241/276 229/242/277 215/243/278 127/244/279 143/245/280 123/246/281 121/247/282 122/36/37 184/35/36 260/248/283
s 13
f 302/249/284 305/250/285 243/251/286 194/197/287 219/196/288 239/252/289 240/253/290 257/254/291 271/255/292 237/237/293 273/236/294 321/256/295
s 1
usemtl Colone_mat1
f 244/257/296 144/148/173 245/258/297
f 236/235/270 235/234/269 247/259/298 248/260/299
f 129/133/158 44/58/59 77/95/106 150/153/178
f 102/116/134 234/233/268 146/150/175 101/115/131
f 123/246/300 143/245/301 249/261/302 365/262/303
f 250/263/304 251/264/305 252/265/306 253/266/307
f 254/267/308 255/268/309 256/269/310 135/141/166
f 254/267/308 114/125/148 113/124/147 255/268/309
f 255/268/309 113/124/147 115/126/149 256/269/310
f 252/265/306 118/128/151 117/127/150 253/266/307
f 253/266/307 117/127/150 119/129/152 250/263/304
f 146/150/175 145/149/174 115/126/149 101/115/131
f 262/270/311 263/271/312 248/260/299 247/259/298
f 150/153/178 77/95/106 118/128/151 151/154/179
f 265/272/313 114/125/148 254/267/308 266/273/314
f 267/274/315 252/265/306 251/264/305 268/275/316
f 145/149/174 269/276/317 256/269/310 115/126/149
f 151/154/179 118/128/151 252/265/306 267/274/315
f 256/269/310 269/276/317 136/142/167 135/141/166
f 216/217/248 131/132/157 130/131/156 272/277/318
f 272/277/318 130/131/156 218/219/250 217/218/249
f 135/141/166 137/140/165 266/273/319 254/267/308
f 153/156/181 152/155/180 275/278/320
f 276/279/321 152/155/180 158/161/186
s 7
usemtl Cailloux_mat1
f 277/280/322 231/228/261 230/227/260 243/251/323 270/281/324
s 1
usemtl Colone_mat1
f 278/282/325 279/283/326 95/110/125 228/111/126
f 280/284/327 281/285/328 282/286/329 283/287/330
f 282/286/329 263/271/312 262/270/311 283/287/330
f 275/278/320 152/155/180 284/288/331
f 285/289/332 152/155/180 276/279/321
f 140/138/163 142/147/172 216/217/248 272/277/318
f 140/138/163 272/277/318 217/218/249 133/135/160
f 286/699/333 19/713/19 279/283/326 278/282/325
f 287/290/334 288/291/335 267/274/315 268/275/316
f 285/289/332 289/292/336 290/293/337 201/204/231 152/155/180
f 267/274/315 288/291/335 149/152/177 151/154/179
f 291/294/338 269/276/317 145/149/174 147/151/176
f 293/295/339 292/296/340 213/216/246 212/215/245
f 269/276/317 291/294/338 294/297/341 136/142/167
f 152/155/180 296/298/342 295/299/343 222/222/253
f 297/300/344 50/60/63 54/63/66 298/301/345
f 289/292/336 298/301/345 290/293/337
f 293/295/339 212/215/245 206/209/237 300/302/346
f 202/205/232 201/204/231 299/303/347
f 296/298/342 152/155/180 201/204/231 303/304/348
f 292/296/340 222/222/253 213/216/246
f 299/303/347 201/204/231 290/293/337
f 301/305/349 222/222/253 292/296/340
f 218/219/250 130/131/156 162/134/159 234/233/268
f 304/306/350 229/242/351 238/241/352 402/307/353
f 72/77/80 156/159/184 97/92/258 75/83/354 79/82/117
f 288/291/335 287/290/334 161/163/188 149/152/177
f 294/297/341 291/294/338 147/151/176 160/162/187
f 306/308/355 201/204/231 226/226/257
s 7
usemtl Cailloux_mat1
f 344/309/356 341/310/357 270/281/324 243/251/323 305/250/358 333/311/359 347/312/360 359/313/361 364/314/362
s 1
usemtl Colone_mat1
f 223/223/254 222/222/253 307/315/363
s 35
usemtl Cailloux_mat1
f 322/316/364 331/317/365 319/318/366 244/257/367 245/258/368 308/319/369 309/320/370 332/321/371
s 7
usemtl Colone_mat1
f 310/169/194 311/322/372 312/164/189
s 1
f 313/323/373 201/204/231 306/308/355
s 36
usemtl Cailloux_mat1
f 309/320/374 308/319/375 314/324/376 320/325/377 327/326/378
s 1
usemtl Colone_mat1
f 307/315/363 222/222/253 315/327/379
f 317/328/380 318/329/381 316/330/382 346/331/383
s 13
f 353/332/384 321/256/295 273/236/294 274/238/385 343/333/386 357/334/387
s 35
usemtl Cailloux_mat1
f 342/335/388 324/336/389 348/337/390 332/321/371 309/320/370 323/338/391 345/339/392
s 1
usemtl Colone_mat1
f 129/133/158 150/153/178 174/178/205 162/134/159
f 162/134/159 174/178/205 146/150/175 234/233/268
f 318/329/381 317/328/380 325/340/393 326/341/394
f 328/342/395 329/343/396 330/344/397 340/345/398
f 5/6/6 334/346/399 335/347/400 6/7/7
s 36
usemtl Cailloux_mat1
f 354/348/401 352/349/402 323/338/403 309/320/374 327/326/378 336/350/404 361/351/405 363/352/406
s 1
usemtl Colone_mat1
f 337/353/407 338/354/408 339/355/409 328/342/395
f 338/354/408 337/353/407 172/175/202 173/176/203
f 181/185/212 337/353/407 328/342/395 182/186/213
f 195/199/226 349/356/410 350/357/411 351/358/412
f 350/357/411 349/356/410 170/173/200 171/174/201
f 174/178/205 198/202/229 171/174/201 146/150/175
f 172/175/202 337/353/407 181/185/212 175/177/204
f 339/355/409 338/354/408 173/176/203 180/183/210
f 182/186/213 355/359/413 356/360/414
f 198/202/229 191/193/220 350/357/411 171/174/201
f 350/357/411 191/193/220 193/192/219 351/358/412
f 349/356/410 195/199/226 179/182/209 170/173/200
f 335/347/400 358/361/415 9/10/10 6/7/7
s 7
f 347/312/360 353/332/416 357/334/417 360/362/418 359/313/361
s 36
f 361/351/405 362/363/419 363/352/406
s 1
f 181/185/212 183/184/211 197/201/228 175/177/204
f 368/364/420 369/365/421 370/366/422
f 369/365/421 281/285/328 370/366/422
f 371/367/423 294/297/341 160/162/187 214/198/424
f 372/368/425 373/696/426 286/699/333
f 278/282/325 372/368/425 286/699/333
f 198/202/229 199/203/230 192/194/221 191/193/220
s 36
usemtl Cailloux_mat1
f 323/338/403 352/349/402 387/369/427 376/370/428 367/371/429 366/372/430
s 1
usemtl Colone_mat1
f 101/115/131 107/89/431 116/94/432 108/120/140 106/119/139
f 199/203/230 208/211/239 200/195/222 192/194/221
s 35
usemtl Cailloux_mat1
f 379/373/433 378/374/434 375/375/435 374/376/436 366/372/437 377/377/438
s 36
f 366/372/430 367/371/429 380/378/439 384/379/440 382/380/441 377/377/442
s 1
usemtl Colone_mat1
f 381/381/443 335/347/400 334/346/399 383/382/444
f 383/382/444 334/346/399 286/699/333
f 385/383/445 386/384/446 370/366/422
f 358/361/415 335/347/400 381/381/443 393/385/447
s 35
usemtl Cailloux_mat1
f 330/344/448 329/343/449 390/386/450 395/387/451 388/388/452 379/373/433 377/377/438 399/389/453
s 1
usemtl Colone_mat1
f 39/52/53 9/10/10 358/361/415 389/390/454
f 391/391/455 383/382/444 286/699/333
f 386/384/446 392/392/456 370/366/422
f 327/326/457 320/325/458 394/393/459 336/350/460
f 370/366/422 35/44/461 59/43/462 385/383/445
f 185/188/215 144/148/173 244/257/296 319/318/463
f 397/394/464 392/392/456 398/395/465
f 400/396/466 398/395/465 169/172/197 209/212/240
f 385/383/445 59/43/467 47/42/468 401/397/469
f 19/713/19 286/699/333 334/346/399 5/6/6 4/5/5
f 196/200/227 195/199/226 240/253/470 239/252/471
f 405/398/472 286/699/333 404/399/473 428/400/474
f 406/401/475 370/366/422 365/262/303 429/402/476
f 240/253/477 195/199/226 351/358/412 257/254/478
s 36
usemtl Cailloux_mat1
f 407/403/479 399/389/480 377/377/442 382/380/441 396/404/481 403/405/482
s 1
usemtl Colone_mat1
f 331/317/483 105/118/138 185/188/215 319/318/484
f 322/316/485 77/95/106 105/118/138 331/317/486
s 35
usemtl Cailloux_mat1
f 356/360/487 355/359/488 340/345/489 330/344/448 399/389/453 415/406/490
s 1
usemtl Colone_mat1
f 365/262/303 370/366/422 392/392/456 397/394/464 409/407/491
f 66/73/76 39/52/53 389/390/454 408/408/492
f 401/397/469 47/42/493 120/41/198 169/172/197
f 107/89/494 101/115/131 114/125/148 265/272/495 111/90/496
f 410/409/497 38/51/52 66/73/76 408/408/492
s 36
usemtl Cailloux_mat1
f 411/410/498 412/411/499 413/412/500 414/413/501 416/414/502 415/406/503 399/389/480 407/403/479 426/415/504 434/416/505
s 1
usemtl Colone_mat1
f 481/417/506 446/418/507 419/703/508 417/419/509 435/420/510 418/421/511 433/422/512 436/423/513 459/424/514 472/425/515 478/426/516
f 409/407/491 420/427/517 365/262/303
f 420/427/517 421/428/518 365/262/303
f 193/192/219 271/255/519 257/254/478 351/358/412
f 422/429/520 423/430/521 405/398/472
f 425/431/522 424/701/523 419/703/508 446/418/507
f 410/409/497 422/429/520 405/398/472
f 405/398/472 18/18/18 38/51/52 410/409/497
f 432/432/524 430/433/525 431/434/526 447/435/527
f 119/129/152 348/337/528 324/336/529 250/263/304
f 342/335/530 251/264/305 250/263/304 324/336/531
f 169/172/197 124/40/199 126/39/241 209/212/240
f 359/313/532 360/362/533 437/436/534 427/437/535 364/314/536
s off
f 418/421/537 435/420/538 438/438/539
usemtl Cailloux_mat1
f 418/421/540 438/438/541 439/439/542 433/422/543
s 1
usemtl Colone_mat1
f 442/440/544 440/441/545 441/442/546 448/443/547
f 249/261/302 443/444/548 365/262/303
f 200/195/222 237/237/549 271/255/519 193/192/219
f 444/445/550 445/446/551 405/398/472
s off
usemtl Cailloux_mat1
f 436/423/552 433/422/553 439/439/554 454/447/555
s 1
usemtl Colone_mat1
f 18/18/18 405/398/472 445/446/551 61/70/73
f 443/444/548 449/448/556 365/262/303
f 450/449/557 444/445/550 405/398/472
f 453/450/558 451/451/559 452/452/560 458/453/561
f 411/410/562 455/454/563 412/411/564
f 61/70/73 445/446/551 456/455/565 67/74/77
f 413/412/566 457/456/567 414/413/568
f 125/130/153 67/74/77 456/455/565 451/451/559
f 159/37/569 460/457/570 209/212/240 128/38/242
f 274/238/571 208/211/239 174/178/205 343/333/572
f 462/458/573 461/459/574 458/453/561
f 464/460/575 463/461/576 304/306/350 402/307/353
f 450/449/557 405/398/472 465/462/577 461/459/574 462/458/573
f 161/163/188 287/290/334 375/375/578 378/374/579
f 468/463/580 466/464/581 467/465/582 471/466/583
f 405/398/472 428/400/474 469/467/584 465/462/577
f 470/468/585 429/402/476 365/262/303 480/469/586
f 464/460/575 402/307/587 473/470/588 474/471/589
f 475/472/590 461/459/574 465/462/577
f 476/473/591 475/472/590 465/462/577
s off
f 477/474/592 478/426/593 472/425/594
s 1
f 479/475/595 474/471/589 480/469/586
f 474/471/589 473/470/588 480/469/586
f 482/476/596 425/431/522 446/418/507 501/477/597
f 483/478/598 432/432/524 447/435/527 499/479/599
f 484/480/600 167/170/195 153/156/181 275/278/320
f 395/387/601 180/183/210 150/153/178 388/388/602
s off
usemtl Cailloux_mat1
f 485/481/603 486/482/604 487/483/605
s 1
usemtl Colone_mat1
f 123/246/606 365/262/303 421/428/518 121/247/607
s off
usemtl Cailloux_mat1
f 487/483/608 488/484/609 485/481/610
s 1
usemtl Colone_mat1
f 276/279/321 158/161/186 177/180/207 489/485/611
f 339/355/409 390/386/612 329/343/396 328/342/395
s 13
usemtl Cailloux_mat1
f 163/166/613 148/139/614 165/143/615 490/486/616 230/227/617
s 1
usemtl Colone_mat1
f 491/487/618 492/488/619 465/462/577
f 493/489/620 494/490/621 480/469/586
f 390/386/622 339/355/409 180/183/210 395/387/623
f 495/491/624 484/480/600 275/278/320 284/288/331
f 187/189/216 167/170/195 484/480/600 495/491/624
f 496/492/625 491/487/618 465/462/577
f 285/289/332 276/279/321 489/485/611 297/300/344
f 494/490/621 497/493/626 480/469/586
f 468/463/580 471/466/583 498/494/627 529/495/628
f 177/180/207 50/60/63 297/300/344 489/485/611
f 300/302/346 206/209/237 187/189/216 495/491/624
f 301/305/349 300/302/346 495/491/624 284/288/331
f 294/297/341 371/367/629 490/486/630 165/143/168 136/142/167
f 500/496/631 166/65/68 202/205/232 299/303/347
f 328/342/395 340/345/398 355/359/413 182/186/213
f 285/289/332 297/300/344 298/301/345 289/292/336
f 222/222/253 301/305/349 284/288/331 152/155/180
f 293/295/339 300/302/346 301/305/349 292/296/340
f 298/301/345 500/496/631 299/303/347 290/293/337
f 298/301/345 54/63/66 166/65/68 500/496/631
f 249/261/302 143/245/632 127/244/633 440/441/545
f 296/298/342 318/329/381 326/341/394 295/299/343
f 296/298/342 303/304/348 316/330/382 318/329/381
f 503/497/634 502/498/635 466/691/581 468/692/580
f 506/499/636 504/500/637 505/501/638 514/502/639
f 507/503/640 504/500/637 506/499/636 521/504/641
f 215/243/642 441/442/546 440/441/545 127/244/643
f 508/505/644 509/506/645 510/507/646
f 510/507/646 509/506/645 511/508/647
f 513/509/648 512/510/649 457/456/567 515/511/650
f 516/512/651 517/513/652 518/514/653
f 519/515/654 517/513/652 516/512/651
f 520/516/655 232/231/264 223/223/254 307/315/363
f 236/235/270 522/517/656 306/308/355 226/226/257
f 521/504/641 517/513/652 507/503/640
f 523/518/657 515/511/650 524/519/658
f 525/520/659 509/506/645 526/521/660
f 527/522/661 517/513/652 521/504/641
f 526/521/660 509/506/645 524/519/658
f 528/523/662 84/102/114 232/231/264 520/516/655
f 528/523/662 520/516/655 307/315/363 315/327/379
f 522/517/656 530/524/663 313/323/373 306/308/355
f 530/524/663 522/517/656 236/235/270 248/260/299
f 523/518/657 524/519/658 509/506/645 437/436/534 534/525/664
f 531/526/665 437/436/534 532/527/666
f 427/437/535 437/436/534 533/528/667
f 534/525/664 437/436/534 531/526/665
f 533/528/667 437/436/534 535/529/668
f 317/328/380 536/530/669 537/531/670 325/340/393
f 317/328/380 346/331/383 538/532/671 536/530/669
f 229/242/351 304/306/350 441/442/546 215/243/642
f 539/533/672 517/513/652 437/436/534 542/534/673
f 146/150/175 179/182/209 196/200/227 239/252/674 219/196/675
f 540/535/676 94/103/115 84/693/114 528/694/662
f 530/524/663 541/536/677 368/364/420 313/323/373
f 263/271/312 541/536/677 530/524/663 248/260/299
f 315/695/379 373/696/426 540/535/676 528/694/662
f 542/534/673 437/436/534 509/506/645 543/537/678
f 313/323/373 368/364/420 370/366/422 201/204/231
f 222/697/253 286/699/333 373/696/426 315/695/379
f 2/3/3 22/21/679 33/45/680 35/44/681 370/366/422 281/285/328 280/284/327
s off
f 544/538/682 545/539/683 546/540/684
s 1
f 547/541/685 369/365/421 368/364/420 541/536/677
f 282/286/329 281/285/328 369/365/421 547/541/685
f 222/697/253 295/698/343 404/399/473 286/699/333
f 370/366/422 406/401/475 303/304/348 201/204/231
f 540/535/676 373/696/426 372/368/425 548/542/686
f 548/542/686 372/368/425 278/282/325 228/111/126
f 541/536/677 263/271/312 282/286/329 547/541/685
f 228/111/126 94/103/115 540/535/676 548/542/686
f 536/530/669 549/543/687 550/544/688 537/531/670
f 538/532/671 551/545/689 549/543/687 536/530/669
f 468/463/580 529/495/628 552/546/690 503/497/634
f 295/698/343 326/700/394 424/701/523 404/399/473
f 406/401/475 431/434/526 316/330/382 303/304/348
s 58
usemtl Cailloux_mat1
f 553/547/691 554/548/692 555/549/693
s 1
usemtl Colone_mat1
f 557/550/694 558/551/695 556/552/696 559/553/697
f 560/554/698 561/555/699 559/553/697 556/552/696
f 242/240/700 473/470/588 402/307/587 238/241/701
f 431/434/526 430/433/525 346/331/383 316/330/382
f 424/701/523 326/700/394 325/702/393 419/703/508
f 562/556/702 386/384/446 385/383/445 401/397/469
f 430/433/525 563/557/703 538/532/671 346/331/383
f 419/703/508 325/702/393 537/704/670 417/419/509
f 241/239/704 480/469/586 473/470/588 242/240/705
f 381/381/443 383/382/444 391/391/455 393/385/447
f 398/395/465 562/556/702 401/397/469 169/172/197
f 121/247/706 421/428/518 460/457/570 159/37/707 122/36/708
s 58
usemtl Cailloux_mat1
f 564/558/709 565/559/710 566/560/711
s 1
usemtl Colone_mat1
f 398/395/465 392/392/456 386/384/446 562/556/702
f 549/543/687 567/561/712 568/562/713 550/544/688
f 549/543/687 551/545/689 569/563/714 567/561/712
f 186/33/715 570/564/716 571/565/717 110/34/718
f 393/385/447 572/566/719 389/390/454 358/361/415
f 563/557/703 573/567/720 551/545/689 538/532/671
f 417/419/509 537/704/670 550/705/688 574/568/721
f 391/391/455 423/430/521 572/566/719 393/385/447
f 409/407/491 397/394/464 398/395/465 400/396/466
f 77/95/106 322/316/722 332/321/723 348/337/724 119/129/152
f 394/393/459 320/325/458 314/324/725 453/450/558
f 286/699/333 405/398/472 423/430/521 391/391/455
f 568/562/713 567/561/712 575/569/726 576/570/727
f 569/563/714 467/465/582 575/569/726 567/561/712
f 460/457/570 577/571/728 400/396/466 209/212/240
f 409/407/491 400/396/466 577/571/728 420/427/517
f 389/390/454 572/566/719 578/572/729 408/408/492
f 420/427/517 577/571/728 460/457/570 421/428/518
f 572/566/719 423/430/521 422/429/520 578/572/729
f 578/572/729 422/429/520 410/409/497 408/408/492
f 268/275/316 251/264/305 342/335/530 345/339/730 579/573/731
f 428/400/474 404/399/473 424/701/523 425/431/522
f 447/435/527 431/434/526 406/401/475 429/402/476
f 575/569/726 467/465/582 466/464/581 576/570/727
f 573/567/720 580/574/732 569/563/714 551/545/689
f 574/568/721 550/705/688 568/706/713 581/575/733
f 375/375/734 287/290/334 268/275/316 579/573/731 374/376/735
f 387/369/736 492/488/619 582/576/737 376/370/738
f 442/440/544 443/444/548 249/261/302 440/441/545
f 259/229/739 504/500/637 507/503/640 261/230/740
f 581/575/733 568/706/713 576/707/727 583/577/741
f 580/574/732 471/466/583 467/465/582 569/563/714
f 444/445/550 584/578/742 456/455/565 445/446/551
f 344/309/743 585/579/744 586/580/745 341/310/746
f 456/455/565 584/578/742 452/452/560 451/451/559
f 380/378/747 587/581/748 588/582/749 384/379/750
f 448/443/547 449/448/556 443/444/548 442/440/544
f 427/437/535 585/579/744 344/309/751 364/314/752
f 432/432/524 589/583/753 563/557/703 430/433/525
f 450/449/557 452/452/560 584/578/742 444/445/550
f 150/153/178 161/163/188 378/374/754 379/373/755 388/388/756
s 13
usemtl Cailloux_mat1
f 76/91/102 111/90/101 265/272/757 266/273/758 137/140/759 148/139/614 163/166/613
s 1
usemtl Colone_mat1
f 463/461/576 448/443/547 441/442/546 304/306/350
f 450/449/557 462/458/573 458/453/561 452/452/560
f 479/475/595 449/448/556 448/443/547 463/461/576
f 396/404/760 590/584/761 511/508/647 403/405/762
s off
usemtl Cailloux_mat1
f 454/447/763 591/585/764 459/424/765 436/423/766
s 1
usemtl Colone_mat1
f 563/557/703 589/583/753 592/586/767 573/567/720
f 458/453/561 593/587/768 394/393/459 453/450/558
f 576/707/727 466/691/581 502/498/635 583/577/741
f 480/469/586 365/262/303 449/448/556 479/475/595
f 458/453/561 461/459/574 475/472/590 593/587/768
f 593/587/768 475/472/590 476/473/591 394/393/459
f 464/460/575 474/471/589 479/475/595 463/461/576
f 412/411/564 455/454/563 457/456/567 413/412/566
f 414/413/568 457/456/567 512/510/649 416/414/769
f 525/520/659 455/454/563 411/410/770 434/416/771
s off
usemtl Cailloux_mat1
f 591/585/772 477/474/773 472/425/774 459/424/775
s 1
usemtl Colone_mat1
f 592/586/767 594/588/776 580/574/732 573/567/720
f 509/506/645 525/520/659 434/416/777 426/415/778
f 425/431/522 482/476/596 469/467/584 428/400/474
f 429/402/476 470/468/585 499/479/599 447/435/527
s 13
usemtl Cailloux_mat1
f 230/227/617 490/486/616 371/367/779 214/198/780 194/197/287 243/251/286
s 1
usemtl Colone_mat1
f 595/589/781 587/581/748 582/576/737 596/590/782
f 582/576/737 492/488/619 491/487/618 596/590/782
f 580/574/732 594/588/776 498/494/627 471/466/583
f 597/591/783 494/490/621 493/489/620 571/565/717
f 598/592/784 597/591/783 571/565/717 570/564/716
f 596/590/782 491/487/618 496/492/625 595/589/781
f 588/582/749 587/581/748 595/589/781 599/593/785
f 598/592/784 497/493/626 494/490/621 597/591/783
f 598/592/784 570/564/716 600/594/786 601/595/787
f 599/593/785 602/596/788 590/584/761 588/582/749
f 496/492/625 508/505/644 599/593/785 595/589/781
f 598/592/784 601/595/787 518/514/653 497/493/626
s 35
usemtl Cailloux_mat1
f 366/372/437 374/376/436 579/573/789 345/339/392 323/338/391
s 1
usemtl Colone_mat1
f 601/595/787 600/594/786 603/597/790 604/598/791
f 602/596/788 599/593/785 508/505/644 510/507/646
f 590/584/761 602/596/788 510/507/646 511/508/647
f 601/595/787 604/598/791 516/512/651 518/514/653
f 604/598/791 603/597/790 519/515/654 516/512/651
f 465/462/577 509/506/645 508/505/644 496/492/625
f 497/493/626 518/514/653 517/513/652 480/469/586
f 446/418/507 481/417/506 605/599/792 501/477/597
f 583/577/741 502/498/635 606/600/793 607/601/794
f 515/511/650 457/456/567 455/454/563 608/602/795
f 608/602/795 455/454/563 525/520/659 526/521/660
f 609/603/796 512/510/649 513/509/648 610/604/797
f 514/502/639 505/501/638 586/580/745 611/605/798
f 509/506/645 465/462/577 469/467/584 543/537/678
f 517/513/652 539/533/672 470/468/585 480/469/586
f 515/511/650 608/602/795 526/521/660 524/519/658
f 586/580/745 585/579/744 612/606/799 611/605/798
f 506/499/636 514/502/639 527/522/661 521/504/641
f 531/526/665 532/527/666 609/603/796 610/604/797
f 605/599/792 481/417/506 613/607/800 614/608/801
f 534/525/664 513/509/648 515/511/650 523/518/657
f 612/606/799 585/579/744 427/437/535 533/528/667
f 534/525/664 531/526/665 610/604/797 513/509/648
f 527/522/661 514/502/639 611/605/798 535/529/668
f 611/605/798 612/606/799 533/528/667 535/529/668
f 613/607/800 615/609/802 616/610/803 614/608/801
s 63
usemtl Cailloux_mat1
f 617/611/804 618/612/805 619/613/806 620/614/807
s 1
usemtl Colone_mat1
f 543/537/678 469/467/584 482/476/596 557/550/694
f 539/533/672 561/555/699 499/479/599 470/468/585
f 517/513/652 527/522/661 535/529/668 437/436/534
f 557/550/694 482/476/596 501/477/597 558/551/695
f 561/555/699 560/554/698 483/478/598 499/479/599
f 621/615/808 529/495/628 498/494/627 594/588/776
f 616/610/803 615/609/802 607/601/794 606/600/793
f 227/122/809 600/594/786 570/564/716 186/33/715 112/47/810
s 63
usemtl Cailloux_mat1
f 620/614/807 544/538/811 546/540/812 617/611/804
s 1
f 555/549/813 554/548/814 622/616/815 623/617/816
usemtl Colone_mat1
f 246/165/817 603/597/790 600/594/786 227/122/809 164/123/818
f 476/473/591 362/363/819 361/351/820 336/350/821 394/393/459
f 502/498/635 503/497/634 624/618/822 606/600/793
f 542/534/673 543/537/678 557/550/694 559/553/697
f 542/534/673 559/553/697 561/555/699 539/533/672
f 558/551/695 501/477/597 605/599/792 625/619/823
f 519/515/654 603/597/790 246/165/824 312/164/825 311/322/826
f 626/620/827 614/608/801 616/610/803 627/621/828
f 465/462/577 354/348/829 363/352/830 362/363/831 476/473/591
f 625/619/823 605/599/792 614/608/801 626/620/827
s 58
usemtl Cailloux_mat1
f 628/622/832 629/623/833 630/624/834 631/625/835
s 1
usemtl Colone_mat1
f 480/469/586 241/239/836 260/248/837 632/626/838 493/489/620
f 504/500/637 259/229/839 231/228/840 277/280/841 505/501/638
f 517/513/652 519/515/654 311/322/842 310/169/843 258/168/844
f 633/627/845 552/546/690 529/495/628 621/615/808
f 627/621/828 616/610/803 606/600/793 624/618/822
f 341/310/746 586/580/745 505/501/638 277/280/841 270/281/846
f 582/576/737 587/581/748 380/378/747 367/371/847 376/370/848
s 58
usemtl Cailloux_mat1
f 629/623/833 564/558/709 566/560/711 630/624/834
s 1
usemtl Colone_mat1
f 261/230/849 507/503/640 517/513/652 258/168/850 264/167/851
f 556/552/696 558/551/695 625/619/823 634/628/852
f 556/552/696 634/628/852 635/629/853 560/554/698
f 354/348/854 465/462/577 492/488/619 387/369/855 352/349/856
f 503/497/634 552/546/690 636/630/857 624/618/822
f 637/631/858 626/620/827 627/621/828 638/632/859
f 637/631/858 638/632/859 633/627/845 639/633/860
f 625/619/823 626/620/827 637/631/858 634/628/852
f 634/628/852 637/631/858 639/633/860 635/629/853
f 627/621/828 624/618/822 636/630/857 638/632/859
f 633/627/845 638/632/859 636/630/857 552/546/690
f 590/584/761 396/404/861 382/380/862 384/379/750 588/582/749
f 403/405/863 511/508/647 509/506/645 426/415/864 407/403/865
f 493/489/620 632/626/838 260/248/866 184/35/867 110/34/868 571/565/717
s 65
usemtl Cailloux_mat1
f 618/612/869 640/634/870 641/635/871 642/636/872 619/613/873
s 1
usemtl Colone_mat1
f 453/450/558 314/324/725 308/319/874 245/258/297 144/148/173 125/130/153 451/451/559
f 174/178/205 205/208/235 532/527/666 437/436/534 360/362/875 357/334/876 343/333/877
f 592/586/767 643/637/878 623/617/879 622/616/880 621/615/808 594/588/776
s 65
usemtl Cailloux_mat1
f 641/635/871 644/638/881 555/549/882 623/617/883 643/637/884 642/636/872
s 58
f 555/549/693 644/638/885 628/622/832 631/625/835 645/639/886 553/547/691
s 1
usemtl Colone_mat1
f 613/607/800 574/568/721 581/575/733 486/482/887 485/481/888 488/484/889 615/609/802
f 581/575/733 583/577/741 607/601/794 615/609/802 488/484/890 487/483/891 486/482/892
f 205/208/235 189/187/214 302/249/893 321/256/894 353/332/895 347/312/896 333/311/897 609/603/796 532/527/666
f 639/633/860 633/627/845 621/615/808 622/616/815 554/548/814 553/547/898 645/639/899
f 635/629/853 639/633/860 645/639/900 631/625/901 630/624/902 566/560/903 565/559/904
f 432/432/524 483/478/598 640/634/905 618/612/906 617/611/907 546/540/908 545/539/909 589/583/753
f 589/583/753 545/539/910 544/538/911 620/614/912 619/613/913 642/636/914 643/637/915 592/586/767
f 182/186/213 356/360/414 415/406/916 416/414/769 512/510/649 609/603/796 333/311/917 305/250/918 302/249/919 189/187/214
f 481/417/506 478/426/920 477/474/921 591/585/922 454/447/923 439/439/924 438/438/925 435/420/926 417/419/509 574/568/721 613/607/800
f 560/554/698 635/629/853 565/559/927 564/558/928 629/623/929 628/622/930 644/638/931 641/635/932 640/634/905 483/478/598
f 93/109/124 103/117/135 646/640/933 652/641/934
f 646/640/933 103/117/135 12/4/4 2/3/3
f 46/57/58 647/715/935 19/713/19 18/18/18
f 1/2/2 15/15/15 2/3/3
f 15/15/15 14/14/14 2/3/3
f 8/9/9 11/12/12 19/713/19
f 4/5/5 8/9/9 19/713/19
f 648/721/936 81/98/109 80/97/108 665/723/937
f 649/717/938 647/715/935 46/57/58 45/56/57
f 280/284/327 650/642/939 2/3/3
f 651/643/940 279/283/326 19/713/19
f 653/644/941 25/25/26 24/24/25 663/645/942
f 86/690/113 85/708/112 654/712/943 661/709/944
f 650/642/939 655/647/945 2/3/3
f 283/287/330 262/270/311 656/648/946 657/649/947
f 657/649/947 650/642/939 280/284/327 283/287/330
f 658/710/948 651/643/940 19/713/19
f 659/650/949 91/107/122 93/109/124 652/641/934
f 88/104/119 660/719/950 649/717/938 45/56/57
f 95/110/125 279/283/326 651/643/940 662/651/951
f 654/712/943 85/708/112 95/110/125 662/651/951
f 24/24/25 91/107/122 659/650/949 663/645/942
f 81/98/109 648/721/936 660/719/950 88/104/119
f 656/648/946 655/647/945 650/642/939 657/649/947
f 656/648/946 262/270/311 247/259/298 664/652/952
f 662/651/951 651/643/940 658/710/948 654/712/943
f 207/210/238 211/214/247 666/653/953 669/654/954
f 221/221/252 211/214/244 210/213/243
f 225/225/256 204/207/234 667/655/955
f 667/655/955 204/207/234 668/656/956
f 670/657/957 220/220/251 671/658/958
f 671/658/958 220/220/251 224/224/255
f 235/234/269 672/659/959 664/652/952 247/259/298
f 655/647/945 656/648/946 664/652/952 668/656/956
f 673/660/960 176/179/206 157/160/185 674/661/961
f 675/662/962 673/660/960 674/661/961 679/663/963
f 221/221/252 220/220/251 676/664/964
f 677/665/965 204/207/234 203/206/233
f 658/710/948 670/711/957 661/709/944 654/712/943
f 233/232/265 86/101/113 661/646/944 678/666/966
f 676/664/964 220/220/251 680/667/967
f 681/668/968 204/207/234 677/665/965
f 672/659/959 235/234/269 225/225/256 667/655/955
f 664/652/952 672/659/959 667/655/955 668/656/956
f 204/207/234 681/668/968 679/663/963 155/158/183
f 157/160/185 155/158/183 674/661/961
f 682/669/969 155/158/183 154/157/182
f 674/661/961 155/158/183 679/663/963
f 678/666/966 661/646/944 670/657/957 671/658/958
f 233/232/265 678/666/966 671/658/958 224/224/255
f 683/670/970 155/158/183 682/669/969
f 2/3/3 655/647/945 668/656/956 204/207/234
f 19/713/19 220/714/251 670/711/957 658/710/948
f 684/671/971 685/672/972 53/64/67 49/62/65
f 675/662/962 684/671/971 49/62/65 48/61/64
f 53/64/67 685/672/972 677/665/965 203/206/233
f 688/673/973 686/674/974 687/675/975 690/676/976
f 666/653/953 211/214/244 221/221/252 676/664/964
f 176/179/206 673/660/960 675/662/962 48/61/64
f 669/654/954 689/677/977 188/190/217 207/210/238
f 646/640/933 2/3/3 204/207/234 687/675/975
f 220/714/251 19/713/19 647/715/935 691/716/978
f 685/672/972 684/671/971 681/668/968 677/665/965
f 689/677/977 692/679/979 168/171/196 188/190/217
f 669/654/954 666/653/953 676/664/964 680/667/967
f 681/668/968 684/671/971 675/662/962 679/663/963
f 682/669/969 154/157/182 168/171/196 692/679/979
f 683/670/970 689/677/977 669/654/954 680/667/967
f 683/670/970 682/669/969 692/679/979 689/677/977
f 686/674/974 652/641/934 646/640/933 687/675/975
f 649/717/938 693/718/980 691/716/978 647/715/935
f 659/650/949 652/641/934 686/674/974 694/681/981
f 660/719/950 695/720/982 693/718/980 649/717/938
f 155/158/183 683/670/970 680/667/967 220/220/251
f 698/683/983 696/684/984 697/685/985 699/686/986
f 700/687/987 663/645/942 659/650/949 694/681/981
f 648/721/936 697/722/985 695/720/982 660/719/950
f 687/675/975 204/207/234 155/158/183 690/676/976
f 690/676/976 155/158/183 220/220/251 691/678/978
f 701/688/988 653/644/941 663/645/942 700/687/987
f 697/722/985 648/721/936 665/723/937 699/724/986
f 693/680/980 688/673/973 690/676/976 691/678/978
f 694/681/981 686/674/974 688/673/973 702/689/989
f 702/689/989 688/673/973 693/680/980 695/682/982
f 696/684/984 700/687/987 694/681/981 702/689/989
f 696/684/984 702/689/989 695/682/982 697/685/985
f 701/688/988 700/687/987 696/684/984 698/683/983
g default
v -20.811636 150.372940 -20.811661
v -28.429222 150.372940 -7.617611
v -12.852716 157.617233 -12.852740
v -7.617586 150.372940 -28.429247
v -17.557138 157.617233 -4.704446
v -4.704420 157.617233 -17.557163
v -11.197225 163.031052 -3.000313
v -8.196939 163.031052 -8.196964
v -17.557138 157.617233 4.704396
v -28.429222 150.372940 7.617564
v -12.852716 157.617233 12.852691
v 12.852716 157.617233 -12.852740
v 7.617589 150.372940 -28.429247
v 4.704421 157.617233 -17.557163
v -11.197227 163.031052 3.000262
v -20.811636 150.372940 20.811611
v 20.811636 150.372940 -20.811661
v -20.557701 190.626450 -19.184048
v -21.025452 190.763504 -19.454739
v -20.742739 192.508698 -19.944412
v -4.886273 168.449280 -4.886301
v -3.000288 163.031052 -11.197254
v -17.891214 184.771637 -17.891245
v -17.262400 186.896255 -17.262430
v -6.548639 184.771637 -24.439886
v -6.674774 168.449280 -1.788527
v -19.753969 193.287338 -19.754002
v -27.935934 190.763504 -7.485441
v -18.001772 190.179962 -19.207289
v -18.766020 190.179962 -18.766050
v -19.194242 190.328308 -19.194273
v -16.981274 189.344086 -19.192743
v -18.209064 194.205795 -19.349949
v -1.406613 170.846481 -5.249579
v -16.032244 177.747559 -16.032270
v -5.868208 177.747559 -21.900482
v -13.751092 189.287842 -21.017063
v -25.634867 190.179962 -6.868871
v -27.935934 192.508698 -7.485441
v -6.318476 186.896255 -23.580912
v -11.884740 190.418365 -23.824453
v -11.851455 190.763504 -25.415226
v -7.485410 190.763504 -27.935965
v -12.906116 190.179962 -22.149271
v -23.580881 186.896255 -6.318507
v -6.674774 168.449280 1.788474
v -1.788500 168.449280 -6.674801
v -6.868840 190.179962 -25.634897
v -11.663241 194.497467 -22.717627
v -14.638413 195.592148 -19.455244
v -12.682967 195.616562 -20.549767
v -17.141661 196.207504 -17.141693
v -7.485410 192.508698 -27.935965
v -11.752105 192.508698 -25.472586
v -3.842939 170.846481 -3.842966
v -23.415949 196.207504 -6.274316
v -4.704420 157.617233 17.557114
v 17.557138 157.617233 -4.704446
v -6.274284 196.207504 -23.415981
v -4.886273 168.449280 4.886246
v -8.196939 163.031052 8.196913
v 8.196939 163.031052 -8.196964
v -3.000287 163.031052 11.197200
v 28.429222 150.372940 -7.617611
v -7.617586 150.372940 28.429197
v 4.886273 168.449280 -4.886301
v 11.197225 163.031052 -3.000314
v -1.788500 168.449280 6.674747
v 18.682312 183.942001 -18.682339
v 5.868211 177.747559 -21.900482
v 6.838202 183.942001 -25.520540
v 6.674774 168.449280 -1.788527
v 6.548642 184.771637 -24.439886
v 6.318480 186.896255 -23.580912
v 17.891216 184.771637 -17.891245
v 17.557138 157.617233 4.704396
v 16.032246 177.747559 -16.032270
v 11.197227 163.031052 3.000262
v -0.913519 181.247589 -3.409331
v -2.495780 181.247589 -2.495811
v -1.587614 181.247589 -2.663086
v -25.634867 190.179962 6.868813
v -23.580881 186.896255 6.318449
v -18.766020 190.179962 18.765989
v 1.788501 168.449280 6.674747
v 3.000288 163.031052 11.197200
v 4.886273 168.449280 4.886246
v 6.674774 168.449280 1.788474
v 8.196939 163.031052 8.196914
v 4.704421 157.617233 17.557114
v -2.519972 181.247589 -0.675254
v -2.706443 181.247589 1.512437
v 0.000001 181.247589 -0.000030
v 0.913520 181.247589 -3.409331
v 0.645957 181.247589 -2.410769
v 2.495783 181.247589 -2.495811
v 12.852716 157.617233 12.852691
v -3.409300 181.247589 0.913490
v -2.495780 181.247589 2.495751
v 17.262402 186.896255 -17.262430
v 2.706445 181.247574 -1.512496
v -0.645955 181.247574 2.410710
v -17.262400 186.896255 17.262369
v 3.409302 181.247589 -0.913549
v -0.913519 181.247589 3.409271
v 2.519974 181.247589 0.675195
v 7.617589 150.372940 28.429197
v 28.429222 150.372940 7.617564
v 1.587617 181.247574 2.663026
v 0.913520 181.247589 3.409271
v 3.409302 181.247589 0.913490
v 21.900455 177.747559 -5.868237
v 2.495783 181.247589 2.495751
v 20.811636 150.372940 20.811611
v -17.891214 184.771637 17.891184
v -6.318476 186.896255 23.580851
v 25.520512 183.942001 -6.838230
v -6.548639 184.771637 24.439825
v 15.785480 197.241806 -15.785506
v 14.157221 190.380554 -14.157248
v 21.563364 197.241806 -5.777917
v -6.868840 190.179962 25.634836
v 19.339123 190.380554 -5.181933
v 5.868211 177.747559 21.900425
v 16.032246 177.747559 16.032213
v 6.838202 183.942001 25.520479
v 17.267618 180.635193 17.267584
v 20.531588 180.684967 11.672394
v 24.392351 184.764786 6.648729
v 24.439857 184.771637 6.548612
v 24.386148 184.771637 6.641638
v 24.394741 184.883224 6.536523
v 23.947880 182.915298 8.362038
v 25.520512 183.942001 6.838172
v 25.137838 183.942001 7.500981
v 9.853560 186.896255 21.539869
v 6.318480 186.896255 23.580851
v 10.752951 186.082138 21.400669
v 7.485414 191.647888 27.935904
v 7.485414 190.763504 27.935904
v 8.298289 190.763504 27.466589
v 3.000288 163.031052 -11.197254
v -21.900455 177.747559 -5.868237
v -25.520512 183.942001 -6.838230
v -18.682308 183.942001 -18.682339
v -6.838200 183.942001 -25.520540
v -24.439857 184.771637 -6.548669
v -5.249552 170.846481 -1.406640
v 1.788501 168.449280 -6.674801
v -21.900455 177.747559 5.868182
v -25.520512 183.942001 6.838172
v -24.439857 184.771637 6.548612
v -5.249552 170.846481 1.406586
v 1.406614 170.846481 -5.249579
v -27.935934 190.763504 7.485383
v 6.868844 190.179962 -25.634897
v 7.485414 190.763504 -27.935965
v -27.935934 192.508698 7.485382
v 7.485414 192.508698 -27.935965
v -5.777885 197.241806 -21.563396
v -15.785475 197.241806 -15.785506
v -14.157218 190.380554 -14.157248
v -5.181902 190.380554 -19.339153
v -21.563364 197.241806 -5.777917
v -19.339123 190.380554 -5.181933
v -9.267737 183.306473 -2.483313
v -6.784453 183.306473 -6.784482
v -2.483282 183.306473 -9.267767
v -3.842939 170.846481 3.842911
v 3.842939 170.846481 -3.842966
v -23.415949 196.207504 6.274255
v 6.274287 196.207504 -23.415981
v -16.032244 177.747559 16.032213
v -1.406613 170.846481 5.249525
v 5.249552 170.846481 -1.406640
v -18.682308 183.942001 18.682278
v -19.339123 190.380554 5.181873
v -9.267737 183.306473 2.483254
v 5.181903 190.380554 -19.339153
v 2.483284 183.306473 -9.267767
v 5.777888 197.241806 -21.563396
v -21.563364 197.241806 5.777856
v -3.409300 181.247589 -0.913549
v 1.406614 170.846481 5.249525
v 5.249552 170.846481 1.406586
v 3.842939 170.846481 3.842911
v -5.868208 177.747559 21.900425
v 18.766024 190.179962 -18.766050
v -6.784453 183.306473 6.784424
v 6.784455 183.306473 -6.784482
v -20.450520 190.763504 20.450489
v 20.450525 190.763504 -20.450550
v -20.450520 192.508698 20.450489
v 20.450525 192.508698 -20.450550
v -14.157218 190.380554 14.157187
v -2.483282 183.306473 9.267708
v 9.267739 183.306473 -2.483313
v -17.141661 196.207504 17.141628
v 17.141666 196.207504 -17.141693
v -15.785475 197.241806 15.785442
v 21.900455 177.747559 5.868182
v 2.483284 183.306473 9.267708
v 9.267739 183.306473 2.483254
v -6.838200 183.942001 25.520479
v 6.784455 183.306473 6.784424
v -5.181902 190.380554 19.339092
v 24.439857 184.771637 -6.548669
v 23.580881 186.896255 -6.318507
v 25.634867 190.179962 -6.868871
v -7.485410 190.763504 27.935904
v 27.935934 190.763504 -7.485441
v -5.777885 197.241806 21.563332
v 14.950419 187.297958 4.005923
v 10.900033 187.255325 10.900001
v -7.485410 192.508698 27.935904
v 27.935934 192.508698 -7.485441
v -6.274284 196.207504 23.415916
v 23.415949 196.207504 -6.274316
v 6.548642 184.771637 24.439825
v 21.563364 197.241806 -5.465920
v 19.339123 190.380554 0.835210
v 23.580881 186.896255 4.547837
v 25.634867 190.179962 1.626660
v 4.561265 190.380554 19.339092
v -2.476288 197.241806 21.563332
v 6.868844 190.179962 25.634836
v 23.415949 196.207504 -4.307188
v -0.286441 196.207504 23.415916
v 27.935934 190.763504 2.568012
v 27.935934 192.508698 1.650579
v 12.200718 184.771637 21.176596
v 13.459370 183.942001 21.697746
v 6.458493 192.508698 27.935904
v 7.778293 190.179962 25.109764
v 27.244577 190.588181 1.392807
v 26.487423 193.694046 -1.627914
v 4.899980 189.641525 18.286940
v 5.135169 188.755890 16.695219
v 15.144639 181.352707 18.977465
v 15.178299 187.458008 3.212396
v 21.377838 180.697876 10.221725
vt 0.745233 0.929579
vt 0.698870 0.943313
vt 0.694865 0.890056
vt 0.743249 0.895353
vt 0.724248 0.991739
vt 0.760680 0.959994
vt 0.774320 0.899228
vt 0.775184 0.921389
vt 0.775959 0.836670
vt 0.754218 0.862971
vt 0.710980 0.839645
vt 0.744654 0.799226
vt 0.924862 0.936670
vt 0.929357 0.902935
vt 0.978140 0.900560
vt 0.781640 0.878018
vt 0.266815 0.845519
vt 0.266318 0.847308
vt 0.261557 0.850234
vt 0.257406 0.851272
vt 0.252779 0.850625
vt 0.784068 0.941286
vt 0.800351 0.916129
vt 0.804884 0.928182
vt 0.255718 0.783472
vt 0.282944 0.822126
vt 0.276853 0.828748
vt 0.248599 0.790582
vt 0.800069 0.903131
vt 0.264741 0.837367
vt 0.267578 0.839103
vt 0.266290 0.840625
vt 0.264883 0.832663
vt 0.256225 0.822045
vt 0.249864 0.820487
vt 0.235166 0.797574
vt 0.239590 0.847380
vt 0.309062 0.800310
vt 0.290058 0.764012
vt 0.381211 0.764964
vt 0.810321 0.914598
vt 0.302187 0.870262
vt 0.296701 0.877462
vt 0.292836 0.882815
vt 0.279261 0.899007
vt 0.246446 0.859915
vt 0.310623 0.858734
vt 0.804375 0.890799
vt 0.243377 0.816442
vt 0.237369 0.815045
vt 0.225986 0.800696
vt 0.232990 0.841595
vt 0.231661 0.830880
vt 0.211497 0.826872
vt 0.220520 0.805931
vt 0.233350 0.818327
vt 0.805780 0.819851
vt 0.790308 0.774116
vt 0.921076 0.869835
vt 0.965434 0.849481
vt 0.796108 0.860715
vt 0.812807 0.880777
vt 0.898077 0.904290
vt 0.892393 0.882550
vt 0.815854 0.849721
vt 0.872011 0.906345
vt 0.868711 0.893599
vt 0.824296 0.874427
vt 0.627048 0.806185
vt 0.599727 0.841073
vt 0.580274 0.823164
vt 0.603385 0.844214
vt 0.638053 0.814643
vt 0.609512 0.849677
vt 0.901405 0.841900
vt 0.879306 0.864111
vt 0.201169 0.834385
vt 0.193372 0.836467
vt 0.197010 0.834292
vt 0.375905 0.915007
vt 0.338054 0.895772
vt 0.345238 0.883320
vt 0.381954 0.901551
vt 0.850169 0.875535
vt 0.837336 0.872578
vt 0.838326 0.846587
vt 0.860452 0.851529
vt 0.861076 0.882890
vt 0.839669 0.815443
vt 0.873085 0.822682
vt 0.119196 0.778243
vt 0.184001 0.832475
vt 0.166218 0.829680
vt 0.149167 0.821047
vt 0.106988 0.787638
vt 0.110833 0.791252
vt 0.171511 0.832873
vt 0.159261 0.829361
vt 0.120058 0.797914
vt 0.147250 0.824706
vt 0.111775 0.795808
vt 0.841632 0.766372
vt 0.892073 0.778337
vt 0.935297 0.806928
vt 0.132364 0.813392
vt 0.118348 0.803160
vt 0.136488 0.818549
vt 0.552361 0.848530
vt 0.569307 0.869232
vt 0.126755 0.810952
vt 0.420116 0.913775
vt 0.384879 0.893623
vt 0.422127 0.905600
vt 0.415653 0.927113
vt 0.016912 0.838809
vt 0.649278 0.893118
vt 0.035998 0.798987
vt 0.043981 0.830627
vt 0.460649 0.911671
vt 0.462961 0.883632
vt 0.495784 0.885876
vt 0.497831 0.899136
vt 0.490493 0.903974
vt 0.479553 0.913013
vt 0.517049 0.895503
vt 0.543599 0.899058
vt 0.543903 0.898929
vt 0.543627 0.899090
vt 0.544130 0.899335
vt 0.535342 0.895773
vt 0.541390 0.894597
vt 0.540320 0.895747
vt 0.472673 0.929409
vt 0.459241 0.924783
vt 0.475191 0.925568
vt 0.450812 0.943386
vt 0.451589 0.941043
vt 0.453688 0.939848
vt 0.895629 0.926418
vt 0.335351 0.827543
vt 0.318313 0.848006
vt 0.286634 0.818365
vt 0.259874 0.778788
vt 0.315475 0.851989
vt 0.810059 0.904940
vt 0.870726 0.919444
vt 0.364752 0.848589
vt 0.351573 0.871657
vt 0.349292 0.876005
vt 0.813137 0.895923
vt 0.527272 0.771920
vt 0.333449 0.903237
vt 0.649514 0.824152
vt 0.656087 0.830277
vt 0.330397 0.908946
vt 0.660801 0.834855
vt 0.265260 0.930112
vt 0.241304 0.866473
vt 0.221940 0.912271
vt 0.257734 0.902365
vt 0.274761 0.905296
vt 0.189864 0.911577
vt 0.188581 0.861865
vt 0.207761 0.861997
vt 0.226127 0.856748
vt 0.819214 0.888647
vt 0.518778 0.782753
vt 0.318537 0.928129
vt 0.675922 0.850388
vt 0.396245 0.864042
vt 0.444575 0.802826
vt 0.507333 0.792667
vt 0.386764 0.889062
vt 0.160683 0.907371
vt 0.169348 0.860330
vt 0.030597 0.766273
vt 0.078554 0.770105
vt 0.003715 0.770694
vt 0.314928 0.934992
vt 0.183222 0.836170
vt 0.461747 0.804706
vt 0.492537 0.799123
vt 0.477914 0.803646
vt 0.429452 0.874734
vt 0.619714 0.859644
vt 0.150905 0.854325
vt 0.081965 0.789161
vt 0.372685 0.923364
vt 0.625729 0.866208
vt 0.369949 0.929294
vt 0.630063 0.871088
vt 0.134536 0.896268
vt 0.133258 0.847588
vt 0.087469 0.806448
vt 0.361647 0.949059
vt 0.644042 0.887307
vt 0.358642 0.956083
vt 0.526584 0.875237
vt 0.118217 0.840284
vt 0.095553 0.819990
vt 0.423529 0.900733
vt 0.106620 0.829878
vt 0.105825 0.889703
vt 0.572183 0.873376
vt 0.577511 0.879306
vt 0.586179 0.888611
vt 0.413634 0.935726
vt 0.590999 0.895078
vt 0.404486 0.970158
vt 0.538582 0.936250
vt 0.087212 0.847617
vt 0.411837 0.942191
vt 0.594758 0.900522
vt 0.407254 0.962592
vt 0.606540 0.918882
vt 0.460150 0.916606
vt 0.608885 0.927547
vt 0.050914 0.847238
vt 0.552029 0.905358
vt 0.569374 0.909336
vt 0.469559 0.959974
vt 0.421507 0.975413
vt 0.455687 0.936562
vt 0.600393 0.922101
vt 0.429928 0.966198
vt 0.574502 0.906236
vt 0.579108 0.909273
vt 0.478939 0.919220
vt 0.448084 0.946021
vt 0.458079 0.941337
vt 0.573680 0.906730
vt 0.585407 0.913538
vt 0.474672 0.957588
vt 0.481815 0.955835
vt 0.541658 0.936727
vt 0.522081 0.894749
vt 0.109788 0.773381
vt 0.110064 0.771196
vt 0.112524 0.770238
vt 0.115383 0.765959
vt 0.121881 0.766003
vt 0.970711 0.953440
vt 0.942112 1.000000
vt 0.885499 0.945913
vt 0.907772 0.965865
vt 0.653526 0.766645
vt 0.658038 0.770769
vt 0.631134 0.809287
vt 0.856745 0.926418
vt 0.622639 0.753390
vt 0.603917 0.791505
vt 0.665861 0.777093
vt 0.865319 0.931414
vt 0.689613 0.790581
vt 0.695054 0.795483
vt 0.680488 0.785680
vt 0.708176 0.815490
vt 0.028284 0.729446
vt 0.000000 0.731450
vt 0.079365 0.750943
vt 0.105236 0.772691
vt 0.104407 0.779373
vt 0.107322 0.774421
vt 0.108648 0.780593
vt 0.098901 0.914756
vt 0.610773 0.925839
vt 0.125748 0.922350
vt 0.009549 0.804692
vt 0.681506 0.856072
vt 0.152951 0.933868
vt 0.185901 0.939352
vt 0.207422 0.834114
vt 0.712545 0.822695
vt 0.224314 0.939639
vt 0.071966 0.840285
vt 0.562362 0.931020
vt 0.074036 0.840667
vt 0.086950 0.867265
vt 0.509958 0.941946
vt 0.082901 0.873100
vt 0.080943 0.878308
vt 0.088467 0.913057
vt 0.017224 0.839829
vt 0.854049 0.890170
vt 0.846223 0.884735
vt 0.836925 0.882834
vt 0.859499 0.898020
vt 0.827509 0.884069
vt 0.861761 0.907401
vt 0.427444 0.798791
vt 0.860878 0.917168
vt 0.411226 0.792825
vt 0.531226 0.760678
vt 0.813691 0.923946
vt 0.396935 0.785010
vt 0.386116 0.775492
vn -0.412093 0.812625 -0.412093
vn -0.382693 0.840888 -0.382693
vn -0.522768 0.840888 -0.140075
vn -0.562929 0.812625 -0.150837
vn -0.140076 0.840888 -0.522768
vn -0.150837 0.812625 -0.562929
vn -0.667503 0.722807 -0.178857
vn -0.488646 0.722807 -0.488646
vn -0.412093 0.812625 0.412093
vn -0.562929 0.812625 0.150836
vn -0.522768 0.840888 0.140075
vn -0.382693 0.840888 0.382693
vn 0.140075 0.840888 -0.522768
vn 0.150837 0.812625 -0.562929
vn 0.412093 0.812625 -0.412093
vn 0.382693 0.840888 -0.382693
vn -0.667503 0.722807 0.178857
vn 0.407593 -0.307304 -0.859903
vn 0.407593 -0.307304 -0.859903
vn 0.407593 -0.307304 -0.859903
vn 0.407593 -0.307304 -0.859903
vn 0.407593 -0.307304 -0.859903
vn -0.178857 0.722807 -0.667503
vn -0.567097 0.597330 -0.567096
vn -0.207572 0.597330 -0.774668
vn -0.199113 0.638876 -0.743096
vn -0.543984 0.638877 -0.543984
vn -0.703792 -0.096699 -0.703794
vn -0.257606 -0.096700 -0.961399
vn -0.774669 0.597330 -0.207571
vn -0.364355 -0.846236 -0.388754
vn -0.378944 -0.844277 -0.378944
vn -0.436508 -0.786716 -0.436508
vn -0.364355 -0.846236 -0.388754
vn -0.471695 -0.711889 -0.520305
vn -0.412597 -0.707000 -0.574382
vn -0.263157 -0.852516 -0.451625
vn -0.138703 -0.844277 -0.517646
vn -0.015410 -0.036202 -0.999226
vn -0.015410 -0.036202 -0.999226
vn -0.015410 -0.036202 -0.999226
vn -0.015410 -0.036202 -0.999226
vn -0.015410 -0.036202 -0.999226
vn -0.015410 -0.036202 -0.999226
vn -0.477791 -0.737178 -0.477791
vn -0.174884 -0.737178 -0.652675
vn -0.241567 -0.358983 -0.901541
vn -0.659974 -0.358984 -0.659974
vn -0.556654 -0.648276 -0.519495
vn -0.517648 -0.844276 -0.138703
vn -0.792265 -0.572059 -0.212287
vn -0.600131 -0.575750 -0.555296
vn -0.607818 0.510993 -0.607818
vn -0.656947 0.411611 -0.631662
vn -0.881056 0.409886 -0.236078
vn -0.540342 0.828895 -0.144785
vn -0.395558 0.828895 -0.395559
vn -0.961399 -0.096699 -0.257607
vn -0.774668 0.597331 0.207572
vn -0.263157 -0.852516 -0.451625
vn -0.291478 -0.757904 -0.583628
vn -0.343086 -0.583935 -0.735739
vn -0.212287 -0.572059 -0.792264
vn -0.851041 0.180055 -0.493264
vn -0.851041 0.180055 -0.493264
vn -0.851041 0.180055 -0.493264
vn -0.851041 0.180055 -0.493264
vn -0.851041 0.180055 -0.493264
vn -0.372520 0.783886 -0.496740
vn -0.532534 0.628857 -0.566521
vn -0.144784 0.828895 -0.540343
vn -0.236078 0.409887 -0.881056
vn -0.380116 0.420363 -0.823897
vn -0.338337 0.672676 -0.658054
vn -0.323060 0.788149 -0.523882
vn -0.150836 0.812625 0.562929
vn -0.140075 0.840888 0.522768
vn 0.562929 0.812625 -0.150837
vn 0.522768 0.840888 -0.140075
vn -0.488646 0.722807 0.488646
vn -0.567096 0.597331 0.567096
vn 0.488646 0.722807 -0.488646
vn 0.667503 0.722807 -0.178857
vn -0.178857 0.722807 0.667503
vn 0.567097 0.597330 -0.567096
vn 0.774668 0.597330 -0.207572
vn -0.207572 0.597331 0.774668
vn 0.174884 -0.737178 -0.652675
vn 0.254831 0.174915 -0.951034
vn 0.696207 0.174915 -0.696205
vn 0.477791 -0.737178 -0.477791
vn 0.543985 0.638876 -0.543983
vn 0.199114 0.638876 -0.743096
vn 0.257606 -0.096700 -0.961399
vn 0.703793 -0.096700 -0.703793
vn 0.562929 0.812625 0.150836
vn 0.667503 0.722807 0.178857
vn 0.048938 0.981962 0.182634
vn 0.133696 0.981963 0.133698
vn 0.000008 1.000000 -0.000000
vn -0.378943 -0.844277 0.378944
vn -0.517647 -0.844277 0.138703
vn -0.961399 -0.096699 0.257606
vn -0.703794 -0.096699 0.703792
vn 0.567096 0.597331 0.567096
vn 0.207572 0.597331 0.774668
vn 0.178857 0.722807 0.667503
vn 0.488646 0.722807 0.488646
vn 0.774668 0.597330 0.207572
vn 0.150836 0.812625 0.562929
vn 0.412093 0.812625 0.412093
vn 0.000000 1.000000 0.000003
vn 0.000001 1.000000 0.000001
vn -0.000022 1.000000 -0.000000
vn 0.000003 1.000000 -0.000007
vn -0.133701 0.981961 0.133704
vn -0.048937 0.981962 0.182636
vn -0.000002 1.000000 0.000002
vn 0.000001 1.000000 0.000015
vn 0.182635 0.981962 -0.048937
vn 0.133698 0.981962 -0.133702
vn 0.000004 1.000000 -0.000001
vn 0.048938 0.981961 -0.182642
vn -0.182635 0.981962 0.048936
vn 0.140076 0.840888 0.522768
vn 0.382693 0.840888 0.382693
vn 0.522768 0.840888 0.140075
vn -0.000013 1.000000 -0.000028
vn -0.182631 0.981963 -0.048938
vn -0.048938 0.981960 -0.182648
vn 0.652675 -0.737178 -0.174883
vn 0.951035 0.174915 -0.254829
vn -0.133695 0.981962 -0.133702
vn -0.257606 -0.096700 0.961399
vn -0.543985 0.638876 0.543983
vn -0.199114 0.638877 0.743095
vn -0.138703 -0.844277 0.517647
vn -0.239460 0.968784 0.064162
vn -0.175297 0.968784 0.175294
vn -0.575850 0.580340 0.575850
vn -0.786625 0.580340 0.210776
vn 0.254829 0.174915 0.951035
vn 0.174884 -0.737178 0.652675
vn 0.477791 -0.737178 0.477791
vn 0.660856 -0.355724 0.660856
vn 0.598316 -0.240025 0.764465
vn 0.518443 0.180800 0.835780
vn 0.825072 -0.357972 0.437164
vn 0.744125 0.636259 0.203601
vn 0.743096 0.638876 0.199112
vn 0.741942 0.639289 0.202071
vn 0.741942 0.639289 0.202071
vn 0.765931 0.609286 0.205231
vn 0.948068 0.025793 0.317020
vn 0.951035 0.174915 0.254829
vn 0.943269 0.176127 0.281467
vn 0.413926 -0.099634 0.904842
vn 0.257606 -0.096700 0.961399
vn 0.407767 0.205537 0.889652
vn 0.257870 -0.085579 0.962382
vn 0.212288 -0.572059 0.792264
vn 0.236598 -0.575113 0.783113
vn 0.178857 0.722807 -0.667503
vn -0.652675 -0.737178 -0.174884
vn -0.951035 0.174915 -0.254829
vn -0.696206 0.174915 -0.696205
vn -0.254830 0.174915 -0.951035
vn -0.743096 0.638876 -0.199112
vn -0.600131 -0.575750 -0.555296
vn -0.656947 0.411611 -0.631662
vn -0.380116 0.420363 -0.823897
vn -0.343086 -0.583935 -0.735739
vn -0.901541 -0.358984 -0.241567
vn -0.998363 0.056551 -0.008620
vn -0.998363 0.056551 -0.008620
vn -0.998363 0.056551 -0.008620
vn -0.998363 0.056551 -0.008620
vn 0.207572 0.597330 -0.774668
vn -0.652675 -0.737178 0.174884
vn -0.951035 0.174915 0.254829
vn -0.484611 0.145478 -0.862547
vn -0.484611 0.145478 -0.862547
vn -0.484611 0.145478 -0.862547
vn -0.484611 0.145478 -0.862547
vn -0.743096 0.638876 0.199112
vn -0.901541 -0.358983 0.241568
vn 0.241567 -0.358983 -0.901541
vn -0.792264 -0.572060 0.212286
vn 0.138703 -0.844277 -0.517646
vn 0.212287 -0.572060 -0.792264
vn -0.881056 0.409887 0.236078
vn 0.236078 0.409887 -0.881056
vn 0.064163 0.968785 0.239457
vn 0.175297 0.968784 0.175294
vn 0.575850 0.580340 0.575850
vn 0.210775 0.580340 0.786625
vn 0.239459 0.968784 0.064162
vn 0.786625 0.580340 0.210776
vn 0.447200 0.886371 0.119827
vn 0.327372 0.886372 0.327373
vn 0.119826 0.886371 0.447200
vn -0.659974 -0.358983 0.659974
vn 0.659974 -0.358983 -0.659973
vn -0.540342 0.828896 0.144785
vn 0.144784 0.828895 -0.540343
vn -0.477791 -0.737178 0.477792
vn -0.241567 -0.358983 0.901541
vn 0.901541 -0.358984 -0.241567
vn -0.696206 0.174915 0.696205
vn 0.786625 0.580340 -0.210776
vn 0.447200 0.886371 -0.119827
vn -0.210775 0.580340 0.786625
vn -0.119826 0.886371 0.447200
vn -0.064163 0.968785 0.239457
vn 0.239459 0.968784 -0.064162
vn 0.182635 0.981962 0.048936
vn 0.241568 -0.358983 0.901541
vn 0.901541 -0.358983 0.241568
vn 0.659974 -0.358983 0.659974
vn -0.174883 -0.737178 0.652675
vn 0.378943 -0.844277 -0.378944
vn 0.327373 0.886371 -0.327373
vn -0.327373 0.886371 0.327373
vn -0.579978 -0.572060 0.579977
vn 0.579978 -0.572060 -0.579978
vn -0.644978 0.409887 0.644978
vn 0.644978 0.409886 -0.644978
vn 0.575849 0.580340 -0.575850
vn 0.119826 0.886371 -0.447200
vn -0.447200 0.886371 0.119827
vn -0.395556 0.828896 0.395559
vn 0.395558 0.828895 -0.395559
vn 0.175297 0.968784 -0.175295
vn 0.652675 -0.737178 0.174884
vn -0.119826 0.886371 -0.447200
vn -0.447200 0.886371 -0.119827
vn -0.254830 0.174915 0.951034
vn -0.327372 0.886371 -0.327373
vn 0.210775 0.580340 -0.786625
vn 0.743096 0.638876 -0.199112
vn 0.961399 -0.096699 -0.257606
vn 0.517647 -0.844277 -0.138703
vn -0.212287 -0.572059 0.792264
vn 0.792264 -0.572059 -0.212287
vn 0.064164 0.968784 -0.239457
vn -0.656482 0.733546 -0.175904
vn -0.479079 0.735504 -0.479080
vn -0.236078 0.409887 0.881056
vn 0.881056 0.409886 -0.236078
vn -0.144783 0.828895 0.540343
vn 0.540343 0.828895 -0.144785
vn 0.199113 0.638877 0.743095
vn -0.239511 0.968994 0.060710
vn -0.804218 0.593319 -0.034734
vn 0.977151 -0.098283 0.188456
vn 0.522413 -0.852048 0.033150
vn -0.186466 0.583265 -0.790590
vn 0.027546 0.970417 -0.239860
vn 0.138703 -0.844277 0.517647
vn 0.543362 0.833528 -0.099947
vn -0.239511 0.968994 0.060710
vn 0.027546 0.970417 -0.239860
vn -0.006680 0.837703 0.546085
vn 0.943269 0.176127 0.281467
vn 0.808501 -0.583782 0.074322
vn 0.905386 0.421205 0.053495
vn 0.378544 0.651930 0.657032
vn 0.212288 -0.572059 0.792264
vn 0.378544 0.651930 0.657032
vn 0.518443 0.180800 0.835780
vn 0.205157 0.412838 0.887398
vn 0.157496 -0.846580 0.508427
vn 0.413926 -0.099634 0.904842
vn -0.851313 0.244129 0.464399
vn -0.851313 0.244129 0.464399
vn -0.851314 0.244129 0.464399
vn -0.851313 0.244129 0.464399
vn 0.236598 -0.575113 0.783113
vn 0.157496 -0.846580 0.508427
vn -0.203350 0.618627 -0.758914
vn -0.186466 0.583265 -0.790590
vn -0.219291 0.666892 -0.712156
vn 0.977151 -0.098283 0.188456
vn 0.522413 -0.852048 0.033150
vn 0.808501 -0.583782 0.074322
vn 0.734966 -0.677071 0.037426
vn 0.905386 0.421205 0.053495
vn 0.816289 0.575482 -0.049943
vn 0.205157 0.412838 0.887398
vn 0.257870 -0.085579 0.962382
vn -0.804218 0.593319 -0.034734
vn -0.668106 0.730508 -0.141392
vn 0.852090 -0.354458 0.385100
vn 0.518754 0.796855 0.309703
vn 0.518754 0.796855 0.309703
vn 0.518754 0.796855 0.309703
vn 0.518754 0.796855 0.309703
vn 0.518754 0.796855 0.309703
vn 0.518754 0.796855 0.309703
vn 0.518754 0.796855 0.309703
vn 0.518754 0.796855 0.309703
vn -0.069071 0.686843 0.723516
vn -0.069071 0.686843 0.723516
vn -0.069071 0.686843 0.723516
vn -0.069071 0.686843 0.723516
vn -0.069071 0.686843 0.723516
vn -0.069071 0.686843 0.723516
vn -0.069071 0.686843 0.723516
vn -0.069071 0.686843 0.723516
vn -0.069071 0.686843 0.723516
vn -0.069071 0.686843 0.723516
vn -0.069071 0.686843 0.723516
vn -0.069071 0.686843 0.723516
vn -0.069071 0.686843 0.723516
vn -0.069071 0.686843 0.723516
vn 0.609774 0.727443 -0.314647
vn 0.609774 0.727443 -0.314647
vn 0.609774 0.727443 -0.314647
vn 0.609774 0.727443 -0.314647
vn 0.609774 0.727443 -0.314647
vn 0.609774 0.727443 -0.314647
vn 0.609774 0.727443 -0.314647
vn 0.609774 0.727443 -0.314647
vn 0.609774 0.727443 -0.314647
vn 0.609774 0.727443 -0.314647
vn 0.609774 0.727443 -0.314647
vn 0.609774 0.727443 -0.314647
vn 0.609774 0.727443 -0.314647
vn 0.609774 0.727443 -0.314647
s 1
g group1 Coupe
usemtl Flambeau_mat_1
f 705/725/990 703/726/991 704/727/992 707/728/993
f 706/729/994 703/726/991 705/725/990 708/730/995
f 705/725/990 707/728/993 709/731/996 710/732/997
f 713/733/998 711/734/999 712/735/1000 718/736/1001
f 715/966/1002 716/737/1003 714/738/1004 719/739/1005
f 707/728/993 711/734/999 717/740/1006 709/731/996
s off
f 720/741/1007 721/742/1008 722/743/1009 729/744/1010 735/745/1011
s 1
f 724/746/1012 710/732/997 723/747/1013 749/748/1014
f 727/749/1015 725/750/1016 726/751/1017 742/752/1018
f 710/732/997 709/731/996 728/753/1019 723/747/1013
f 731/754/1020 732/755/1021 733/756/1022
f 742/752/1018 726/751/1017 732/755/1021 731/754/1023 734/757/1024 739/758/1025 746/759/1026 750/760/1027
s off
usemtl Cailloux_mat1
f 734/757/1028 731/754/1029 733/756/1030 720/741/1031 735/745/1032 752/761/1033
s 1
usemtl Flambeau_mat_1
f 737/762/1034 738/763/1035 736/764/1036 757/1020/1037
f 720/741/1038 733/756/1022 732/755/1021 740/766/1039 730/767/1040 721/742/1041
f 729/744/1042 722/743/1043 741/768/1044 758/769/1045 754/770/1046
f 740/766/1039 732/755/1021 726/751/1017 747/771/1047
f 709/731/996 717/740/1006 748/772/1048 728/753/1019
f 750/760/1027 746/759/1049 743/773/1050 744/774/1051 745/775/1052
s off
usemtl Cailloux_mat1
f 746/759/1053 739/758/1054 753/776/1055 751/777/1056 743/773/1057
s 1
usemtl Flambeau_mat_1
f 752/761/1058 735/745/1059 729/744/1042 754/770/1046 761/778/1060 755/779/1061 756/780/1062 751/777/1063 753/776/1064
f 759/781/1065 713/733/998 718/736/1001 767/782/1066
f 719/739/1005 714/738/1004 760/783/1067 766/784/1068
f 717/740/1006 763/785/1069 762/786/1070 748/772/1048
f 760/783/1067 714/738/1004 764/787/1071 769/788/1072
f 765/789/1073 763/785/1069 713/733/998 759/781/1065
f 769/788/1072 764/787/1071 768/790/1074 774/791/1075
f 770/792/1076 762/786/1070 763/785/1069 765/789/1073
f 772/975/1077 773/793/1078 771/794/1079 779/795/1080
f 777/796/1081 775/972/1082 776/797/1083 802/798/1084
f 778/799/1085 760/783/1067 769/788/1072 780/800/1086
f 781/801/1087 782/802/1088 783/803/1089
f 786/804/1090 784/805/1091 785/806/1092 805/807/1093
f 789/808/1094 787/809/1095 788/810/1096 791/811/1097
f 791/811/1097 780/800/1086 790/812/1098 789/808/1094
f 791/811/1097 788/810/1096 792/813/1099 799/814/1100
f 795/815/1101 793/961/1102 794/962/1103 804/963/1104
f 798/819/1105 796/986/1106 797/988/1107 803/820/1108
f 780/800/1086 791/811/1097 799/814/1100 778/799/1085
f 794/817/1103 800/821/1109 801/822/1110
f 803/820/1108 797/988/1107 795/815/1101 808/823/1111
f 804/818/1104 794/817/1103 801/822/1110 807/824/1112
f 798/819/1105 803/820/1108 806/825/1113
f 799/814/1100 792/813/1099 809/826/1114 816/827/1115
f 810/828/1116 778/799/1085 799/814/1100 816/827/1115
f 795/815/1101 804/963/1104 811/964/1117 808/965/1111
f 806/825/1113 803/820/1108 808/823/1111 813/830/1118
f 804/818/1104 807/824/1112 812/831/1119 811/829/1117
f 814/832/1120 779/795/1080 771/794/1079 819/833/1121
f 808/823/1111 811/829/1117 815/834/1122 813/830/1118
f 815/834/1122 811/829/1117 812/831/1119
f 818/835/1123 805/807/1093 817/836/1124 820/837/1125
f 786/804/1090 805/807/1093 818/835/1123 824/838/1126
f 823/839/1127 821/992/1128 822/841/1129 825/842/1130
f 828/843/1131 826/844/1132 827/845/1133 829/846/1134 941/847/1135 934/848/1136
f 829/846/1134 827/845/1133 830/849/1137
f 831/850/1138 832/851/1139 833/852/1140
f 833/852/1141 832/851/1139 834/853/1142
f 835/854/1143 836/855/1144 837/856/1145
f 838/857/1146 839/858/1147 840/859/1148
s off
f 841/860/1149 842/861/1150 843/862/1151
s 1
f 712/735/1000 711/734/999 707/728/993 704/727/992
f 706/967/994 708/969/995 716/737/1003 715/966/1002
f 710/732/997 724/746/1012 708/730/995 705/725/990
f 724/968/1012 844/863/1152 716/737/1003 708/969/995
f 737/762/1034 845/864/1153 846/865/1154 847/866/1155
f 738/763/1035 737/762/1034 847/866/1155 848/867/1156
f 847/866/1155 846/865/1154 849/868/1157 725/750/1016
f 848/867/1156 847/866/1155 725/750/1016 727/749/1015
f 725/750/1016 849/868/1157 747/771/1047 726/751/1017
f 721/742/1158 730/767/1040 741/768/1044 722/743/1159
f 763/785/1069 717/740/1006 711/734/999 713/733/998
f 844/863/1152 764/787/1071 714/738/1004 716/737/1003
f 756/780/1160 755/779/1061 745/775/1052 744/774/1161
f 757/1020/1037 850/1019/1162 845/864/1153 737/762/1034
s off
usemtl Cailloux_mat1
f 751/777/1163 756/780/1164 744/774/1165 743/773/1166
s 1
usemtl Flambeau_mat_1
f 749/977/1014 851/870/1167 844/863/1152 724/968/1012
f 845/864/1153 852/871/1168 853/872/1169 846/865/1154
f 772/975/1077 738/974/1035 848/970/1156 773/793/1078
s off
usemtl Cailloux_mat1
f 739/758/1170 734/757/1171 752/761/1172 753/776/1173
s 1
usemtl Flambeau_mat_1
f 846/865/1154 853/872/1169 854/873/1174 849/868/1157
f 773/793/1078 848/970/1156 727/971/1015 775/972/1082
f 850/1019/1162 855/1016/1175 852/871/1168 845/864/1153
f 856/875/1176 736/1017/1036 738/974/1035 772/975/1077
f 723/747/1013 728/753/1019 850/869/1162 757/765/1037
f 749/748/1014 723/747/1013 757/765/1037 736/1018/1036
f 849/868/1157 854/873/1174 785/806/1092 747/771/1047
f 775/972/1082 727/971/1015 742/976/1018 776/797/1083
f 851/870/1167 768/790/1074 764/787/1071 844/863/1152
f 728/753/1019 748/772/1048 855/874/1175 850/869/1162
f 851/870/1167 749/977/1014 736/973/1036 856/1015/1176
f 784/805/1091 857/876/1177 730/767/1040 740/766/1039
f 858/877/1178 750/980/1027 745/978/1052 859/878/1179
f 730/767/1040 857/876/1177 860/879/1180 741/768/1044
f 859/878/1179 745/978/1052 755/979/1061 861/880/1181
f 747/771/1047 785/806/1092 784/805/1091 740/766/1039
f 776/797/1083 742/976/1018 750/980/1027 858/877/1178
f 862/881/1182 863/998/1183 864/883/1184 865/884/1185
f 863/998/1183 866/995/1186 867/886/1187 864/883/1184
f 754/770/1046 863/882/1183 862/996/1182 761/778/1060
f 754/770/1046 758/769/1045 866/885/1186 863/882/1183
f 864/883/1184 867/886/1187 868/887/1188 869/888/1189
f 864/883/1184 869/888/1189 870/889/1190 865/884/1185
f 748/772/1048 762/786/1070 871/890/1191 855/874/1175
f 851/870/1167 856/1015/1176 872/1013/1192 768/790/1074
f 860/879/1180 873/892/1193 758/769/1045 741/768/1044
f 861/880/1181 755/979/1061 761/981/1060 874/893/1194
f 855/1016/1175 871/1014/1191 875/894/1195 852/871/1168
f 872/891/1192 856/875/1176 772/975/1077 779/795/1080
f 762/786/1070 770/792/1076 876/1012/1196 871/890/1191
f 774/791/1075 768/790/1074 872/1013/1192 877/1011/1197
f 852/871/1168 875/894/1195 878/897/1198 853/872/1169
f 867/886/1187 879/898/1199 880/899/1200 868/887/1188
f 881/900/1201 865/982/1185 870/984/1190 882/901/1202
f 883/902/1203 862/983/1182 865/982/1185 881/900/1201
f 884/994/1204 879/898/1199 867/886/1187 866/995/1186
f 869/888/1189 868/887/1188 885/904/1205 782/802/1088
f 870/889/1190 869/888/1189 782/802/1088 781/801/1087
f 874/893/1194 761/981/1060 862/997/1182 883/993/1203
f 758/769/1045 873/892/1193 884/903/1204 866/885/1186
f 787/809/1095 770/792/1076 765/789/1073 788/810/1096
f 769/788/1072 774/791/1075 790/812/1098 780/800/1086
f 788/810/1096 765/789/1073 759/781/1065 792/813/1099
f 853/872/1169 878/897/1198 817/836/1124 854/873/1174
f 771/794/1079 773/793/1078 775/972/1082 777/796/1081
f 770/792/1076 787/809/1095 886/1010/1206 876/1012/1196
f 790/812/1098 774/791/1075 877/1011/1197 887/1008/1207
f 880/899/1200 800/821/1109 885/904/1205 868/887/1188
f 882/901/1202 870/984/1190 781/985/1087 796/986/1106
f 766/784/1068 760/783/1067 778/799/1085 810/828/1116
f 809/826/1114 792/813/1099 759/781/1065 767/782/1066
f 854/873/1174 817/836/1124 805/807/1093 785/806/1092
f 885/904/1205 793/816/1102 783/803/1089 782/802/1088
f 789/808/1094 888/1009/1208 886/1010/1206 787/809/1095
f 789/808/1094 790/812/1098 887/1008/1207 888/1009/1208
f 796/986/1106 781/985/1087 783/987/1089 797/988/1107
f 800/821/1109 794/817/1103 793/816/1102 885/904/1205
f 797/988/1107 783/987/1089 793/961/1102 795/815/1101
f 871/1014/1191 876/895/1196 889/908/1209 875/894/1195
f 877/896/1197 872/891/1192 779/795/1080 814/832/1120
f 802/798/1084 776/797/1083 858/877/1178 890/909/1210
f 880/899/1200 891/910/1211 801/822/1110 800/821/1109
f 892/911/1212 882/901/1202 796/986/1106 798/819/1105
f 784/805/1091 786/804/1090 893/912/1213 857/876/1177
f 890/909/1210 858/877/1178 859/878/1179 894/913/1214
f 857/876/1177 893/912/1213 895/914/1215 860/879/1180
f 894/913/1214 859/878/1179 861/880/1181 896/915/1216
f 879/898/1199 897/916/1217 891/910/1211 880/899/1200
f 822/841/1129 881/900/1201 882/901/1202 892/911/1212
f 891/910/1211 898/917/1218 807/824/1112 801/822/1110
f 899/918/1219 892/911/1212 798/819/1105 806/825/1113
f 860/879/1180 895/914/1215 900/919/1220 873/892/1193
f 896/915/1216 861/880/1181 874/893/1194 901/920/1221
f 884/994/1204 902/991/1222 897/916/1217 879/898/1199
f 821/992/1128 883/902/1203 881/900/1201 822/841/1129
f 876/895/1196 886/905/1206 826/844/1132 889/908/1209
f 877/896/1197 814/832/1120 903/922/1223 887/906/1207
f 873/892/1193 900/919/1220 902/921/1222 884/903/1204
f 901/920/1221 874/893/1194 883/993/1203 821/840/1128
f 898/917/1218 904/923/1224 812/831/1119 807/824/1112
f 905/924/1225 899/918/1219 806/825/1113 813/830/1118
f 875/894/1195 889/908/1209 906/925/1226 878/897/1198
f 904/923/1224 907/926/1227 815/834/1122 812/831/1119
f 907/926/1227 905/924/1225 813/830/1118 815/834/1122
f 908/927/1228 898/917/1218 891/910/1211 897/916/1217
f 825/842/1130 822/841/1129 892/911/1212 899/918/1219
f 886/905/1206 888/907/1208 827/845/1133 826/844/1132
f 888/907/1208 887/906/1207 903/922/1223 827/845/1133
f 906/925/1226 820/837/1125 817/836/1124 878/897/1198
f 819/833/1121 771/794/1079 777/796/1081 909/928/1229
f 909/928/1229 777/796/1081 802/798/1084 910/929/1230
f 910/929/1230 802/798/1084 890/909/1210 911/930/1231
f 786/804/1090 824/838/1126 912/931/1232 893/912/1213
f 911/930/1231 890/909/1210 894/913/1214 913/932/1233
f 902/991/1222 914/989/1234 908/927/1228 897/916/1217
f 915/1001/1235 905/924/1225 907/926/1227 916/935/1236
f 912/931/1232 917/936/1237 895/914/1215 893/912/1213
f 913/932/1233 894/913/1214 896/915/1216 918/937/1238
f 895/914/1215 917/936/1237 919/938/1239 900/919/1220
f 918/937/1238 896/915/1216 901/920/1221 920/939/1240
f 889/908/1209 826/844/1132 828/843/1131 906/925/1226
f 903/922/1223 814/832/1120 819/833/1121 836/855/1144
f 919/938/1239 914/933/1234 902/921/1222 900/919/1220
f 920/939/1240 901/920/1221 821/840/1128 823/990/1127
f 906/925/1226 828/843/1131 921/940/1241 820/837/1125
f 819/833/1121 909/928/1229 832/851/1139 836/855/1144
f 820/837/1125 921/940/1241 839/858/1147 818/835/1123
f 922/1007/1242 823/839/1127 825/842/1130 923/942/1243
f 924/943/1244 910/929/1230 911/930/1231 925/944/1245
f 926/1005/1246 908/927/1228 914/989/1234 927/1006/1247
f 818/835/1123 839/858/1147 928/947/1248 824/838/1126
f 929/948/1249 920/939/1240 823/990/1127 922/941/1250
f 927/946/1251 914/933/1234 919/938/1239 930/949/1252
f 837/856/1253 836/855/1144 832/851/1139 831/850/1138
f 931/950/1254 913/932/1233 918/937/1238 932/951/1255
f 840/859/1148 839/858/1147 921/940/1241 933/952/1256
f 824/838/1126 928/947/1248 842/861/1257 912/931/1232
f 933/952/1258 921/940/1241 828/843/1131 934/848/1259
f 930/949/1252 919/938/1239 917/936/1237 935/953/1260
f 936/954/1261 928/947/1248 839/858/1147 838/857/1262
s off
f 937/955/1263 931/950/1264 932/951/1265 938/956/1266
s 1
f 843/862/1267 842/861/1257 928/947/1248 936/954/1268
f 939/1004/1269 904/923/1224 898/917/1218 908/927/1228 926/1005/1270
f 916/935/1236 907/926/1227 904/923/1224 939/1004/1269 940/1002/1271
f 834/853/1142 832/851/1139 909/928/1229 910/929/1230 924/943/1272
f 925/944/1273 911/930/1231 913/932/1233 931/950/1274 937/955/1275
f 932/951/1276 918/937/1238 920/939/1240 929/948/1249 938/956/1277
f 935/953/1278 917/936/1237 912/931/1232 842/861/1257 841/860/1279
f 923/942/1280 825/842/1130 899/918/1219 905/924/1225 915/1001/1235 942/999/1281
f 836/855/1144 835/854/1143 943/960/1282 830/849/1137 827/845/1133 903/922/1223
s off
usemtl Cailloux_mat1
f 942/959/1283 915/934/1284 916/1003/1285 940/958/1286 941/847/1287 829/846/1288 830/849/1289 943/960/1290
f 938/956/1291 929/948/1292 922/941/1293 923/1000/1294 942/959/1295 943/960/1296 835/854/1297 837/856/1298 831/850/1299 833/852/1300 834/853/1301 924/943/1302 925/944/1303 937/955/1304
f 940/958/1305 939/957/1306 926/945/1307 927/946/1308 930/949/1309 935/953/1310 841/860/1311 843/862/1312 936/954/1313 838/857/1314 840/859/1315 933/952/1316 934/848/1317 941/847/1318
g default
v 14.670845 10.403809 19.930344
v 17.775558 8.754502 19.404869
v 16.002686 12.612656 28.647591
v 15.915508 10.473282 30.446400
v 15.874214 9.270006 29.256054
v 18.357195 8.788542 30.542393
v 17.336296 9.539421 30.524336
v 13.425179 12.136705 26.619581
v 14.660820 8.578831 26.743477
v 17.135601 6.994007 26.473137
v 23.087448 6.436281 25.594414
v 20.686638 12.808723 26.129898
v 18.407017 14.178482 26.525013
v 14.161469 8.898609 23.393589
v 22.947773 6.484129 22.923878
v 20.545164 12.809238 22.968433
v 17.375977 13.845898 23.404778
v 22.093777 6.850396 29.021803
v 13.641151 13.969774 21.750549
v 12.616486 12.510799 23.149498
v 12.650002 12.443711 20.467346
v 22.011971 6.810056 20.611969
v 23.301517 8.398830 21.892159
v 21.527882 6.097267 25.444542
v 17.135611 6.993999 23.058304
vt 0.834875 0.158843
vt 0.956113 0.306927
vt 0.874853 0.146528
vt 0.872077 0.135965
vt 0.842394 0.179415
vt 0.960480 0.266905
vt 0.835053 0.152241
vt 0.970655 0.255421
vt 0.970610 0.309716
vt 0.878102 0.159733
vt 0.840994 0.154512
vt 0.835559 0.163763
vt 0.992863 0.265058
vt 0.990249 0.301662
vt 0.874437 0.177701
vt 0.947540 0.270940
vt 0.850587 0.152266
vt 0.852004 0.161815
vt 0.855817 0.177454
vt 0.855398 0.183605
vt 0.973874 0.278056
vt 0.966463 0.276789
vt 0.861516 0.149490
vt 0.865551 0.182554
vt 0.987914 0.292695
vt 0.972745 0.287065
vt 0.962662 0.286012
vt 0.951183 0.290849
vt 0.861968 0.135184
vt 0.863343 0.161197
vt 0.947048 0.298251
vt 0.943772 0.286282
vt 0.996050 0.292013
vt 0.997563 0.280356
vt 0.848493 0.138215
vt 0.963211 0.256602
vt 0.976305 0.255243
vn -0.654066 -0.593029 0.469589
vn -0.168693 -0.639472 0.750079
vn -0.321288 -0.347552 0.880898
vn -0.943380 0.034667 0.329899
vn -0.814176 -0.016533 0.580383
vn -0.183704 0.735780 0.651829
vn -0.757420 -0.621280 0.200815
vn -0.654066 -0.593029 0.469589
vn -0.814176 -0.016533 0.580383
vn -0.943380 0.034667 0.329899
vn -0.322766 -0.855276 0.405370
vn -0.654066 -0.593029 0.469589
vn -0.757420 -0.621280 0.200815
vn -0.338913 -0.929701 0.144205
vn -0.151681 -0.937470 0.313278
vn -0.322766 -0.855276 0.405370
vn -0.338913 -0.929701 0.144205
vn -0.101736 -0.991572 0.080217
vn 0.700103 0.707087 0.099421
vn 0.555307 0.611606 0.563536
vn 0.742367 0.534182 0.404401
vn 0.877508 0.476284 0.055982
vn 0.700103 0.707087 0.099421
vn 0.194956 0.961707 0.192645
vn 0.187911 0.732122 0.654742
vn 0.555307 0.611606 0.563536
vn 0.187911 0.732122 0.654742
vn 0.194956 0.961707 0.192645
vn -0.324482 0.895249 0.305356
vn -0.183704 0.735780 0.651829
vn -0.777537 -0.628655 -0.015113
vn -0.757420 -0.621280 0.200815
vn -0.943380 0.034667 0.329899
vn -0.988976 -0.033436 0.144249
vn -0.338913 -0.929701 0.144205
vn -0.757420 -0.621280 0.200815
vn -0.777537 -0.628655 -0.015113
vn -0.364750 -0.925540 -0.101655
vn -0.101736 -0.991572 0.080217
vn -0.338913 -0.929701 0.144205
vn -0.364750 -0.925540 -0.101655
vn -0.127536 -0.989009 -0.074802
vn 0.866804 0.497569 -0.032804
vn 0.989556 0.136900 0.045125
vn 0.989596 0.143643 -0.008179
vn 0.662587 0.729540 -0.169561
vn 0.700103 0.707087 0.099421
vn 0.877508 0.476284 0.055982
vn 0.866804 0.497569 -0.032804
vn 0.662587 0.729540 -0.169561
vn 0.141282 0.981220 -0.131328
vn 0.194956 0.961707 0.192645
vn 0.700103 0.707087 0.099421
vn 0.194956 0.961707 0.192645
vn 0.141282 0.981220 -0.131328
vn -0.309087 0.949455 0.054773
vn -0.324482 0.895249 0.305356
vn 0.214670 0.399914 -0.891059
vn 0.415252 0.657293 -0.628913
vn 0.679617 0.576916 -0.453089
vn 0.406318 0.372477 -0.834366
vn 0.204777 0.784516 -0.585322
vn 0.415252 0.657293 -0.628913
vn 0.214670 0.399914 -0.891059
vn 0.110232 0.447435 -0.887497
vn -0.140144 0.931079 -0.336826
vn -0.639188 -0.108380 -0.761375
vn -0.975708 -0.149879 -0.159783
vn 0.754014 0.060285 -0.654086
vn 0.970167 0.131896 -0.203419
vn 0.732372 -0.611116 -0.300282
vn -0.814176 -0.016533 0.580383
vn -0.654066 -0.593029 0.469589
vn -0.321288 -0.347552 0.880898
vn 0.006180 0.598011 0.801464
vn 0.187911 0.732122 0.654742
vn -0.183704 0.735780 0.651829
vn -0.140144 0.931079 -0.336826
vn 0.204777 0.784516 -0.585322
vn 0.110232 0.447435 -0.887497
vn 0.028998 0.630328 -0.775787
vn -0.309087 0.949455 0.054773
vn 0.204777 0.784516 -0.585322
vn -0.140144 0.931079 -0.336826
vn -0.101736 -0.991572 0.080217
vn 0.692643 -0.716068 -0.086559
vn 0.635827 -0.768813 0.068203
vn -0.151681 -0.937470 0.313278
vn -0.101736 -0.991572 0.080217
vn 0.635827 -0.768813 0.068203
vn -0.639188 -0.108380 -0.761375
vn -0.453090 -0.368143 -0.811899
vn -0.688632 -0.658177 -0.304285
vn -0.975708 -0.149879 -0.159783
vn -0.453090 -0.368143 -0.811899
vn -0.174030 -0.355486 -0.918337
vn -0.386595 -0.822188 -0.417794
vn -0.688632 -0.658177 -0.304285
vn -0.174030 -0.355486 -0.918337
vn 0.059705 -0.305936 -0.950178
vn -0.183787 -0.907569 -0.377545
vn -0.386595 -0.822188 -0.417794
s off
g group1 pCube58 Cailloux
usemtl Cailloux_mat1
f 948/1031/1319 949/1032/1320 950/1021/1321
f 951/1036/1322 947/1056/1323 946/1026/1324
f 952/1037/1325 948/1031/1326 947/1027/1327 951/1055/1328
f 949/1032/1329 948/1031/1330 952/1037/1331 953/1038/1332
f 961/1025/1333 949/1032/1334 953/1038/1335 967/1039/1336
f 955/1041/1337 949/1057/1338 961/1033/1339 954/1054/1340
f 955/1041/1341 956/1042/1342 950/1028/1343 949/1057/1344
f 950/1028/1345 956/1042/1346 951/1036/1347 946/1026/1348
f 957/1043/1349 952/1037/1350 951/1055/1351 963/1049/1352
f 953/1038/1353 952/1037/1354 957/1043/1355 968/1050/1356
f 967/1039/1357 953/1038/1358 968/1050/1359 958/1044/1360
f 966/1045/1361 954/1054/1362 958/1053/1363
f 959/1046/1364 955/1041/1365 954/1054/1366 966/1045/1367
f 959/1046/1368 960/1047/1369 956/1042/1370 955/1041/1371
f 956/1042/1372 960/1047/1373 963/1052/1374 951/1036/1375
f 945/1029/1376 959/1046/1377 966/1045/1378 965/1034/1379
f 960/1047/1380 959/1046/1381 945/1029/1382 944/1022/1383
f 962/1048/1384 964/1051/1385 963/1052/1386
f 965/1034/1387 966/1045/1388 958/1053/1389
f 947/1027/1390 948/1031/1391 950/1021/1392
f 947/1056/1393 950/1028/1394 946/1026/1395
f 962/1048/1396 960/1047/1397 944/1022/1398 964/1051/1399
f 963/1052/1400 960/1047/1401 962/1048/1402
f 967/1039/1403 958/1044/1404 954/1040/1405
f 961/1025/1406 967/1039/1407 954/1040/1408
f 964/1024/1409 944/1023/1410 957/1043/1411 963/1049/1412
f 944/1023/1413 945/1030/1414 968/1050/1415 957/1043/1416
f 945/1030/1417 965/1035/1418 958/1044/1419 968/1050/1420
g default
v 18.189941 -2.058638 33.434425
v 33.249756 1.632971 18.720886
v 22.681885 -1.525688 34.623726
v 22.941772 2.524285 36.249882
v 34.822266 1.652617 21.406319
v 21.728516 -0.175699 18.476074
v 28.703613 -0.162718 24.299286
v 30.461304 1.249292 26.818920
v 32.885132 1.747887 29.388359
v 32.127808 5.904686 26.316906
v 29.325806 6.651369 24.572807
v 13.516968 -1.790337 27.461672
v 12.404297 -1.752094 29.131493
v 10.699097 3.026275 26.345617
v 12.629150 -1.831919 30.632107
v 26.469849 -0.417202 35.887928
v 28.346680 0.384659 34.928532
v 27.220703 3.080455 15.389740
v 27.859253 1.505229 15.172470
v 26.416626 1.370638 15.059830
v 29.344849 1.360600 15.887932
v 35.564697 3.192150 26.135464
v 35.519775 1.892884 24.846889
v 35.290039 1.739149 26.297005
v 25.499878 5.497270 21.221043
v 29.164307 4.829658 18.976044
v 33.172607 4.648887 21.146210
v 34.290161 4.404277 23.448982
v 25.239990 7.260529 32.334549
v 20.942993 9.301231 30.006531
v 14.014160 7.547531 27.149445
v 24.239868 -0.021725 20.356026
v 28.046265 0.786144 17.767826
v 32.295654 1.104057 20.289932
v 33.527344 1.665829 23.229771
v 14.220337 -2.031925 29.203934
v 20.917480 -1.867254 30.433674
v 24.648926 -0.755110 32.816261
vt 0.483317 0.032931
vt 0.541017 0.075150
vt 0.556908 0.052452
vt 0.954663 0.367659
vt 0.543842 0.046061
vt 0.555994 0.035277
vt 0.969557 0.368284
vt 0.974667 0.344856
vt 0.547414 0.029976
vt 0.504180 0.046041
vt 0.513451 0.026019
vt 0.519786 0.015727
vt 0.525491 0.004346
vt 0.973282 0.400002
vt 0.961474 0.398977
vt 0.942098 0.400282
vt 0.923805 0.419920
vt 0.495367 0.017963
vt 0.503814 0.009888
vt 0.512011 0.000011
vt 0.963055 0.416733
vt 0.972254 0.413277
vt 0.971025 0.427169
vt 0.957221 0.430871
vt 0.547938 0.077164
vt 0.555869 0.020249
vt 0.546366 0.070780
vt 0.933897 0.360845
vt 0.923015 0.329651
vt 0.996675 0.356874
vt 0.946427 0.413426
vt 0.491333 0.035449
vt 0.984543 0.416854
vt 0.984575 0.409692
vt 0.929081 0.424205
vt 0.930746 0.418618
vt 0.907607 0.397958
vt 0.920518 0.352283
vt 0.989457 0.411407
vt 0.506785 0.001077
vt 0.935564 0.428380
vt 0.482257 0.038782
vt 0.483420 0.043861
vt 0.991270 0.345829
vt 0.550257 0.014308
vt 0.915794 0.334703
vt 0.552881 0.074821
vt 0.907473 0.342343
vt 0.997055 0.393499
vt 0.500706 0.056740
vt 0.496056 0.007874
vt 0.976113 0.330754
vt 0.488724 0.016318
vt 0.955283 0.322057
vn -0.771387 0.551207 -0.318015
vn -0.460220 -0.629923 -0.625616
vn -0.627935 -0.638144 -0.445499
vn -0.042287 0.621393 0.782357
vn -0.304368 -0.592892 0.745546
vn -0.098619 -0.685124 0.721720
vn 0.120878 0.864404 0.488052
vn -0.076552 0.976241 0.202716
vn -0.304368 -0.592892 0.745546
vn -0.042287 0.621393 0.782357
vn 0.123010 -0.985393 0.117771
vn 0.301843 -0.952185 0.047276
vn -0.098619 -0.685124 0.721720
vn -0.304368 -0.592892 0.745546
vn 0.033731 0.633662 0.772874
vn -0.042287 0.621393 0.782357
vn -0.098619 -0.685124 0.721720
vn -0.286441 -0.560131 -0.777306
vn -0.460220 -0.629923 -0.625616
vn -0.106255 0.851837 -0.512916
vn 0.034853 -0.994825 -0.095437
vn -0.460220 -0.629923 -0.625616
vn -0.286441 -0.560131 -0.777306
vn 0.138535 -0.974208 -0.178119
vn 0.361584 -0.926527 0.103948
vn 0.218599 -0.971338 -0.093367
vn 0.214629 -0.973631 -0.077312
vn 0.251318 -0.965352 0.070251
vn 0.576025 -0.775994 0.256960
vn 0.361584 -0.926527 0.103948
vn 0.251318 -0.965352 0.070251
vn 0.416054 -0.883167 0.216601
vn 0.669663 0.740453 0.057275
vn 0.576025 -0.775994 0.256960
vn 0.416054 -0.883167 0.216601
vn 0.396294 0.909745 -0.123752
vn 0.291474 0.949317 0.117643
vn 0.576025 -0.775994 0.256960
vn 0.669663 0.740453 0.057275
vn 0.127859 0.960565 -0.246914
vn 0.291474 0.949317 0.117643
vn 0.396294 0.909745 -0.123752
vn 0.208140 0.952341 -0.222992
vn -0.041304 0.959217 -0.279638
vn 0.127859 0.960565 -0.246914
vn 0.208140 0.952341 -0.222992
vn 0.095374 0.958464 -0.268796
vn 0.208140 0.952341 -0.222992
vn 0.396294 0.909745 -0.123752
vn 0.703042 -0.668667 -0.242109
vn 0.553272 -0.639984 -0.533208
vn -0.627935 -0.638144 -0.445499
vn -0.789951 0.613081 0.010465
vn -0.771387 0.551207 -0.318015
vn -0.106255 0.851837 -0.512916
vn 0.188329 -0.634367 -0.749740
vn -0.286441 -0.560131 -0.777306
vn 0.665243 -0.744523 -0.056006
vn 0.669663 0.740453 0.057275
vn 0.416054 -0.883167 0.216601
vn -0.789951 0.613081 0.010465
vn -0.627935 -0.638144 -0.445499
vn -0.036642 -0.998708 0.035203
vn -0.503488 -0.473439 0.722742
vn -0.076552 0.976241 0.202716
vn -0.310760 0.949338 0.046752
vn -0.503488 -0.473439 0.722742
vn -0.304368 -0.592892 0.745546
vn 0.033731 0.633662 0.772874
vn -0.098619 -0.685124 0.721720
vn 0.301843 -0.952185 0.047276
vn 0.581386 -0.760447 0.289330
vn 0.033731 0.633662 0.772874
vn 0.581386 -0.760447 0.289330
vn 0.120878 0.864404 0.488052
vn -0.042287 0.621393 0.782357
vn 0.553272 -0.639984 -0.533208
vn 0.389603 -0.722271 -0.571431
vn 0.095374 0.958464 -0.268796
vn 0.208140 0.952341 -0.222992
vn 0.396294 0.909745 -0.123752
vn 0.669663 0.740453 0.057275
vn 0.665243 -0.744523 -0.056006
vn 0.703042 -0.668667 -0.242109
vn 0.188329 -0.634367 -0.749740
vn -0.106255 0.851837 -0.512916
vn 0.095374 0.958464 -0.268796
vn 0.389603 -0.722271 -0.571431
vn -0.106255 0.851837 -0.512916
vn -0.460220 -0.629923 -0.625616
vn -0.041304 0.959217 -0.279638
vn 0.095374 0.958464 -0.268796
vn -0.789951 0.613081 0.010465
vn -0.503488 -0.473439 0.722742
vn -0.310760 0.949338 0.046752
vn -0.771387 0.551207 -0.318015
vn 0.581386 -0.760447 0.289330
vn 0.576025 -0.775994 0.256960
vn 0.291474 0.949317 0.117643
vn 0.120878 0.864404 0.488052
vn 0.291474 0.949317 0.117643
vn 0.127859 0.960565 -0.246914
vn -0.076552 0.976241 0.202716
vn 0.120878 0.864404 0.488052
vn 0.127859 0.960565 -0.246914
vn -0.041304 0.959217 -0.279638
vn -0.310760 0.949338 0.046752
vn -0.076552 0.976241 0.202716
vn -0.310760 0.949338 0.046752
vn -0.041304 0.959217 -0.279638
vn -0.460220 -0.629923 -0.625616
vn -0.771387 0.551207 -0.318015
vn 0.218599 -0.971338 -0.093367
vn 0.034853 -0.994825 -0.095437
vn 0.138535 -0.974208 -0.178119
vn 0.214629 -0.973631 -0.077312
vn -0.304368 -0.592892 0.745546
vn -0.503488 -0.473439 0.722742
vn -0.036642 -0.998708 0.035203
vn 0.123010 -0.985393 0.117771
vn 0.188329 -0.634367 -0.749740
vn 0.389603 -0.722271 -0.571431
vn 0.138535 -0.974208 -0.178119
vn -0.286441 -0.560131 -0.777306
vn 0.214629 -0.973631 -0.077312
vn 0.138535 -0.974208 -0.178119
vn 0.389603 -0.722271 -0.571431
vn 0.553272 -0.639984 -0.533208
vn 0.553272 -0.639984 -0.533208
vn 0.703042 -0.668667 -0.242109
vn 0.251318 -0.965352 0.070251
vn 0.214629 -0.973631 -0.077312
vn 0.416054 -0.883167 0.216601
vn 0.251318 -0.965352 0.070251
vn 0.703042 -0.668667 -0.242109
vn 0.665243 -0.744523 -0.056006
vn -0.460220 -0.629923 -0.625616
vn 0.034853 -0.994825 -0.095437
vn -0.036642 -0.998708 0.035203
vn -0.627935 -0.638144 -0.445499
vn -0.036642 -0.998708 0.035203
vn 0.034853 -0.994825 -0.095437
vn 0.218599 -0.971338 -0.093367
vn 0.123010 -0.985393 0.117771
vn 0.301843 -0.952185 0.047276
vn 0.123010 -0.985393 0.117771
vn 0.218599 -0.971338 -0.093367
vn 0.361584 -0.926527 0.103948
vn 0.301843 -0.952185 0.047276
vn 0.361584 -0.926527 0.103948
vn 0.576025 -0.775994 0.256960
vn 0.581386 -0.760447 0.289330
s off
g group1 Cailloux pCube57
usemtl Cailloux_mat1
f 982/1095/1421 974/1094/1422 980/1105/1423
f 972/1065/1424 969/1111/1425 971/1109/1426
f 997/1064/1427 998/1061/1428 969/1111/1429 972/1065/1430
f 1005/1062/1431 1006/1066/1432 971/1063/1433 969/1060/1434
f 984/1101/1435 972/1065/1436 971/1109/1437
f 988/1074/1438 974/1094/1439 986/1093/1440
f 1000/1067/1441 974/1107/1442 988/1100/1443 1001/1089/1444
f 976/1069/1445 975/1068/1446 1002/1075/1447 1003/1076/1448
f 977/1070/1449 976/1069/1450 1003/1076/1451 992/1077/1452
f 990/1091/1453 977/1106/1454 992/1096/1455
f 996/1079/1456 978/1071/1457 977/1106/1458 990/1091/1459
f 979/1072/1460 978/1071/1461 996/1079/1462 995/1078/1463
f 993/1073/1464 979/1072/1465 995/1078/1466 994/1088/1467
f 995/1078/1468 996/1079/1469 973/1080/1470 970/1081/1471
f 980/1105/1472 981/1103/1473 982/1095/1474
f 986/1093/1475 987/1092/1476 988/1074/1477
f 991/1090/1478 990/1091/1479 992/1096/1480
f 981/1082/1481 980/1059/1482 1004/1084/1483 983/1104/1484
f 998/1061/1485 999/1085/1486 983/1086/1487 969/1111/1488
f 984/1083/1489 971/1063/1490 1006/1066/1491 985/1102/1492
f 984/1101/1493 985/1087/1494 997/1064/1495 972/1065/1496
f 970/1081/1497 989/1098/1498 994/1088/1499 995/1078/1500
f 996/1079/1501 990/1091/1502 991/1090/1503 973/1080/1504
f 987/1092/1505 986/1093/1506 994/1088/1507 989/1098/1508
f 986/1093/1509 974/1094/1510 993/1073/1511 994/1088/1512
f 981/1103/1513 983/1086/1514 999/1085/1515 982/1095/1516
f 985/1087/1517 977/1106/1518 978/1071/1519 997/1064/1520
f 978/1071/1521 979/1072/1522 998/1061/1523 997/1064/1524
f 979/1072/1525 993/1073/1526 999/1085/1527 998/1061/1528
f 999/1085/1529 993/1073/1530 974/1094/1531 982/1095/1532
f 975/1068/1533 1000/1067/1534 1001/1089/1535 1002/1075/1536
f 969/1060/1537 983/1104/1538 1004/1084/1539 1005/1062/1540
f 987/1099/1541 989/1058/1542 1001/1089/1543 988/1100/1544
f 1002/1075/1545 1001/1089/1546 989/1058/1547 970/1110/1548
f 970/1110/1549 973/1108/1550 1003/1076/1551 1002/1075/1552
f 992/1077/1553 1003/1076/1554 973/1108/1555 991/1097/1556
f 974/1107/1557 1000/1067/1558 1004/1084/1559 980/1059/1560
f 1004/1084/1561 1000/1067/1562 975/1068/1563 1005/1062/1564
f 1006/1066/1565 1005/1062/1566 975/1068/1567 976/1069/1568
f 1006/1066/1569 976/1069/1570 977/1070/1571 985/1102/1572
g default
v 37.789062 143.247467 1.984081
v 32.273315 144.516129 6.667145
v 36.277588 143.430603 1.468597
v 36.227539 144.822449 0.904888
v 31.798584 144.522888 5.708824
v 36.217285 143.894562 7.027317
v 33.965698 143.899017 4.863697
v 33.423462 144.384277 3.957775
v 32.654175 144.555634 3.018776
v 32.840088 145.984177 4.089878
v 33.758911 146.240784 4.754986
v 39.247925 143.339661 4.143688
v 39.669434 143.352814 3.597908
v 40.187134 144.994965 4.593956
v 39.628296 143.325378 3.078133
v 35.009277 143.811554 0.944424
v 34.342896 144.087143 1.228281
v 34.260376 145.013596 7.953728
v 34.036255 144.472244 8.012932
v 34.528076 144.425980 8.086151
v 33.544067 144.422531 7.732002
v 31.657471 145.051971 4.069695
v 31.641968 144.605469 4.512501
v 31.755493 144.552628 4.020920
v 34.990234 145.844162 5.995819
v 33.680054 145.614716 6.677628
v 32.357910 145.552612 5.837509
v 32.030029 145.468536 5.021233
v 35.345825 146.450119 2.192051
v 36.763062 147.151459 3.093208
v 39.069946 146.548767 4.238800
v 35.401367 143.947464 6.322639
v 34.034424 144.225113 7.118656
v 32.638062 144.334366 6.152138
v 32.286377 144.527420 5.114666
v 39.048584 143.256638 3.529541
v 36.781982 143.313232 2.947416
v 35.559937 143.695435 2.041079
vt 0.187044 0.011324
vt 0.206874 0.025833
vt 0.212335 0.018033
vt 0.083630 0.015685
vt 0.207845 0.015836
vt 0.212021 0.012130
vt 0.088748 0.015900
vt 0.090505 0.007848
vt 0.209072 0.010308
vt 0.194214 0.015830
vt 0.197401 0.008949
vt 0.199577 0.005412
vt 0.201538 0.001500
vt 0.090028 0.026800
vt 0.085971 0.026448
vt 0.079312 0.026896
vt 0.073025 0.033645
vt 0.191186 0.006180
vt 0.194088 0.003405
vt 0.196905 0.000011
vt 0.086514 0.032550
vt 0.089675 0.031362
vt 0.089253 0.036136
vt 0.084509 0.037408
vt 0.209252 0.026525
vt 0.211978 0.006966
vt 0.208712 0.024332
vt 0.076493 0.013343
vt 0.072754 0.002623
vt 0.098068 0.011978
vt 0.080799 0.031413
vt 0.189799 0.012189
vt 0.093899 0.032591
vt 0.093909 0.030130
vt 0.074838 0.035118
vt 0.075410 0.033198
vt 0.067458 0.026097
vt 0.071895 0.010401
vt 0.095587 0.030719
vt 0.195110 0.000377
vt 0.077066 0.036553
vt 0.186680 0.013335
vt 0.187080 0.015080
vt 0.096210 0.008183
vt 0.210049 0.004924
vt 0.070272 0.004359
vt 0.210951 0.025720
vt 0.067412 0.006985
vt 0.098198 0.024565
vt 0.193020 0.019506
vt 0.191422 0.002713
vt 0.091001 0.003002
vt 0.188903 0.005615
vt 0.083843 0.000013
vn 0.747318 0.551207 0.371062
vn 0.415447 -0.629923 0.656202
vn 0.595321 -0.638144 0.488226
vn 0.096771 0.621393 -0.777500
vn 0.355646 -0.592892 -0.722492
vn 0.148735 -0.685124 -0.713080
vn -0.086530 0.864404 -0.495296
vn 0.090509 0.976241 -0.196881
vn 0.355646 -0.592892 -0.722492
vn 0.096771 0.621393 -0.777500
vn -0.114493 -0.985393 -0.126067
vn -0.297809 -0.952185 -0.068221
vn 0.148735 -0.685124 -0.713080
vn 0.355646 -0.592892 -0.722492
vn 0.020278 0.633662 -0.773344
vn 0.096771 0.621393 -0.777500
vn 0.148735 -0.685124 -0.713080
vn 0.231508 -0.560131 0.795398
vn 0.415447 -0.629923 0.656202
vn 0.070209 0.851837 0.519080
vn -0.041427 -0.994825 0.092773
vn 0.415447 -0.629923 0.656202
vn 0.231508 -0.560131 0.795398
vn -0.150625 -0.974208 0.168019
vn -0.353450 -0.926527 -0.128924
vn -0.224581 -0.971338 0.077887
vn -0.219500 -0.973631 0.062148
vn -0.245803 -0.965352 -0.087615
vn -0.556693 -0.775994 -0.296525
vn -0.353450 -0.926527 -0.128924
vn -0.245803 -0.965352 -0.087615
vn -0.399927 -0.883167 -0.245102
vn -0.664035 0.740453 -0.103860
vn -0.556693 -0.775994 -0.296525
vn -0.399927 -0.883167 -0.245102
vn -0.403963 0.909745 0.095800
vn -0.282555 0.949317 -0.137693
vn -0.556693 -0.775994 -0.296525
vn -0.664035 0.740453 -0.103860
vn -0.144775 0.960565 0.237391
vn -0.282555 0.949317 -0.137693
vn -0.403963 0.909745 0.095800
vn -0.223192 0.952340 0.207926
vn 0.021692 0.959217 0.281838
vn -0.144775 0.960565 0.237391
vn -0.223192 0.952340 0.207926
vn -0.113896 0.958464 0.261487
vn -0.223192 0.952340 0.207926
vn -0.403963 0.909745 0.095800
vn -0.718221 -0.668667 0.192466
vn -0.589127 -0.639984 0.493305
vn 0.595321 -0.638144 0.488226
vn 0.788756 0.613081 0.044678
vn 0.747318 0.551207 0.371062
vn 0.070209 0.851837 0.519080
vn -0.240182 -0.634367 0.734773
vn 0.231508 -0.560131 0.795398
vn -0.667530 -0.744523 0.009453
vn -0.664035 0.740453 -0.103860
vn -0.399927 -0.883167 -0.245102
vn 0.788756 0.613081 0.044678
vn 0.595321 -0.638144 0.488226
vn 0.039009 -0.998708 -0.032561
vn 0.552689 -0.473439 -0.685851
vn 0.090509 0.976241 -0.196881
vn 0.313265 0.949338 -0.024955
vn 0.552689 -0.473439 -0.685851
vn 0.355646 -0.592892 -0.722492
vn 0.020278 0.633662 -0.773344
vn 0.148735 -0.685124 -0.713080
vn -0.297809 -0.952185 -0.068221
vn -0.559781 -0.760447 -0.329190
vn 0.020278 0.633662 -0.773344
vn -0.559781 -0.760447 -0.329190
vn -0.086530 0.864404 -0.495296
vn 0.096771 0.621393 -0.777500
vn -0.589127 -0.639984 0.493305
vn -0.428524 -0.722271 0.542855
vn -0.113896 0.958464 0.261487
vn -0.223192 0.952340 0.207926
vn -0.403963 0.909745 0.095800
vn -0.664035 0.740453 -0.103860
vn -0.667530 -0.744523 0.009453
vn -0.718221 -0.668667 0.192466
vn -0.240182 -0.634367 0.734773
vn 0.070209 0.851837 0.519080
vn -0.113896 0.958464 0.261487
vn -0.428524 -0.722271 0.542855
vn 0.070209 0.851837 0.519080
vn 0.415447 -0.629923 0.656202
vn 0.021692 0.959217 0.281838
vn -0.113896 0.958464 0.261487
vn 0.788756 0.613081 0.044678
vn 0.552689 -0.473439 -0.685851
vn 0.313265 0.949338 -0.024955
vn 0.747318 0.551207 0.371062
vn -0.559781 -0.760447 -0.329190
vn -0.556693 -0.775994 -0.296525
vn -0.282555 0.949317 -0.137693
vn -0.086530 0.864404 -0.495296
vn -0.282555 0.949317 -0.137693
vn -0.144775 0.960565 0.237391
vn 0.090509 0.976241 -0.196881
vn -0.086530 0.864404 -0.495296
vn -0.144775 0.960565 0.237391
vn 0.021692 0.959217 0.281838
vn 0.313265 0.949338 -0.024955
vn 0.090509 0.976241 -0.196881
vn 0.313265 0.949338 -0.024955
vn 0.021692 0.959217 0.281838
vn 0.415447 -0.629923 0.656202
vn 0.747318 0.551207 0.371062
vn -0.224581 -0.971338 0.077887
vn -0.041427 -0.994825 0.092773
vn -0.150625 -0.974208 0.168019
vn -0.219500 -0.973631 0.062148
vn 0.355646 -0.592892 -0.722492
vn 0.552689 -0.473439 -0.685851
vn 0.039009 -0.998708 -0.032561
vn -0.114493 -0.985393 -0.126067
vn -0.240182 -0.634367 0.734773
vn -0.428524 -0.722271 0.542855
vn -0.150625 -0.974208 0.168019
vn 0.231508 -0.560131 0.795398
vn -0.219500 -0.973631 0.062148
vn -0.150625 -0.974208 0.168019
vn -0.428524 -0.722271 0.542855
vn -0.589127 -0.639984 0.493305
vn -0.589127 -0.639984 0.493305
vn -0.718221 -0.668667 0.192466
vn -0.245803 -0.965352 -0.087615
vn -0.219500 -0.973631 0.062148
vn -0.399927 -0.883167 -0.245102
vn -0.245803 -0.965352 -0.087615
vn -0.718221 -0.668667 0.192466
vn -0.667530 -0.744523 0.009453
vn 0.415447 -0.629923 0.656202
vn -0.041427 -0.994825 0.092773
vn 0.039009 -0.998708 -0.032561
vn 0.595321 -0.638144 0.488226
vn 0.039009 -0.998708 -0.032561
vn -0.041427 -0.994825 0.092773
vn -0.224581 -0.971338 0.077887
vn -0.114493 -0.985393 -0.126067
vn -0.297809 -0.952185 -0.068221
vn -0.114493 -0.985393 -0.126067
vn -0.224581 -0.971338 0.077887
vn -0.353450 -0.926527 -0.128924
vn -0.297809 -0.952185 -0.068221
vn -0.353450 -0.926527 -0.128924
vn -0.556693 -0.775994 -0.296525
vn -0.559781 -0.760447 -0.329190
s off
g group1 Cailloux pCube56
usemtl Cailloux_mat1
f 1020/1149/1573 1012/1148/1574 1018/1159/1575
f 1010/1119/1576 1007/1165/1577 1009/1163/1578
f 1035/1118/1579 1036/1115/1580 1007/1165/1581 1010/1119/1582
f 1043/1116/1583 1044/1120/1584 1009/1117/1585 1007/1114/1586
f 1022/1155/1587 1010/1119/1588 1009/1163/1589
f 1026/1128/1590 1012/1148/1591 1024/1147/1592
f 1038/1121/1593 1012/1161/1594 1026/1154/1595 1039/1143/1596
f 1014/1123/1597 1013/1122/1598 1040/1129/1599 1041/1130/1600
f 1015/1124/1601 1014/1123/1602 1041/1130/1603 1030/1131/1604
f 1028/1145/1605 1015/1160/1606 1030/1150/1607
f 1034/1133/1608 1016/1125/1609 1015/1160/1610 1028/1145/1611
f 1017/1126/1612 1016/1125/1613 1034/1133/1614 1033/1132/1615
f 1031/1127/1616 1017/1126/1617 1033/1132/1618 1032/1142/1619
f 1033/1132/1620 1034/1133/1621 1011/1134/1622 1008/1135/1623
f 1018/1159/1624 1019/1157/1625 1020/1149/1626
f 1024/1147/1627 1025/1146/1628 1026/1128/1629
f 1029/1144/1630 1028/1145/1631 1030/1150/1632
f 1019/1136/1633 1018/1113/1634 1042/1138/1635 1021/1158/1636
f 1036/1115/1637 1037/1139/1638 1021/1140/1639 1007/1165/1640
f 1022/1137/1641 1009/1117/1642 1044/1120/1643 1023/1156/1644
f 1022/1155/1645 1023/1141/1646 1035/1118/1647 1010/1119/1648
f 1008/1135/1649 1027/1152/1650 1032/1142/1651 1033/1132/1652
f 1034/1133/1653 1028/1145/1654 1029/1144/1655 1011/1134/1656
f 1025/1146/1657 1024/1147/1658 1032/1142/1659 1027/1152/1660
f 1024/1147/1661 1012/1148/1662 1031/1127/1663 1032/1142/1664
f 1019/1157/1665 1021/1140/1666 1037/1139/1667 1020/1149/1668
f 1023/1141/1669 1015/1160/1670 1016/1125/1671 1035/1118/1672
f 1016/1125/1673 1017/1126/1674 1036/1115/1675 1035/1118/1676
f 1017/1126/1677 1031/1127/1678 1037/1139/1679 1036/1115/1680
f 1037/1139/1681 1031/1127/1682 1012/1148/1683 1020/1149/1684
f 1013/1122/1685 1038/1121/1686 1039/1143/1687 1040/1129/1688
f 1007/1114/1689 1021/1158/1690 1042/1138/1691 1043/1116/1692
f 1025/1153/1693 1027/1112/1694 1039/1143/1695 1026/1154/1696
f 1040/1129/1697 1039/1143/1698 1027/1112/1699 1008/1164/1700
f 1008/1164/1701 1011/1162/1702 1041/1130/1703 1040/1129/1704
f 1030/1131/1705 1041/1130/1706 1011/1162/1707 1029/1151/1708
f 1012/1161/1709 1038/1121/1710 1042/1138/1711 1018/1113/1712
f 1042/1138/1713 1038/1121/1714 1013/1122/1715 1043/1116/1716
f 1044/1120/1717 1043/1116/1718 1013/1122/1719 1014/1123/1720
f 1044/1120/1721 1014/1123/1722 1015/1124/1723 1023/1156/1724
g default
v 32.543701 143.527054 10.052731
v 36.650879 144.248047 10.255058
v 32.969971 143.631134 10.853924
v 32.771606 144.422134 11.107079
v 36.475220 144.251892 10.836876
v 35.155762 143.894806 8.572651
v 35.248169 143.897339 10.344971
v 35.120850 144.173111 10.931263
v 35.074829 144.270508 11.619640
v 35.414062 145.082367 11.103298
v 35.291748 145.228210 10.470337
v 32.778320 143.579437 8.590237
v 32.391479 143.586914 8.652653
v 32.563843 144.520187 8.038483
v 32.206421 143.571320 8.884239
v 33.291992 143.847641 11.564293
v 33.678711 144.004257 11.705536
v 36.327148 144.530777 8.949211
v 36.442993 144.223114 9.011841
v 36.267578 144.196823 8.790321
v 36.537842 144.194855 9.319656
v 35.896606 144.552582 11.571301
v 36.075073 144.298828 11.393795
v 35.836914 144.268799 11.553463
v 35.263550 145.002808 9.477276
v 36.071655 144.872406 9.703934
v 36.293335 144.837112 10.566154
v 36.111938 144.789337 11.032059
v 33.637573 145.347183 10.916159
v 33.400269 145.745758 9.991657
v 32.889038 145.403244 8.619949
v 35.220093 143.924866 9.181961
v 36.096191 144.082672 9.383350
v 36.299438 144.144745 10.326859
v 36.041992 144.254471 10.893703
v 32.622314 143.532272 8.922390
v 33.335693 143.564423 10.044729
v 33.490112 143.781647 10.895477
vt 0.368382 0.006444
vt 0.379651 0.014690
vt 0.382755 0.010257
vt 0.299608 0.008916
vt 0.380203 0.009009
vt 0.382576 0.006903
vt 0.302517 0.009039
vt 0.303515 0.004463
vt 0.380901 0.005867
vt 0.372457 0.009005
vt 0.374267 0.005094
vt 0.375505 0.003084
vt 0.376619 0.000861
vt 0.303245 0.015233
vt 0.300938 0.015033
vt 0.297154 0.015288
vt 0.293581 0.019124
vt 0.370735 0.003521
vt 0.372385 0.001944
vt 0.373986 0.000015
vt 0.301247 0.018501
vt 0.303044 0.017826
vt 0.302804 0.020539
vt 0.300108 0.021262
vt 0.381003 0.015084
vt 0.382552 0.003968
vt 0.380696 0.013837
vt 0.295552 0.007586
vt 0.293427 0.001493
vt 0.307814 0.006810
vt 0.298000 0.017855
vt 0.369947 0.006936
vt 0.305444 0.018525
vt 0.305450 0.017126
vt 0.294612 0.019961
vt 0.294937 0.018869
vt 0.290417 0.014834
vt 0.292939 0.005913
vt 0.306404 0.017461
vt 0.372965 0.000223
vt 0.295878 0.020776
vt 0.368175 0.007587
vt 0.368402 0.008579
vt 0.306758 0.004653
vt 0.381456 0.002807
vt 0.292017 0.002480
vt 0.381969 0.014626
vt 0.290391 0.003972
vt 0.307888 0.013963
vt 0.371778 0.011094
vt 0.370870 0.001550
vt 0.303798 0.001709
vt 0.369438 0.003200
vt 0.299729 0.000010
vn -0.291400 0.551207 -0.781829
vn 0.145731 -0.629923 -0.762863
vn -0.100380 -0.638144 -0.763345
vn -0.602370 0.621393 0.501020
vn -0.753603 -0.592892 0.283833
vn -0.596219 -0.685124 0.418483
vn -0.275633 0.864404 0.420515
vn -0.200686 0.976241 0.081726
vn -0.753603 -0.592892 0.283833
vn -0.602370 0.621393 0.501020
vn -0.002698 -0.985393 0.170277
vn 0.170600 -0.952185 0.253456
vn -0.596219 -0.685124 0.418483
vn -0.753603 -0.592892 0.283833
vn -0.543723 0.633662 0.550307
vn -0.602370 0.621393 0.501020
vn -0.596219 -0.685124 0.418483
vn 0.375123 -0.560131 -0.738605
vn 0.145731 -0.629923 -0.762863
vn 0.303807 0.851837 -0.426702
vn 0.093674 -0.994825 -0.039346
vn 0.145731 -0.629923 -0.762863
vn 0.375123 -0.560131 -0.738605
vn 0.224802 -0.974208 -0.019554
vn 0.169674 -0.926527 0.335796
vn 0.217109 -0.971338 0.096782
vn 0.202638 -0.973631 0.104789
vn 0.119396 -0.965352 0.232035
vn 0.203313 -0.775994 0.597074
vn 0.169674 -0.926527 0.335796
vn 0.119396 -0.965352 0.232035
vn 0.124119 -0.883167 0.452339
vn 0.413396 0.740453 0.529936
vn 0.203313 -0.775994 0.597074
vn 0.124119 -0.883167 0.452339
vn 0.360224 0.909745 0.206403
vn 0.111956 0.949317 0.293705
vn 0.203313 -0.775994 0.597074
vn 0.413396 0.740453 0.529936
vn 0.267982 0.960565 -0.074164
vn 0.111956 0.949317 0.293705
vn 0.360224 0.909745 0.206403
vn 0.305036 0.952341 0.000965
vn 0.176939 0.959217 -0.220445
vn 0.267982 0.960565 -0.074164
vn 0.305036 0.952341 0.000965
vn 0.261935 0.958464 -0.112862
vn 0.305036 0.952341 0.000965
vn 0.360224 0.909745 0.206403
vn 0.655599 -0.668667 0.350820
vn 0.767181 -0.639984 0.043055
vn -0.100380 -0.638144 -0.763345
vn -0.544861 0.613081 -0.572065
vn -0.291400 0.551207 -0.781829
vn 0.303807 0.851837 -0.426702
vn 0.677768 -0.634367 -0.371764
vn 0.375123 -0.560131 -0.738605
vn 0.493447 -0.744523 0.449662
vn 0.413396 0.740453 0.529936
vn 0.124119 -0.883167 0.452339
vn -0.544861 0.613081 -0.572065
vn -0.100380 -0.638144 -0.763345
vn -0.050728 -0.998708 -0.002926
vn -0.872290 -0.473439 0.122334
vn -0.200686 0.976241 0.081726
vn -0.245604 0.949338 -0.196053
vn -0.872290 -0.473439 0.122334
vn -0.753603 -0.592892 0.283833
vn -0.543723 0.633662 0.550307
vn -0.596219 -0.685124 0.418483
vn 0.170600 -0.952185 0.253456
vn 0.183226 -0.760447 0.623016
vn -0.543723 0.633662 0.550307
vn 0.183226 -0.760447 0.623016
vn -0.275633 0.864404 0.420515
vn -0.602370 0.621393 0.501020
vn 0.767181 -0.639984 0.043055
vn 0.683906 -0.722271 -0.102937
vn 0.261935 0.958464 -0.112862
vn 0.305036 0.952341 0.000965
vn 0.360224 0.909745 0.206403
vn 0.413396 0.740453 0.529936
vn 0.493447 -0.744523 0.449662
vn 0.655599 -0.668667 0.350820
vn 0.677768 -0.634367 -0.371764
vn 0.303807 0.851837 -0.426702
vn 0.261935 0.958464 -0.112862
vn 0.683906 -0.722271 -0.102937
vn 0.303807 0.851837 -0.426702
vn 0.145731 -0.629923 -0.762863
vn 0.176939 0.959217 -0.220445
vn 0.261935 0.958464 -0.112862
vn -0.544861 0.613081 -0.572065
vn -0.872290 -0.473439 0.122334
vn -0.245604 0.949338 -0.196053
vn -0.291400 0.551207 -0.781829
vn 0.183226 -0.760447 0.623016
vn 0.203313 -0.775994 0.597074
vn 0.111956 0.949317 0.293705
vn -0.275633 0.864404 0.420515
vn 0.111956 0.949317 0.293705
vn 0.267982 0.960565 -0.074164
vn -0.200686 0.976241 0.081726
vn -0.275633 0.864404 0.420515
vn 0.267982 0.960565 -0.074164
vn 0.176939 0.959217 -0.220445
vn -0.245604 0.949338 -0.196053
vn -0.200686 0.976241 0.081726
vn -0.245604 0.949338 -0.196053
vn 0.176939 0.959217 -0.220445
vn 0.145731 -0.629923 -0.762863
vn -0.291400 0.551207 -0.781829
vn 0.217109 -0.971338 0.096782
vn 0.093674 -0.994825 -0.039346
vn 0.224802 -0.974208 -0.019554
vn 0.202638 -0.973631 0.104789
vn -0.753603 -0.592892 0.283833
vn -0.872290 -0.473439 0.122334
vn -0.050728 -0.998708 -0.002926
vn -0.002698 -0.985393 0.170277
vn 0.677768 -0.634367 -0.371764
vn 0.683906 -0.722271 -0.102937
vn 0.224802 -0.974208 -0.019554
vn 0.375123 -0.560131 -0.738605
vn 0.202638 -0.973631 0.104789
vn 0.224802 -0.974208 -0.019554
vn 0.683906 -0.722271 -0.102937
vn 0.767181 -0.639984 0.043055
vn 0.767181 -0.639984 0.043055
vn 0.655599 -0.668667 0.350820
vn 0.119396 -0.965352 0.232035
vn 0.202638 -0.973631 0.104789
vn 0.124119 -0.883167 0.452339
vn 0.119396 -0.965352 0.232035
vn 0.655599 -0.668667 0.350820
vn 0.493447 -0.744523 0.449662
vn 0.145731 -0.629923 -0.762863
vn 0.093674 -0.994825 -0.039346
vn -0.050728 -0.998708 -0.002926
vn -0.100380 -0.638144 -0.763345
vn -0.050728 -0.998708 -0.002926
vn 0.093674 -0.994825 -0.039346
vn 0.217109 -0.971338 0.096782
vn -0.002698 -0.985393 0.170277
vn 0.170600 -0.952185 0.253456
vn -0.002698 -0.985393 0.170277
vn 0.217109 -0.971338 0.096782
vn 0.169674 -0.926527 0.335796
vn 0.170600 -0.952185 0.253456
vn 0.169674 -0.926527 0.335796
vn 0.203313 -0.775994 0.597074
vn 0.183226 -0.760447 0.623016
s off
g group1 Cailloux pCube55
usemtl Cailloux_mat1
f 1058/1203/1725 1050/1202/1726 1056/1213/1727
f 1048/1173/1728 1045/1219/1729 1047/1217/1730
f 1073/1172/1731 1074/1169/1732 1045/1219/1733 1048/1173/1734
f 1081/1170/1735 1082/1174/1736 1047/1171/1737 1045/1168/1738
f 1060/1209/1739 1048/1173/1740 1047/1217/1741
f 1064/1182/1742 1050/1202/1743 1062/1201/1744
f 1076/1175/1745 1050/1215/1746 1064/1208/1747 1077/1197/1748
f 1052/1177/1749 1051/1176/1750 1078/1183/1751 1079/1184/1752
f 1053/1178/1753 1052/1177/1754 1079/1184/1755 1068/1185/1756
f 1066/1199/1757 1053/1214/1758 1068/1204/1759
f 1072/1187/1760 1054/1179/1761 1053/1214/1762 1066/1199/1763
f 1055/1180/1764 1054/1179/1765 1072/1187/1766 1071/1186/1767
f 1069/1181/1768 1055/1180/1769 1071/1186/1770 1070/1196/1771
f 1071/1186/1772 1072/1187/1773 1049/1188/1774 1046/1189/1775
f 1056/1213/1776 1057/1211/1777 1058/1203/1778
f 1062/1201/1779 1063/1200/1780 1064/1182/1781
f 1067/1198/1782 1066/1199/1783 1068/1204/1784
f 1057/1190/1785 1056/1167/1786 1080/1192/1787 1059/1212/1788
f 1074/1169/1789 1075/1193/1790 1059/1194/1791 1045/1219/1792
f 1060/1191/1793 1047/1171/1794 1082/1174/1795 1061/1210/1796
f 1060/1209/1797 1061/1195/1798 1073/1172/1799 1048/1173/1800
f 1046/1189/1801 1065/1206/1802 1070/1196/1803 1071/1186/1804
f 1072/1187/1805 1066/1199/1806 1067/1198/1807 1049/1188/1808
f 1063/1200/1809 1062/1201/1810 1070/1196/1811 1065/1206/1812
f 1062/1201/1813 1050/1202/1814 1069/1181/1815 1070/1196/1816
f 1057/1211/1817 1059/1194/1818 1075/1193/1819 1058/1203/1820
f 1061/1195/1821 1053/1214/1822 1054/1179/1823 1073/1172/1824
f 1054/1179/1825 1055/1180/1826 1074/1169/1827 1073/1172/1828
f 1055/1180/1829 1069/1181/1830 1075/1193/1831 1074/1169/1832
f 1075/1193/1833 1069/1181/1834 1050/1202/1835 1058/1203/1836
f 1051/1176/1837 1076/1175/1838 1077/1197/1839 1078/1183/1840
f 1045/1168/1841 1059/1212/1842 1080/1192/1843 1081/1170/1844
f 1063/1207/1845 1065/1166/1846 1077/1197/1847 1064/1208/1848
f 1078/1183/1849 1077/1197/1850 1065/1166/1851 1046/1218/1852
f 1046/1218/1853 1049/1216/1854 1079/1184/1855 1078/1183/1856
f 1068/1185/1857 1079/1184/1858 1049/1216/1859 1067/1205/1860
f 1050/1215/1861 1076/1175/1862 1080/1192/1863 1056/1167/1864
f 1080/1192/1865 1076/1175/1866 1051/1176/1867 1081/1170/1868
f 1082/1174/1869 1081/1170/1870 1051/1176/1871 1052/1177/1872
f 1082/1174/1873 1052/1177/1874 1053/1178/1875 1061/1210/1876
g default
v 31.996094 144.332947 8.675884
v 32.195190 144.850006 5.733589
v 32.576172 144.407578 8.380802
v 32.755127 144.974854 8.526299
v 32.610107 144.852768 5.867241
v 30.969238 144.596680 6.783497
v 32.241211 144.598495 6.740517
v 32.660034 144.796265 6.839504
v 33.152954 144.866119 6.881538
v 32.787109 145.448334 6.631477
v 32.331787 145.552917 6.710972
v 30.950562 144.370514 8.488411
v 30.990234 144.375870 8.766628
v 30.552124 145.045166 8.634853
v 31.153809 144.364700 8.902325
v 33.089722 144.562851 8.159172
v 33.196167 144.675171 7.883730
v 31.254639 145.052765 5.948547
v 31.301025 144.832123 5.866241
v 31.139893 144.813263 5.989082
v 31.522949 144.811859 5.802261
v 33.129028 145.068405 6.291801
v 33.004150 144.886429 6.161381
v 33.115479 144.864883 6.334290
v 31.619385 145.391281 6.718075
v 31.792480 145.297760 6.141541
v 32.413574 145.272446 5.993988
v 32.745239 145.238190 6.130173
v 32.629639 145.638260 7.902875
v 31.963623 145.924088 8.060919
v 30.973267 145.678452 8.409389
v 31.406982 144.618240 6.745419
v 31.562866 144.731400 6.119770
v 32.242065 144.775925 5.986473
v 32.645142 144.854614 6.178455
v 31.186646 144.336685 8.604614
v 32.000854 144.359756 8.107868
v 32.612915 144.515533 8.008406
vt 0.741684 0.004628
vt 0.749765 0.010541
vt 0.751991 0.007362
vt 0.701475 0.006403
vt 0.750161 0.006467
vt 0.751863 0.004956
vt 0.703561 0.006490
vt 0.704277 0.003209
vt 0.750662 0.004214
vt 0.744606 0.006464
vt 0.745904 0.003660
vt 0.746792 0.002218
vt 0.747591 0.000624
vt 0.704083 0.010933
vt 0.702429 0.010790
vt 0.699715 0.010972
vt 0.697153 0.013723
vt 0.743371 0.002531
vt 0.744554 0.001400
vt 0.745703 0.000017
vt 0.702650 0.013277
vt 0.703939 0.012792
vt 0.703767 0.014738
vt 0.701833 0.015257
vt 0.750735 0.010823
vt 0.751846 0.002851
vt 0.750515 0.009929
vt 0.698566 0.005448
vt 0.697042 0.001079
vt 0.707359 0.004892
vt 0.700321 0.012813
vt 0.742806 0.004980
vt 0.705660 0.013294
vt 0.705665 0.012290
vt 0.697892 0.014323
vt 0.698125 0.013541
vt 0.694884 0.010647
vt 0.696692 0.004249
vt 0.706348 0.012531
vt 0.744971 0.000166
vt 0.698800 0.014908
vt 0.741535 0.005447
vt 0.741698 0.006159
vt 0.706602 0.003345
vt 0.751060 0.002019
vt 0.696031 0.001787
vt 0.751427 0.010495
vt 0.694865 0.002857
vt 0.707413 0.010022
vt 0.744119 0.007963
vt 0.743468 0.001118
vt 0.704479 0.001234
vt 0.742441 0.002301
vt 0.701562 0.000016
vn -0.787045 0.551207 0.277006
vn -0.760061 -0.629923 -0.159704
vn -0.765059 -0.638144 0.086356
vn 0.489883 0.621393 0.611461
vn 0.269958 -0.592892 0.758684
vn 0.407473 -0.685124 0.603797
vn 0.415386 0.864404 0.283302
vn 0.078030 0.976241 0.202152
vn 0.269958 -0.592892 0.758684
vn 0.489883 0.621393 0.611461
vn 0.170199 -0.985393 0.005822
vn 0.256544 -0.952185 -0.165920
vn 0.407473 -0.685124 0.603797
vn 0.269958 -0.592892 0.758684
vn 0.540237 0.633662 0.553729
vn 0.489883 0.621393 0.611461
vn 0.407473 -0.685124 0.603797
vn -0.731597 -0.560131 -0.388612
vn -0.760061 -0.629923 -0.159704
vn -0.421056 0.851837 -0.311585
vn -0.037620 -0.994825 -0.094381
vn -0.760061 -0.629923 -0.159704
vn -0.731597 -0.560131 -0.388612
vn -0.015426 -0.974208 -0.225123
vn 0.338853 -0.926527 -0.163484
vn 0.100749 -0.971338 -0.215296
vn 0.108490 -0.973631 -0.200681
vn 0.234187 -0.965352 -0.115118
vn 0.600704 -0.775994 -0.192324
vn 0.338853 -0.926527 -0.163484
vn 0.234187 -0.965352 -0.115118
vn 0.454541 -0.883167 -0.115799
vn 0.537432 0.740453 -0.403603
vn 0.600704 -0.775994 -0.192324
vn 0.454541 -0.883167 -0.115799
vn 0.212978 0.909745 -0.356376
vn 0.295710 0.949317 -0.106548
vn 0.600704 -0.775994 -0.192324
vn 0.537432 0.740453 -0.403603
vn -0.069234 0.960565 -0.269297
vn 0.295710 0.949317 -0.106548
vn 0.212978 0.909745 -0.356376
vn 0.006562 0.952340 -0.304967
vn -0.217161 0.959217 -0.180954
vn -0.069234 0.960565 -0.269297
vn 0.006562 0.952340 -0.304967
vn -0.108037 0.958464 -0.263961
vn 0.006562 0.952340 -0.304967
vn 0.212978 0.909745 -0.356376
vn 0.362790 -0.668667 -0.649052
vn 0.057125 -0.639984 -0.766262
vn -0.765059 -0.638144 0.086356
vn -0.581966 0.613081 0.534273
vn -0.787045 0.551207 0.277006
vn -0.421056 0.851837 -0.311585
vn -0.359265 -0.634367 -0.684476
vn -0.731597 -0.560131 -0.388612
vn 0.458640 -0.744523 -0.485113
vn 0.537432 0.740453 -0.403603
vn 0.454541 -0.883167 -0.115799
vn -0.581966 0.613081 0.534273
vn -0.765059 -0.638144 0.086356
vn -0.003857 -0.998708 0.050666
vn 0.106308 -0.473439 0.874388
vn 0.078030 0.976241 0.202152
vn -0.200526 0.949338 0.241965
vn 0.106308 -0.473439 0.874388
vn 0.269958 -0.592892 0.758684
vn 0.540237 0.633662 0.553729
vn 0.407473 -0.685124 0.603797
vn 0.256544 -0.952185 -0.165920
vn 0.626273 -0.760447 -0.171764
vn 0.540237 0.633662 0.553729
vn 0.626273 -0.760447 -0.171764
vn 0.415386 0.864404 0.283302
vn 0.489883 0.621393 0.611461
vn 0.057125 -0.639984 -0.766262
vn -0.090371 -0.722271 -0.685680
vn -0.108037 0.958464 -0.263961
vn 0.006562 0.952340 -0.304967
vn 0.212978 0.909745 -0.356376
vn 0.537432 0.740453 -0.403603
vn 0.458640 -0.744523 -0.485113
vn 0.362790 -0.668667 -0.649052
vn -0.359265 -0.634367 -0.684476
vn -0.421056 0.851837 -0.311585
vn -0.108037 0.958464 -0.263961
vn -0.090371 -0.722271 -0.685680
vn -0.421056 0.851837 -0.311585
vn -0.760061 -0.629923 -0.159704
vn -0.217161 0.959217 -0.180954
vn -0.108037 0.958464 -0.263961
vn -0.581966 0.613081 0.534273
vn 0.106308 -0.473439 0.874388
vn -0.200526 0.949338 0.241965
vn -0.787045 0.551207 0.277006
vn 0.626273 -0.760447 -0.171764
vn 0.600704 -0.775994 -0.192324
vn 0.295710 0.949317 -0.106548
vn 0.415386 0.864404 0.283302
vn 0.295710 0.949317 -0.106548
vn -0.069234 0.960565 -0.269297
vn 0.078030 0.976241 0.202152
vn 0.415386 0.864404 0.283302
vn -0.069234 0.960565 -0.269297
vn -0.217161 0.959217 -0.180954
vn -0.200526 0.949338 0.241965
vn 0.078030 0.976241 0.202152
vn -0.200526 0.949338 0.241965
vn -0.217161 0.959217 -0.180954
vn -0.760061 -0.629923 -0.159704
vn -0.787045 0.551207 0.277006
vn 0.100749 -0.971338 -0.215296
vn -0.037620 -0.994825 -0.094381
vn -0.015426 -0.974208 -0.225123
vn 0.108490 -0.973631 -0.200681
vn 0.269958 -0.592892 0.758684
vn 0.106308 -0.473439 0.874388
vn -0.003857 -0.998708 0.050666
vn 0.170199 -0.985393 0.005822
vn -0.359265 -0.634367 -0.684476
vn -0.090371 -0.722271 -0.685680
vn -0.015426 -0.974208 -0.225123
vn -0.731597 -0.560131 -0.388612
vn 0.108490 -0.973631 -0.200681
vn -0.015426 -0.974208 -0.225123
vn -0.090371 -0.722271 -0.685680
vn 0.057125 -0.639984 -0.766262
vn 0.057125 -0.639984 -0.766262
vn 0.362790 -0.668667 -0.649052
vn 0.234187 -0.965352 -0.115118
vn 0.108490 -0.973631 -0.200681
vn 0.454541 -0.883167 -0.115799
vn 0.234187 -0.965352 -0.115118
vn 0.362790 -0.668667 -0.649052
vn 0.458640 -0.744523 -0.485113
vn -0.760061 -0.629923 -0.159704
vn -0.037620 -0.994825 -0.094381
vn -0.003857 -0.998708 0.050666
vn -0.765059 -0.638144 0.086356
vn -0.003857 -0.998708 0.050666
vn -0.037620 -0.994825 -0.094381
vn 0.100749 -0.971338 -0.215296
vn 0.170199 -0.985393 0.005822
vn 0.256544 -0.952185 -0.165920
vn 0.170199 -0.985393 0.005822
vn 0.100749 -0.971338 -0.215296
vn 0.338853 -0.926527 -0.163484
vn 0.256544 -0.952185 -0.165920
vn 0.338853 -0.926527 -0.163484
vn 0.600704 -0.775994 -0.192324
vn 0.626273 -0.760447 -0.171764
s off
g group1 Cailloux pCube54
usemtl Cailloux_mat1
f 1096/1257/1877 1088/1256/1878 1094/1267/1879
f 1086/1227/1880 1083/1273/1881 1085/1271/1882
f 1111/1226/1883 1112/1223/1884 1083/1273/1885 1086/1227/1886
f 1119/1224/1887 1120/1228/1888 1085/1225/1889 1083/1222/1890
f 1098/1263/1891 1086/1227/1892 1085/1271/1893
f 1102/1236/1894 1088/1256/1895 1100/1255/1896
f 1114/1229/1897 1088/1269/1898 1102/1262/1899 1115/1251/1900
f 1090/1231/1901 1089/1230/1902 1116/1237/1903 1117/1238/1904
f 1091/1232/1905 1090/1231/1906 1117/1238/1907 1106/1239/1908
f 1104/1253/1909 1091/1268/1910 1106/1258/1911
f 1110/1241/1912 1092/1233/1913 1091/1268/1914 1104/1253/1915
f 1093/1234/1916 1092/1233/1917 1110/1241/1918 1109/1240/1919
f 1107/1235/1920 1093/1234/1921 1109/1240/1922 1108/1250/1923
f 1109/1240/1924 1110/1241/1925 1087/1242/1926 1084/1243/1927
f 1094/1267/1928 1095/1265/1929 1096/1257/1930
f 1100/1255/1931 1101/1254/1932 1102/1236/1933
f 1105/1252/1934 1104/1253/1935 1106/1258/1936
f 1095/1244/1937 1094/1221/1938 1118/1246/1939 1097/1266/1940
f 1112/1223/1941 1113/1247/1942 1097/1248/1943 1083/1273/1944
f 1098/1245/1945 1085/1225/1946 1120/1228/1947 1099/1264/1948
f 1098/1263/1949 1099/1249/1950 1111/1226/1951 1086/1227/1952
f 1084/1243/1953 1103/1260/1954 1108/1250/1955 1109/1240/1956
f 1110/1241/1957 1104/1253/1958 1105/1252/1959 1087/1242/1960
f 1101/1254/1961 1100/1255/1962 1108/1250/1963 1103/1260/1964
f 1100/1255/1965 1088/1256/1966 1107/1235/1967 1108/1250/1968
f 1095/1265/1969 1097/1248/1970 1113/1247/1971 1096/1257/1972
f 1099/1249/1973 1091/1268/1974 1092/1233/1975 1111/1226/1976
f 1092/1233/1977 1093/1234/1978 1112/1223/1979 1111/1226/1980
f 1093/1234/1981 1107/1235/1982 1113/1247/1983 1112/1223/1984
f 1113/1247/1985 1107/1235/1986 1088/1256/1987 1096/1257/1988
f 1089/1230/1989 1114/1229/1990 1115/1251/1991 1116/1237/1992
f 1083/1222/1993 1097/1266/1994 1118/1246/1995 1119/1224/1996
f 1101/1261/1997 1103/1220/1998 1115/1251/1999 1102/1262/2000
f 1116/1237/2001 1115/1251/2002 1103/1220/2003 1084/1272/2004
f 1084/1272/2005 1087/1270/2006 1117/1238/2007 1116/1237/2008
f 1106/1239/2009 1117/1238/2010 1087/1270/2011 1105/1259/2012
f 1088/1269/2013 1114/1229/2014 1118/1246/2015 1094/1221/2016
f 1118/1246/2017 1114/1229/2018 1089/1230/2019 1119/1224/2020
f 1120/1228/2021 1119/1224/2022 1089/1230/2023 1090/1231/2024
f 1120/1228/2025 1090/1231/2026 1091/1232/2027 1099/1264/2028
g default
v 31.966919 143.821579 10.637638
v 29.658691 144.338654 8.802246
v 32.053711 143.896225 9.992500
v 32.275146 144.463486 9.927917
v 30.004395 144.341400 8.536629
v 29.826294 144.085312 10.407642
v 30.513428 144.087128 9.336403
v 30.832886 144.284912 9.048038
v 31.147583 144.354752 8.666149
v 30.734009 144.936981 8.825146
v 30.540649 145.041565 9.245056
v 31.218750 143.859146 11.391468
v 31.470215 143.864517 11.516930
v 31.112915 144.533813 11.802692
v 31.674805 143.853333 11.459427
v 32.163086 144.051483 9.443956
v 31.996826 144.163803 9.199986
v 29.301270 144.541412 9.698380
v 29.259888 144.320770 9.613396
v 29.269531 144.301910 9.815872
v 29.333374 144.300507 9.394493
v 30.648560 144.557053 8.350704
v 30.470337 144.375061 8.379543
v 30.675903 144.353531 8.386032
v 30.141724 144.879913 9.835472
v 29.765625 144.786407 9.365532
v 29.997070 144.761093 8.770523
v 30.297607 144.726822 8.574867
v 31.690796 145.126892 9.677035
v 31.442383 145.412720 10.314987
v 31.166626 145.167084 11.327911
v 30.043579 144.106873 10.025665
v 29.617310 144.220047 9.542004
v 29.893433 144.264557 8.907280
v 30.280396 144.343262 8.684750
v 31.448608 143.825333 11.263252
v 31.502197 143.848389 10.311049
v 31.768066 144.004150 9.750793
vt 0.477220 0.004628
vt 0.485302 0.010541
vt 0.487528 0.007362
vt 0.623692 0.006403
vt 0.485698 0.006467
vt 0.487400 0.004956
vt 0.625778 0.006491
vt 0.626494 0.003209
vt 0.486198 0.004214
vt 0.480142 0.006464
vt 0.481441 0.003660
vt 0.482328 0.002218
vt 0.483127 0.000624
vt 0.626300 0.010933
vt 0.624646 0.010790
vt 0.621932 0.010973
vt 0.619369 0.013723
vt 0.478908 0.002531
vt 0.480091 0.001400
vt 0.481239 0.000017
vt 0.624867 0.013277
vt 0.626155 0.012793
vt 0.625983 0.014738
vt 0.624050 0.015257
vt 0.486271 0.010823
vt 0.487382 0.002851
vt 0.486051 0.009929
vt 0.620783 0.005448
vt 0.619259 0.001079
vt 0.629576 0.004892
vt 0.622538 0.012814
vt 0.478343 0.004980
vt 0.627877 0.013294
vt 0.627881 0.012291
vt 0.620108 0.014323
vt 0.620342 0.013541
vt 0.617100 0.010647
vt 0.618909 0.004249
vt 0.628565 0.012531
vt 0.480507 0.000166
vt 0.621016 0.014908
vt 0.477072 0.005447
vt 0.477234 0.006159
vt 0.628819 0.003345
vt 0.486596 0.002019
vt 0.618247 0.001787
vt 0.486964 0.010495
vt 0.617082 0.002857
vt 0.629629 0.010022
vt 0.479656 0.007963
vt 0.479004 0.001118
vt 0.626696 0.001234
vt 0.477977 0.002301
vt 0.623778 0.000016
vn -0.219143 0.551207 0.805076
vn -0.563212 -0.629923 0.534780
vn -0.363552 -0.638144 0.678677
vn 0.781510 0.621393 -0.055795
vn 0.777732 -0.592892 0.208832
vn 0.728386 -0.685124 0.007672
vn 0.469125 0.864404 -0.180909
vn 0.210692 0.976241 0.050624
vn 0.777732 -0.592892 0.208832
vn 0.781510 0.621393 -0.055795
vn 0.101479 -0.985393 -0.136761
vn 0.009192 -0.952185 -0.305385
vn 0.728386 -0.685124 0.007672
vn 0.777732 -0.592892 0.208832
vn 0.762604 0.633662 -0.130032
vn 0.781510 0.621393 -0.055795
vn 0.728386 -0.685124 0.007672
vn -0.735427 -0.560131 0.381316
vn -0.563212 -0.629923 0.534780
vn -0.495621 0.851837 0.169508
vn -0.099044 -0.994825 -0.022656
vn -0.563212 -0.629923 0.534780
vn -0.735427 -0.560131 0.381316
vn -0.194033 -0.974208 -0.115194
vn 0.057956 -0.926527 -0.371738
vn -0.119948 -0.971338 -0.205220
vn -0.103522 -0.973631 -0.203288
vn 0.038300 -0.965352 -0.258126
vn 0.182976 -0.775994 -0.603617
vn 0.057956 -0.926527 -0.371738
vn 0.038300 -0.965352 -0.258126
vn 0.162920 -0.883167 -0.439856
vn -0.026844 0.740453 -0.671572
vn 0.182976 -0.775994 -0.603617
vn 0.162920 -0.883167 -0.439856
vn -0.172296 0.909745 -0.377727
vn 0.080303 0.949317 -0.303889
vn 0.182976 -0.775994 -0.603617
vn -0.026844 0.740453 -0.671572
vn -0.260954 0.960565 -0.096007
vn 0.080303 0.949317 -0.303889
vn -0.172296 0.909745 -0.377727
vn -0.247250 0.952340 -0.178648
vn -0.272286 0.959217 0.075919
vn -0.260954 0.960565 -0.096007
vn -0.247250 0.952340 -0.178648
vn -0.278606 0.958464 -0.061042
vn -0.247250 0.952340 -0.178648
vn -0.172296 0.909745 -0.377727
vn -0.328052 -0.668667 -0.667283
vn -0.598157 -0.639984 -0.482316
vn -0.363552 -0.638144 0.678677
vn 0.109082 0.613081 0.782453
vn -0.219143 0.551207 0.805076
vn -0.495621 0.851837 0.169508
vn -0.767396 -0.634367 -0.093178
vn -0.735427 -0.560131 0.381316
vn -0.138685 -0.744523 -0.653033
vn -0.026844 0.740453 -0.671572
vn 0.162920 -0.883167 -0.439856
vn 0.109082 0.613081 0.782453
vn -0.363552 -0.638144 0.678677
vn 0.039505 -0.998708 0.031957
vn 0.779986 -0.473439 0.409241
vn 0.210692 0.976241 0.050624
vn 0.085213 0.949338 0.302484
vn 0.779986 -0.473439 0.409241
vn 0.777732 -0.592892 0.208832
vn 0.762604 0.633662 -0.130032
vn 0.728386 -0.685124 0.007672
vn 0.009192 -0.952185 -0.305385
vn 0.214422 -0.760447 -0.612980
vn 0.762604 0.633662 -0.130032
vn 0.214422 -0.760447 -0.612980
vn 0.469125 0.864404 -0.180909
vn 0.781510 0.621393 -0.055795
vn -0.598157 -0.639984 -0.482316
vn -0.615632 -0.722271 -0.315154
vn -0.278606 0.958464 -0.061042
vn -0.247250 0.952340 -0.178648
vn -0.172296 0.909745 -0.377727
vn -0.026844 0.740453 -0.671572
vn -0.138685 -0.744523 -0.653033
vn -0.328052 -0.668667 -0.667283
vn -0.767396 -0.634367 -0.093178
vn -0.495621 0.851837 0.169508
vn -0.278606 0.958464 -0.061042
vn -0.615632 -0.722271 -0.315154
vn -0.495621 0.851837 0.169508
vn -0.563212 -0.629923 0.534780
vn -0.272286 0.959217 0.075919
vn -0.278606 0.958464 -0.061042
vn 0.109082 0.613081 0.782453
vn 0.779986 -0.473439 0.409241
vn 0.085213 0.949338 0.302484
vn -0.219143 0.551207 0.805076
vn 0.214422 -0.760447 -0.612980
vn 0.182976 -0.775994 -0.603617
vn 0.080303 0.949317 -0.303889
vn 0.469125 0.864404 -0.180909
vn 0.080303 0.949317 -0.303889
vn -0.260954 0.960565 -0.096007
vn 0.210692 0.976241 0.050624
vn 0.469125 0.864404 -0.180909
vn -0.260954 0.960565 -0.096007
vn -0.272286 0.959217 0.075919
vn 0.085213 0.949338 0.302484
vn 0.210692 0.976241 0.050624
vn 0.085213 0.949338 0.302484
vn -0.272286 0.959217 0.075919
vn -0.563212 -0.629923 0.534780
vn -0.219143 0.551207 0.805076
vn -0.119948 -0.971338 -0.205220
vn -0.099044 -0.994825 -0.022656
vn -0.194033 -0.974208 -0.115194
vn -0.103522 -0.973631 -0.203288
vn 0.777732 -0.592892 0.208832
vn 0.779986 -0.473439 0.409241
vn 0.039505 -0.998708 0.031957
vn 0.101479 -0.985393 -0.136761
vn -0.767396 -0.634367 -0.093178
vn -0.615632 -0.722271 -0.315154
vn -0.194033 -0.974208 -0.115194
vn -0.735427 -0.560131 0.381316
vn -0.103522 -0.973631 -0.203288
vn -0.194033 -0.974208 -0.115194
vn -0.615632 -0.722271 -0.315154
vn -0.598157 -0.639984 -0.482316
vn -0.598157 -0.639984 -0.482316
vn -0.328052 -0.668667 -0.667283
vn 0.038300 -0.965352 -0.258126
vn -0.103522 -0.973631 -0.203288
vn 0.162920 -0.883167 -0.439856
vn 0.038300 -0.965352 -0.258126
vn -0.328052 -0.668667 -0.667283
vn -0.138685 -0.744523 -0.653033
vn -0.563212 -0.629923 0.534780
vn -0.099044 -0.994825 -0.022656
vn 0.039505 -0.998708 0.031957
vn -0.363552 -0.638144 0.678677
vn 0.039505 -0.998708 0.031957
vn -0.099044 -0.994825 -0.022656
vn -0.119948 -0.971338 -0.205220
vn 0.101479 -0.985393 -0.136761
vn 0.009192 -0.952185 -0.305385
vn 0.101479 -0.985393 -0.136761
vn -0.119948 -0.971338 -0.205220
vn 0.057956 -0.926527 -0.371738
vn 0.009192 -0.952185 -0.305385
vn 0.057956 -0.926527 -0.371738
vn 0.182976 -0.775994 -0.603617
vn 0.214422 -0.760447 -0.612980
s off
g group1 Cailloux pCube53
usemtl Cailloux_mat1
f 1134/1311/2029 1126/1310/2030 1132/1321/2031
f 1124/1281/2032 1121/1327/2033 1123/1325/2034
f 1149/1280/2035 1150/1277/2036 1121/1327/2037 1124/1281/2038
f 1157/1278/2039 1158/1282/2040 1123/1279/2041 1121/1276/2042
f 1136/1317/2043 1124/1281/2044 1123/1325/2045
f 1140/1290/2046 1126/1310/2047 1138/1309/2048
f 1152/1283/2049 1126/1323/2050 1140/1316/2051 1153/1305/2052
f 1128/1285/2053 1127/1284/2054 1154/1291/2055 1155/1292/2056
f 1129/1286/2057 1128/1285/2058 1155/1292/2059 1144/1293/2060
f 1142/1307/2061 1129/1322/2062 1144/1312/2063
f 1148/1295/2064 1130/1287/2065 1129/1322/2066 1142/1307/2067
f 1131/1288/2068 1130/1287/2069 1148/1295/2070 1147/1294/2071
f 1145/1289/2072 1131/1288/2073 1147/1294/2074 1146/1304/2075
f 1147/1294/2076 1148/1295/2077 1125/1296/2078 1122/1297/2079
f 1132/1321/2080 1133/1319/2081 1134/1311/2082
f 1138/1309/2083 1139/1308/2084 1140/1290/2085
f 1143/1306/2086 1142/1307/2087 1144/1312/2088
f 1133/1298/2089 1132/1275/2090 1156/1300/2091 1135/1320/2092
f 1150/1277/2093 1151/1301/2094 1135/1302/2095 1121/1327/2096
f 1136/1299/2097 1123/1279/2098 1158/1282/2099 1137/1318/2100
f 1136/1317/2101 1137/1303/2102 1149/1280/2103 1124/1281/2104
f 1122/1297/2105 1141/1314/2106 1146/1304/2107 1147/1294/2108
f 1148/1295/2109 1142/1307/2110 1143/1306/2111 1125/1296/2112
f 1139/1308/2113 1138/1309/2114 1146/1304/2115 1141/1314/2116
f 1138/1309/2117 1126/1310/2118 1145/1289/2119 1146/1304/2120
f 1133/1319/2121 1135/1302/2122 1151/1301/2123 1134/1311/2124
f 1137/1303/2125 1129/1322/2126 1130/1287/2127 1149/1280/2128
f 1130/1287/2129 1131/1288/2130 1150/1277/2131 1149/1280/2132
f 1131/1288/2133 1145/1289/2134 1151/1301/2135 1150/1277/2136
f 1151/1301/2137 1145/1289/2138 1126/1310/2139 1134/1311/2140
f 1127/1284/2141 1152/1283/2142 1153/1305/2143 1154/1291/2144
f 1121/1276/2145 1135/1320/2146 1156/1300/2147 1157/1278/2148
f 1139/1315/2149 1141/1274/2150 1153/1305/2151 1140/1316/2152
f 1154/1291/2153 1153/1305/2154 1141/1274/2155 1122/1326/2156
f 1122/1326/2157 1125/1324/2158 1155/1292/2159 1154/1291/2160
f 1144/1293/2161 1155/1292/2162 1125/1324/2163 1143/1313/2164
f 1126/1323/2165 1152/1283/2166 1156/1300/2167 1132/1275/2168
f 1156/1300/2169 1152/1283/2170 1127/1284/2171 1157/1278/2172
f 1158/1282/2173 1157/1278/2174 1127/1284/2175 1128/1285/2176
f 1158/1282/2177 1128/1285/2178 1129/1286/2179 1137/1318/2180
g default
v 31.908936 142.736099 10.728695
v 32.629639 144.004776 17.928360
v 30.626099 142.919250 11.679790
v 30.133789 144.311081 11.400757
v 31.571167 144.011520 17.774681
v 35.166504 143.383194 14.887280
v 32.106812 143.387650 15.511200
v 31.053223 143.872910 15.442745
v 29.843384 144.044266 15.542507
v 30.830566 145.472809 15.997883
v 31.899902 145.729431 15.619656
v 34.515015 142.828293 10.755028
v 34.305298 142.841446 10.098213
v 35.419189 144.483612 10.237770
v 33.854126 142.814011 9.836689
v 29.474243 143.300201 12.425753
v 29.329224 143.575775 13.135492
v 34.817139 144.502228 17.024071
v 34.738525 143.960876 17.242096
v 35.078247 143.914627 16.878944
v 34.227783 143.911163 17.487572
v 30.142090 144.540619 16.959690
v 30.497803 144.094101 17.224010
v 30.157715 144.041275 16.851257
v 33.620483 145.332794 15.311260
v 33.437378 145.103363 16.776657
v 31.994873 145.041245 17.387474
v 31.136841 144.957184 17.193703
v 30.692139 145.938766 12.857681
v 32.238892 146.640091 12.203257
v 34.492310 146.037399 10.955513
v 34.123047 143.436111 15.158367
v 34.001587 143.713745 16.735600
v 32.412964 143.822998 17.335655
v 31.359375 144.016068 17.035793
v 33.896362 142.745285 10.570202
v 32.129639 142.801880 12.104774
v 30.689575 143.184082 12.595638
vt 0.161116 0.011324
vt 0.180946 0.025833
vt 0.186407 0.018033
vt 0.016218 0.015685
vt 0.181917 0.015836
vt 0.186093 0.012130
vt 0.021336 0.015900
vt 0.023092 0.007848
vt 0.183145 0.010308
vt 0.168286 0.015830
vt 0.171473 0.008949
vt 0.173650 0.005412
vt 0.175610 0.001500
vt 0.022616 0.026800
vt 0.018558 0.026448
vt 0.011899 0.026896
vt 0.005613 0.033645
vt 0.165258 0.006180
vt 0.168161 0.003405
vt 0.170978 0.000011
vt 0.019102 0.032550
vt 0.022263 0.031362
vt 0.021841 0.036136
vt 0.017097 0.037409
vt 0.183325 0.026526
vt 0.186050 0.006966
vt 0.182785 0.024332
vt 0.009081 0.013343
vt 0.005341 0.002623
vt 0.030656 0.011978
vt 0.013387 0.031414
vt 0.163871 0.012189
vt 0.026486 0.032592
vt 0.026497 0.030130
vt 0.007426 0.035118
vt 0.007998 0.033198
vt 0.000046 0.026097
vt 0.004483 0.010401
vt 0.028175 0.030720
vt 0.169182 0.000377
vt 0.009654 0.036553
vt 0.160752 0.013335
vt 0.161152 0.015080
vt 0.028798 0.008183
vt 0.184121 0.004924
vt 0.002860 0.004359
vt 0.185023 0.025720
vt 0.000000 0.006985
vt 0.030786 0.024565
vt 0.167093 0.019506
vt 0.165494 0.002713
vt 0.023589 0.003002
vt 0.162975 0.005615
vt 0.016431 0.000013
vn 0.729914 0.551207 -0.404223
vn 0.776044 -0.629923 0.030881
vn 0.739989 -0.638144 -0.212575
vn -0.584883 0.621393 -0.521328
vn -0.392550 -0.592892 -0.703124
vn -0.502348 -0.685124 -0.527496
vn -0.456770 0.864404 -0.210160
vn -0.110610 0.976241 -0.186332
vn -0.392550 -0.592892 -0.703124
vn -0.584883 0.621393 -0.521328
vn -0.168791 -0.985393 0.022607
vn -0.225325 -0.952185 0.206332
vn -0.502348 -0.685124 -0.527496
vn -0.392550 -0.592892 -0.703124
vn -0.624918 0.633662 -0.456015
vn -0.584883 0.621393 -0.521328
vn -0.502348 -0.685124 -0.527496
vn 0.786104 -0.560130 0.261332
vn 0.776044 -0.629923 0.030881
vn 0.467071 0.851837 0.237103
vn 0.052815 -0.994825 0.086796
vn 0.776044 -0.629923 0.030881
vn 0.786104 -0.560130 0.261332
vn 0.052706 -0.974208 0.219409
vn -0.306891 -0.926527 0.217638
vn -0.063483 -0.971338 0.229069
vn -0.073550 -0.973631 0.215947
vn -0.211742 -0.965352 0.152516
vn -0.560281 -0.775994 0.289688
vn -0.306891 -0.926527 0.217638
vn -0.211742 -0.965352 0.152516
vn -0.428905 -0.883167 0.189887
vn -0.462703 0.740453 0.487478
vn -0.560281 -0.775994 0.289688
vn -0.428905 -0.883167 0.189887
vn -0.150646 0.909745 0.386871
vn -0.273833 0.949317 0.154312
vn -0.560281 -0.775994 0.289688
vn -0.462703 0.740453 0.487478
vn 0.113120 0.960565 0.254004
vn -0.273833 0.949317 0.154312
vn -0.150646 0.909745 0.386871
vn 0.044324 0.952341 0.301800
vn 0.244267 0.959217 0.142257
vn 0.113120 0.960565 0.254004
vn 0.044324 0.952341 0.301800
vn 0.150492 0.958464 0.242280
vn 0.044324 0.952341 0.301800
vn -0.150646 0.909745 0.386871
vn -0.249619 -0.668667 0.700411
vn 0.071299 -0.639984 0.765073
vn 0.739989 -0.638144 -0.212575
vn 0.484851 0.613081 -0.623740
vn 0.729914 0.551207 -0.404223
vn 0.467071 0.851837 0.237103
vn 0.468250 -0.634367 0.615077
vn 0.786104 -0.560130 0.261332
vn -0.371436 -0.744523 0.554726
vn -0.462703 0.740453 0.487478
vn -0.428905 -0.883167 0.189887
vn 0.484851 0.613081 -0.623740
vn 0.739989 -0.638144 -0.212575
vn -0.004636 -0.998708 -0.050600
vn -0.250458 -0.473439 -0.844468
vn -0.110610 0.976241 -0.186332
vn 0.157425 0.949338 -0.271984
vn -0.250458 -0.473439 -0.844468
vn -0.392550 -0.592892 -0.703124
vn -0.624918 0.633662 -0.456015
vn -0.502348 -0.685124 -0.527496
vn -0.225325 -0.952185 0.206332
vn -0.588917 -0.760446 0.273674
vn -0.624918 0.633662 -0.456015
vn -0.588917 -0.760446 0.273674
vn -0.456770 0.864404 -0.210160
vn -0.584883 0.621393 -0.521328
vn 0.071299 -0.639984 0.765073
vn 0.203313 -0.722271 0.661051
vn 0.150492 0.958464 0.242280
vn 0.044324 0.952341 0.301800
vn -0.150646 0.909745 0.386871
vn -0.462703 0.740453 0.487478
vn -0.371436 -0.744523 0.554726
vn -0.249619 -0.668667 0.700411
vn 0.468250 -0.634367 0.615077
vn 0.467071 0.851837 0.237103
vn 0.150492 0.958464 0.242280
vn 0.203313 -0.722271 0.661051
vn 0.467071 0.851837 0.237103
vn 0.776044 -0.629923 0.030881
vn 0.244267 0.959217 0.142257
vn 0.150492 0.958464 0.242280
vn 0.484851 0.613081 -0.623740
vn -0.250458 -0.473439 -0.844468
vn 0.157425 0.949338 -0.271984
vn 0.729914 0.551207 -0.404223
vn -0.588917 -0.760446 0.273674
vn -0.560281 -0.775994 0.289688
vn -0.273833 0.949317 0.154312
vn -0.456770 0.864404 -0.210160
vn -0.273833 0.949317 0.154312
vn 0.113120 0.960565 0.254004
vn -0.110610 0.976241 -0.186332
vn -0.456770 0.864404 -0.210160
vn 0.113120 0.960565 0.254004
vn 0.244267 0.959217 0.142257
vn 0.157425 0.949338 -0.271984
vn -0.110610 0.976241 -0.186332
vn 0.157425 0.949338 -0.271984
vn 0.244267 0.959217 0.142257
vn 0.776044 -0.629923 0.030881
vn 0.729914 0.551207 -0.404223
vn -0.063483 -0.971338 0.229069
vn 0.052815 -0.994825 0.086796
vn 0.052706 -0.974208 0.219409
vn -0.073550 -0.973631 0.215947
vn -0.392550 -0.592892 -0.703124
vn -0.250458 -0.473439 -0.844468
vn -0.004636 -0.998708 -0.050600
vn -0.168791 -0.985393 0.022607
vn 0.468250 -0.634367 0.615077
vn 0.203313 -0.722271 0.661051
vn 0.052706 -0.974208 0.219409
vn 0.786104 -0.560130 0.261332
vn -0.073550 -0.973631 0.215947
vn 0.052706 -0.974208 0.219409
vn 0.203313 -0.722271 0.661051
vn 0.071299 -0.639984 0.765073
vn 0.071299 -0.639984 0.765073
vn -0.249619 -0.668667 0.700411
vn -0.211742 -0.965352 0.152516
vn -0.073550 -0.973631 0.215947
vn -0.428905 -0.883167 0.189887
vn -0.211742 -0.965352 0.152516
vn -0.249619 -0.668667 0.700411
vn -0.371436 -0.744523 0.554726
vn 0.776044 -0.629923 0.030881
vn 0.052815 -0.994825 0.086796
vn -0.004636 -0.998708 -0.050600
vn 0.739989 -0.638144 -0.212575
vn -0.004636 -0.998708 -0.050600
vn 0.052815 -0.994825 0.086796
vn -0.063483 -0.971338 0.229069
vn -0.168791 -0.985393 0.022607
vn -0.225325 -0.952185 0.206332
vn -0.168791 -0.985393 0.022607
vn -0.063483 -0.971338 0.229069
vn -0.306891 -0.926527 0.217638
vn -0.225325 -0.952185 0.206332
vn -0.306891 -0.926527 0.217638
vn -0.560281 -0.775994 0.289688
vn -0.588917 -0.760446 0.273674
s off
g group1 Cailloux pCube52
usemtl Cailloux_mat1
f 1172/1365/2181 1164/1364/2182 1170/1375/2183
f 1162/1335/2184 1159/1381/2185 1161/1379/2186
f 1187/1334/2187 1188/1331/2188 1159/1381/2189 1162/1335/2190
f 1195/1332/2191 1196/1336/2192 1161/1333/2193 1159/1330/2194
f 1174/1371/2195 1162/1335/2196 1161/1379/2197
f 1178/1344/2198 1164/1364/2199 1176/1363/2200
f 1190/1337/2201 1164/1377/2202 1178/1370/2203 1191/1359/2204
f 1166/1339/2205 1165/1338/2206 1192/1345/2207 1193/1346/2208
f 1167/1340/2209 1166/1339/2210 1193/1346/2211 1182/1347/2212
f 1180/1361/2213 1167/1376/2214 1182/1366/2215
f 1186/1349/2216 1168/1341/2217 1167/1376/2218 1180/1361/2219
f 1169/1342/2220 1168/1341/2221 1186/1349/2222 1185/1348/2223
f 1183/1343/2224 1169/1342/2225 1185/1348/2226 1184/1358/2227
f 1185/1348/2228 1186/1349/2229 1163/1350/2230 1160/1351/2231
f 1170/1375/2232 1171/1373/2233 1172/1365/2234
f 1176/1363/2235 1177/1362/2236 1178/1344/2237
f 1181/1360/2238 1180/1361/2239 1182/1366/2240
f 1171/1352/2241 1170/1329/2242 1194/1354/2243 1173/1374/2244
f 1188/1331/2245 1189/1355/2246 1173/1356/2247 1159/1381/2248
f 1174/1353/2249 1161/1333/2250 1196/1336/2251 1175/1372/2252
f 1174/1371/2253 1175/1357/2254 1187/1334/2255 1162/1335/2256
f 1160/1351/2257 1179/1368/2258 1184/1358/2259 1185/1348/2260
f 1186/1349/2261 1180/1361/2262 1181/1360/2263 1163/1350/2264
f 1177/1362/2265 1176/1363/2266 1184/1358/2267 1179/1368/2268
f 1176/1363/2269 1164/1364/2270 1183/1343/2271 1184/1358/2272
f 1171/1373/2273 1173/1356/2274 1189/1355/2275 1172/1365/2276
f 1175/1357/2277 1167/1376/2278 1168/1341/2279 1187/1334/2280
f 1168/1341/2281 1169/1342/2282 1188/1331/2283 1187/1334/2284
f 1169/1342/2285 1183/1343/2286 1189/1355/2287 1188/1331/2288
f 1189/1355/2289 1183/1343/2290 1164/1364/2291 1172/1365/2292
f 1165/1338/2293 1190/1337/2294 1191/1359/2295 1192/1345/2296
f 1159/1330/2297 1173/1374/2298 1194/1354/2299 1195/1332/2300
f 1177/1369/2301 1179/1328/2302 1191/1359/2303 1178/1370/2304
f 1192/1345/2305 1191/1359/2306 1179/1328/2307 1160/1380/2308
f 1160/1380/2309 1163/1378/2310 1193/1346/2311 1192/1345/2312
f 1182/1347/2313 1193/1346/2314 1163/1378/2315 1181/1367/2316
f 1164/1377/2317 1190/1337/2318 1194/1354/2319 1170/1329/2320
f 1194/1354/2321 1190/1337/2322 1165/1338/2323 1195/1332/2324
f 1196/1336/2325 1195/1332/2326 1165/1338/2327 1166/1339/2328
f 1196/1336/2329 1166/1339/2330 1167/1340/2331 1175/1372/2332
g default
v 33.774902 143.821579 19.673306
v 31.466675 144.338654 17.837914
v 33.861572 143.896225 19.028278
v 34.083008 144.463486 18.963699
v 31.812256 144.341400 17.572403
v 31.634277 144.085312 19.443310
v 32.321411 144.087128 18.372070
v 32.640869 144.284912 18.083702
v 32.955444 144.354752 17.701931
v 32.541870 144.936981 17.860924
v 32.348511 145.041565 18.280834
v 33.026611 143.859146 20.427246
v 33.278198 143.864517 20.552597
v 32.920898 144.533813 20.838356
v 33.482788 143.853333 20.495094
v 33.970947 144.051483 18.479734
v 33.804810 144.163803 18.235653
v 31.109253 144.541412 18.734047
v 31.067871 144.320770 18.649178
v 31.077515 144.301910 18.851540
v 31.141235 144.300507 18.430161
v 32.456543 144.557053 17.386486
v 32.278198 144.375061 17.415211
v 32.483765 144.353531 17.421814
v 31.949707 144.879913 18.871136
v 31.573608 144.786407 18.401199
v 31.805054 144.761093 17.806190
v 32.105469 144.726822 17.610641
v 33.498657 145.126892 18.712814
v 33.250366 145.412720 19.350651
v 32.974609 145.167084 20.363575
v 31.851562 144.106873 19.061443
v 31.425171 144.220047 18.577778
v 31.701416 144.264557 17.943062
v 32.088379 144.343262 17.720417
v 33.256470 143.825333 20.299030
v 33.310181 143.848389 19.346716
v 33.576050 144.004150 18.786459
vt 0.772797 0.004628
vt 0.780879 0.010541
vt 0.783105 0.007362
vt 0.732588 0.006403
vt 0.781275 0.006467
vt 0.782977 0.004956
vt 0.734674 0.006490
vt 0.735390 0.003209
vt 0.781775 0.004214
vt 0.775719 0.006464
vt 0.777018 0.003660
vt 0.777905 0.002218
vt 0.778704 0.000624
vt 0.735196 0.010933
vt 0.733542 0.010789
vt 0.730828 0.010972
vt 0.728266 0.013723
vt 0.774485 0.002531
vt 0.775668 0.001400
vt 0.776816 0.000017
vt 0.733764 0.013276
vt 0.735052 0.012792
vt 0.734880 0.014738
vt 0.732947 0.015257
vt 0.781848 0.010823
vt 0.782959 0.002851
vt 0.781628 0.009929
vt 0.729680 0.005448
vt 0.728155 0.001079
vt 0.738473 0.004892
vt 0.731435 0.012813
vt 0.773920 0.004980
vt 0.736773 0.013293
vt 0.736778 0.012290
vt 0.729005 0.014323
vt 0.729238 0.013541
vt 0.725997 0.010647
vt 0.727806 0.004249
vt 0.737462 0.012530
vt 0.776084 0.000166
vt 0.729913 0.014908
vt 0.772649 0.005447
vt 0.772811 0.006159
vt 0.737716 0.003345
vt 0.782173 0.002019
vt 0.727144 0.001787
vt 0.782541 0.010495
vt 0.725978 0.002857
vt 0.738526 0.010022
vt 0.775233 0.007962
vt 0.774581 0.001118
vt 0.735593 0.001234
vt 0.773554 0.002301
vt 0.732675 0.000016
vn -0.219143 0.551207 0.805076
vn -0.563212 -0.629923 0.534780
vn -0.363552 -0.638144 0.678677
vn 0.781510 0.621393 -0.055795
vn 0.777732 -0.592892 0.208832
vn 0.728386 -0.685124 0.007672
vn 0.469125 0.864404 -0.180909
vn 0.210692 0.976241 0.050624
vn 0.777732 -0.592892 0.208832
vn 0.781510 0.621393 -0.055795
vn 0.101479 -0.985393 -0.136761
vn 0.009192 -0.952185 -0.305385
vn 0.728386 -0.685124 0.007672
vn 0.777732 -0.592892 0.208832
vn 0.762604 0.633662 -0.130032
vn 0.781510 0.621393 -0.055795
vn 0.728386 -0.685124 0.007672
vn -0.735427 -0.560131 0.381316
vn -0.563212 -0.629923 0.534780
vn -0.495621 0.851837 0.169508
vn -0.099044 -0.994825 -0.022656
vn -0.563212 -0.629923 0.534780
vn -0.735427 -0.560131 0.381316
vn -0.194033 -0.974208 -0.115194
vn 0.057956 -0.926527 -0.371738
vn -0.119948 -0.971338 -0.205220
vn -0.103522 -0.973631 -0.203288
vn 0.038300 -0.965352 -0.258126
vn 0.182976 -0.775994 -0.603617
vn 0.057956 -0.926527 -0.371738
vn 0.038300 -0.965352 -0.258126
vn 0.162920 -0.883167 -0.439856
vn -0.026844 0.740453 -0.671572
vn 0.182976 -0.775994 -0.603617
vn 0.162920 -0.883167 -0.439856
vn -0.172296 0.909745 -0.377727
vn 0.080303 0.949317 -0.303889
vn 0.182976 -0.775994 -0.603617
vn -0.026844 0.740453 -0.671572
vn -0.260954 0.960565 -0.096007
vn 0.080303 0.949317 -0.303889
vn -0.172296 0.909745 -0.377727
vn -0.247250 0.952340 -0.178648
vn -0.272286 0.959217 0.075919
vn -0.260954 0.960565 -0.096007
vn -0.247250 0.952340 -0.178648
vn -0.278606 0.958464 -0.061042
vn -0.247250 0.952340 -0.178648
vn -0.172296 0.909745 -0.377727
vn -0.328052 -0.668667 -0.667283
vn -0.598157 -0.639984 -0.482316
vn -0.363552 -0.638144 0.678677
vn 0.109082 0.613081 0.782453
vn -0.219143 0.551207 0.805076
vn -0.495621 0.851837 0.169508
vn -0.767396 -0.634367 -0.093178
vn -0.735427 -0.560131 0.381316
vn -0.138685 -0.744523 -0.653033
vn -0.026844 0.740453 -0.671572
vn 0.162920 -0.883167 -0.439856
vn 0.109082 0.613081 0.782453
vn -0.363552 -0.638144 0.678677
vn 0.039505 -0.998708 0.031957
vn 0.779986 -0.473439 0.409241
vn 0.210692 0.976241 0.050624
vn 0.085213 0.949338 0.302484
vn 0.779986 -0.473439 0.409241
vn 0.777732 -0.592892 0.208832
vn 0.762604 0.633662 -0.130032
vn 0.728386 -0.685124 0.007672
vn 0.009192 -0.952185 -0.305385
vn 0.214422 -0.760447 -0.612980
vn 0.762604 0.633662 -0.130032
vn 0.214422 -0.760447 -0.612980
vn 0.469125 0.864404 -0.180909
vn 0.781510 0.621393 -0.055795
vn -0.598157 -0.639984 -0.482316
vn -0.615632 -0.722271 -0.315154
vn -0.278606 0.958464 -0.061042
vn -0.247250 0.952340 -0.178648
vn -0.172296 0.909745 -0.377727
vn -0.026844 0.740453 -0.671572
vn -0.138685 -0.744523 -0.653033
vn -0.328052 -0.668667 -0.667283
vn -0.767396 -0.634367 -0.093178
vn -0.495621 0.851837 0.169508
vn -0.278606 0.958464 -0.061042
vn -0.615632 -0.722271 -0.315154
vn -0.495621 0.851837 0.169508
vn -0.563212 -0.629923 0.534780
vn -0.272286 0.959217 0.075919
vn -0.278606 0.958464 -0.061042
vn 0.109082 0.613081 0.782453
vn 0.779986 -0.473439 0.409241
vn 0.085213 0.949338 0.302484
vn -0.219143 0.551207 0.805076
vn 0.214422 -0.760447 -0.612980
vn 0.182976 -0.775994 -0.603617
vn 0.080303 0.949317 -0.303889
vn 0.469125 0.864404 -0.180909
vn 0.080303 0.949317 -0.303889
vn -0.260954 0.960565 -0.096007
vn 0.210692 0.976241 0.050624
vn 0.469125 0.864404 -0.180909
vn -0.260954 0.960565 -0.096007
vn -0.272286 0.959217 0.075919
vn 0.085213 0.949338 0.302484
vn 0.210692 0.976241 0.050624
vn 0.085213 0.949338 0.302484
vn -0.272286 0.959217 0.075919
vn -0.563212 -0.629923 0.534780
vn -0.219143 0.551207 0.805076
vn -0.119948 -0.971338 -0.205220
vn -0.099044 -0.994825 -0.022656
vn -0.194033 -0.974208 -0.115194
vn -0.103522 -0.973631 -0.203288
vn 0.777732 -0.592892 0.208832
vn 0.779986 -0.473439 0.409241
vn 0.039505 -0.998708 0.031957
vn 0.101479 -0.985393 -0.136761
vn -0.767396 -0.634367 -0.093178
vn -0.615632 -0.722271 -0.315154
vn -0.194033 -0.974208 -0.115194
vn -0.735427 -0.560131 0.381316
vn -0.103522 -0.973631 -0.203288
vn -0.194033 -0.974208 -0.115194
vn -0.615632 -0.722271 -0.315154
vn -0.598157 -0.639984 -0.482316
vn -0.598157 -0.639984 -0.482316
vn -0.328052 -0.668667 -0.667283
vn 0.038300 -0.965352 -0.258126
vn -0.103522 -0.973631 -0.203288
vn 0.162920 -0.883167 -0.439856
vn 0.038300 -0.965352 -0.258126
vn -0.328052 -0.668667 -0.667283
vn -0.138685 -0.744523 -0.653033
vn -0.563212 -0.629923 0.534780
vn -0.099044 -0.994825 -0.022656
vn 0.039505 -0.998708 0.031957
vn -0.363552 -0.638144 0.678677
vn 0.039505 -0.998708 0.031957
vn -0.099044 -0.994825 -0.022656
vn -0.119948 -0.971338 -0.205220
vn 0.101479 -0.985393 -0.136761
vn 0.009192 -0.952185 -0.305385
vn 0.101479 -0.985393 -0.136761
vn -0.119948 -0.971338 -0.205220
vn 0.057956 -0.926527 -0.371738
vn 0.009192 -0.952185 -0.305385
vn 0.057956 -0.926527 -0.371738
vn 0.182976 -0.775994 -0.603617
vn 0.214422 -0.760447 -0.612980
s off
g group1 Cailloux pCube51
usemtl Cailloux_mat1
f 1210/1419/2333 1202/1418/2334 1208/1429/2335
f 1200/1389/2336 1197/1435/2337 1199/1433/2338
f 1225/1388/2339 1226/1385/2340 1197/1435/2341 1200/1389/2342
f 1233/1386/2343 1234/1390/2344 1199/1387/2345 1197/1384/2346
f 1212/1425/2347 1200/1389/2348 1199/1433/2349
f 1216/1398/2350 1202/1418/2351 1214/1417/2352
f 1228/1391/2353 1202/1431/2354 1216/1424/2355 1229/1413/2356
f 1204/1393/2357 1203/1392/2358 1230/1399/2359 1231/1400/2360
f 1205/1394/2361 1204/1393/2362 1231/1400/2363 1220/1401/2364
f 1218/1415/2365 1205/1430/2366 1220/1420/2367
f 1224/1403/2368 1206/1395/2369 1205/1430/2370 1218/1415/2371
f 1207/1396/2372 1206/1395/2373 1224/1403/2374 1223/1402/2375
f 1221/1397/2376 1207/1396/2377 1223/1402/2378 1222/1412/2379
f 1223/1402/2380 1224/1403/2381 1201/1404/2382 1198/1405/2383
f 1208/1429/2384 1209/1427/2385 1210/1419/2386
f 1214/1417/2387 1215/1416/2388 1216/1398/2389
f 1219/1414/2390 1218/1415/2391 1220/1420/2392
f 1209/1406/2393 1208/1383/2394 1232/1408/2395 1211/1428/2396
f 1226/1385/2397 1227/1409/2398 1211/1410/2399 1197/1435/2400
f 1212/1407/2401 1199/1387/2402 1234/1390/2403 1213/1426/2404
f 1212/1425/2405 1213/1411/2406 1225/1388/2407 1200/1389/2408
f 1198/1405/2409 1217/1422/2410 1222/1412/2411 1223/1402/2412
f 1224/1403/2413 1218/1415/2414 1219/1414/2415 1201/1404/2416
f 1215/1416/2417 1214/1417/2418 1222/1412/2419 1217/1422/2420
f 1214/1417/2421 1202/1418/2422 1221/1397/2423 1222/1412/2424
f 1209/1427/2425 1211/1410/2426 1227/1409/2427 1210/1419/2428
f 1213/1411/2429 1205/1430/2430 1206/1395/2431 1225/1388/2432
f 1206/1395/2433 1207/1396/2434 1226/1385/2435 1225/1388/2436
f 1207/1396/2437 1221/1397/2438 1227/1409/2439 1226/1385/2440
f 1227/1409/2441 1221/1397/2442 1202/1418/2443 1210/1419/2444
f 1203/1392/2445 1228/1391/2446 1229/1413/2447 1230/1399/2448
f 1197/1384/2449 1211/1428/2450 1232/1408/2451 1233/1386/2452
f 1215/1423/2453 1217/1382/2454 1229/1413/2455 1216/1424/2456
f 1230/1399/2457 1229/1413/2458 1217/1382/2459 1198/1434/2460
f 1198/1434/2461 1201/1432/2462 1231/1400/2463 1230/1399/2464
f 1220/1401/2465 1231/1400/2466 1201/1432/2467 1219/1421/2468
f 1202/1431/2469 1228/1391/2470 1232/1408/2471 1208/1383/2472
f 1232/1408/2473 1228/1391/2474 1203/1392/2475 1233/1386/2476
f 1234/1390/2477 1233/1386/2478 1203/1392/2479 1204/1393/2480
f 1234/1390/2481 1204/1393/2482 1205/1394/2483 1213/1426/2484
g default
v 19.055298 143.821579 26.349674
v 21.485962 144.338654 28.019508
v 19.013794 143.896225 26.999210
v 18.797363 144.463486 27.079084
v 21.159668 144.341400 28.308517
v 21.206787 144.085312 26.429733
v 20.595947 144.087128 27.546314
v 20.297485 144.284912 27.856258
v 20.010254 144.354752 28.259087
v 20.411743 144.936981 28.071613
v 20.575317 145.041565 27.639236
v 19.749023 143.859146 25.545383
v 19.489380 143.864517 25.437840
v 19.825928 144.533813 25.127872
v 19.289307 143.853333 25.509476
v 18.942993 144.051483 27.554047
v 19.125732 144.163803 27.785896
v 21.780029 144.541412 27.100609
v 21.827148 144.320770 27.182449
v 21.803467 144.301910 26.981163
v 21.769165 144.300507 27.406021
v 20.530029 144.557053 28.538952
v 20.705811 144.375061 28.497791
v 20.500366 144.353531 28.505600
v 20.932007 144.879913 27.022491
v 21.339966 144.786407 27.465073
v 21.150635 144.761093 28.074776
v 20.864502 144.726822 28.290863
v 19.397827 145.126892 27.288559
v 19.601074 145.412720 26.634897
v 19.805420 145.167084 25.605217
v 21.016602 144.106873 26.825867
v 21.475586 144.220047 27.278622
v 21.244507 144.264557 27.931023
v 20.873901 144.343262 28.180088
v 19.528809 143.825333 25.689344
v 19.541626 143.848389 26.642986
v 19.315552 144.004150 27.220430
vt 0.829838 0.004628
vt 0.837920 0.010541
vt 0.840146 0.007362
vt 0.654805 0.006403
vt 0.838316 0.006467
vt 0.840018 0.004956
vt 0.656891 0.006490
vt 0.657607 0.003209
vt 0.838816 0.004214
vt 0.832760 0.006464
vt 0.834059 0.003660
vt 0.834946 0.002218
vt 0.835745 0.000624
vt 0.657413 0.010933
vt 0.655759 0.010790
vt 0.653045 0.010972
vt 0.650483 0.013723
vt 0.831526 0.002531
vt 0.832709 0.001400
vt 0.833857 0.000017
vt 0.655980 0.013277
vt 0.657269 0.012793
vt 0.657097 0.014738
vt 0.655163 0.015257
vt 0.838889 0.010823
vt 0.840000 0.002851
vt 0.838669 0.009929
vt 0.651896 0.005448
vt 0.650372 0.001079
vt 0.660689 0.004892
vt 0.653651 0.012813
vt 0.830961 0.004980
vt 0.658990 0.013294
vt 0.658995 0.012290
vt 0.651222 0.014323
vt 0.651455 0.013541
vt 0.648214 0.010647
vt 0.650022 0.004249
vt 0.659678 0.012531
vt 0.833125 0.000166
vt 0.652130 0.014908
vt 0.829690 0.005447
vt 0.829853 0.006159
vt 0.659932 0.003345
vt 0.839214 0.002019
vt 0.649361 0.001787
vt 0.839582 0.010495
vt 0.648195 0.002857
vt 0.660743 0.010022
vt 0.832274 0.007962
vt 0.831622 0.001118
vt 0.657809 0.001234
vt 0.830595 0.002301
vt 0.654892 0.000016
vn 0.162437 0.551207 -0.818404
vn 0.524526 -0.629923 -0.572774
vn 0.315312 -0.638144 -0.702389
vn -0.775712 0.621393 0.110187
vn -0.790408 -0.592892 -0.154058
vn -0.727146 -0.685124 0.043169
vn -0.455359 0.864404 0.213201
vn -0.213711 0.976241 -0.035800
vn -0.790408 -0.592892 -0.154058
vn -0.775712 0.621393 0.110187
vn -0.091689 -0.985393 0.143508
vn 0.012138 -0.952185 0.305282
vn -0.727146 -0.685124 0.043169
vn -0.790408 -0.592892 -0.154058
vn -0.751672 0.633662 0.182924
vn -0.775712 0.621393 0.110187
vn -0.727146 -0.685124 0.043169
vn 0.707029 -0.560131 -0.431699
vn 0.524526 -0.629923 -0.572774
vn 0.482586 0.851837 -0.203676
vn 0.100383 -0.994825 0.015690
vn 0.524526 -0.629923 -0.572774
vn 0.707029 -0.560131 -0.431699
vn 0.201597 -0.974208 0.101375
vn -0.031877 -0.926527 0.374876
vn 0.133974 -0.971338 0.196351
vn 0.117454 -0.973631 0.195569
vn -0.020196 -0.965352 0.260169
vn -0.140414 -0.775994 0.614913
vn -0.031877 -0.926527 0.374876
vn -0.020196 -0.965352 0.260169
vn -0.131833 -0.883167 0.450152
vn 0.073636 0.740453 0.668062
vn -0.140414 -0.775994 0.614913
vn -0.131833 -0.883167 0.450152
vn 0.198232 0.909745 0.364784
vn -0.058904 0.949317 0.308751
vn -0.140414 -0.775994 0.614913
vn 0.073636 0.740453 0.668062
vn 0.267017 0.960565 0.077565
vn -0.058904 0.949317 0.308751
vn 0.198232 0.909745 0.364784
vn 0.259112 0.952340 0.160961
vn 0.266325 0.959217 -0.094732
vn 0.267017 0.960565 0.077565
vn 0.259112 0.952340 0.160961
vn 0.282187 0.958464 0.041454
vn 0.259112 0.952340 0.160961
vn 0.198232 0.909745 0.364784
vn 0.373811 -0.668667 0.642767
vn 0.630352 -0.639984 0.439405
vn 0.315312 -0.638144 -0.702389
vn -0.163410 0.613081 -0.772935
vn 0.162437 0.551207 -0.818404
vn 0.482586 0.851837 -0.203676
vn 0.772027 -0.634367 0.039408
vn 0.707029 -0.560131 -0.431699
vn 0.183911 -0.744523 0.641765
vn 0.073636 0.740453 0.668062
vn -0.131833 -0.883167 0.450152
vn -0.163410 0.613081 -0.772935
vn 0.315312 -0.638144 -0.702389
vn -0.041639 -0.998708 -0.029122
vn -0.806639 -0.473439 -0.353821
vn -0.213711 0.976241 -0.035800
vn -0.106111 0.949338 -0.295801
vn -0.806639 -0.473439 -0.353821
vn -0.790408 -0.592892 -0.154058
vn -0.751672 0.633662 0.182924
vn -0.727146 -0.685124 0.043169
vn 0.012138 -0.952185 0.305282
vn -0.171130 -0.760447 0.626447
vn -0.751672 0.633662 0.182924
vn -0.171130 -0.760447 0.626447
vn -0.455359 0.864404 0.213201
vn -0.775712 0.621393 0.110187
vn 0.630352 -0.639984 0.439405
vn 0.636120 -0.722271 0.271431
vn 0.282187 0.958464 0.041454
vn 0.259112 0.952340 0.160961
vn 0.198232 0.909745 0.364784
vn 0.073636 0.740453 0.668062
vn 0.183911 -0.744523 0.641765
vn 0.373811 -0.668667 0.642767
vn 0.772027 -0.634367 0.039408
vn 0.482586 0.851837 -0.203676
vn 0.282187 0.958464 0.041454
vn 0.636120 -0.722271 0.271431
vn 0.482586 0.851837 -0.203676
vn 0.524526 -0.629923 -0.572774
vn 0.266325 0.959217 -0.094732
vn 0.282187 0.958464 0.041454
vn -0.163410 0.613081 -0.772935
vn -0.806639 -0.473439 -0.353821
vn -0.106111 0.949338 -0.295801
vn 0.162437 0.551207 -0.818404
vn -0.171130 -0.760447 0.626447
vn -0.140414 -0.775994 0.614913
vn -0.058904 0.949317 0.308751
vn -0.455359 0.864404 0.213201
vn -0.058904 0.949317 0.308751
vn 0.267017 0.960565 0.077565
vn -0.213711 0.976241 -0.035800
vn -0.455359 0.864404 0.213201
vn 0.267017 0.960565 0.077565
vn 0.266325 0.959217 -0.094732
vn -0.106111 0.949338 -0.295801
vn -0.213711 0.976241 -0.035800
vn -0.106111 0.949338 -0.295801
vn 0.266325 0.959217 -0.094732
vn 0.524526 -0.629923 -0.572774
vn 0.162437 0.551207 -0.818404
vn 0.133974 -0.971338 0.196351
vn 0.100383 -0.994825 0.015690
vn 0.201597 -0.974208 0.101375
vn 0.117454 -0.973631 0.195569
vn -0.790408 -0.592892 -0.154058
vn -0.806639 -0.473439 -0.353821
vn -0.041639 -0.998708 -0.029122
vn -0.091689 -0.985393 0.143508
vn 0.772027 -0.634367 0.039408
vn 0.636120 -0.722271 0.271431
vn 0.201597 -0.974208 0.101375
vn 0.707029 -0.560131 -0.431699
vn 0.117454 -0.973631 0.195569
vn 0.201597 -0.974208 0.101375
vn 0.636120 -0.722271 0.271431
vn 0.630352 -0.639984 0.439405
vn 0.630352 -0.639984 0.439405
vn 0.373811 -0.668667 0.642767
vn -0.020196 -0.965352 0.260169
vn 0.117454 -0.973631 0.195569
vn -0.131833 -0.883167 0.450152
vn -0.020196 -0.965352 0.260169
vn 0.373811 -0.668667 0.642767
vn 0.183911 -0.744523 0.641765
vn 0.524526 -0.629923 -0.572774
vn 0.100383 -0.994825 0.015690
vn -0.041639 -0.998708 -0.029122
vn 0.315312 -0.638144 -0.702389
vn -0.041639 -0.998708 -0.029122
vn 0.100383 -0.994825 0.015690
vn 0.133974 -0.971338 0.196351
vn -0.091689 -0.985393 0.143508
vn 0.012138 -0.952185 0.305282
vn -0.091689 -0.985393 0.143508
vn 0.133974 -0.971338 0.196351
vn -0.031877 -0.926527 0.374876
vn 0.012138 -0.952185 0.305282
vn -0.031877 -0.926527 0.374876
vn -0.140414 -0.775994 0.614913
vn -0.171130 -0.760447 0.626447
s off
g group1 Cailloux pCube50
usemtl Cailloux_mat1
f 1248/1473/2485 1240/1472/2486 1246/1483/2487
f 1238/1443/2488 1235/1489/2489 1237/1487/2490
f 1263/1442/2491 1264/1439/2492 1235/1489/2493 1238/1443/2494
f 1271/1440/2495 1272/1444/2496 1237/1441/2497 1235/1438/2498
f 1250/1479/2499 1238/1443/2500 1237/1487/2501
f 1254/1452/2502 1240/1472/2503 1252/1471/2504
f 1266/1445/2505 1240/1485/2506 1254/1478/2507 1267/1467/2508
f 1242/1447/2509 1241/1446/2510 1268/1453/2511 1269/1454/2512
f 1243/1448/2513 1242/1447/2514 1269/1454/2515 1258/1455/2516
f 1256/1469/2517 1243/1484/2518 1258/1474/2519
f 1262/1457/2520 1244/1449/2521 1243/1484/2522 1256/1469/2523
f 1245/1450/2524 1244/1449/2525 1262/1457/2526 1261/1456/2527
f 1259/1451/2528 1245/1450/2529 1261/1456/2530 1260/1466/2531
f 1261/1456/2532 1262/1457/2533 1239/1458/2534 1236/1459/2535
f 1246/1483/2536 1247/1481/2537 1248/1473/2538
f 1252/1471/2539 1253/1470/2540 1254/1452/2541
f 1257/1468/2542 1256/1469/2543 1258/1474/2544
f 1247/1460/2545 1246/1437/2546 1270/1462/2547 1249/1482/2548
f 1264/1439/2549 1265/1463/2550 1249/1464/2551 1235/1489/2552
f 1250/1461/2553 1237/1441/2554 1272/1444/2555 1251/1480/2556
f 1250/1479/2557 1251/1465/2558 1263/1442/2559 1238/1443/2560
f 1236/1459/2561 1255/1476/2562 1260/1466/2563 1261/1456/2564
f 1262/1457/2565 1256/1469/2566 1257/1468/2567 1239/1458/2568
f 1253/1470/2569 1252/1471/2570 1260/1466/2571 1255/1476/2572
f 1252/1471/2573 1240/1472/2574 1259/1451/2575 1260/1466/2576
f 1247/1481/2577 1249/1464/2578 1265/1463/2579 1248/1473/2580
f 1251/1465/2581 1243/1484/2582 1244/1449/2583 1263/1442/2584
f 1244/1449/2585 1245/1450/2586 1264/1439/2587 1263/1442/2588
f 1245/1450/2589 1259/1451/2590 1265/1463/2591 1264/1439/2592
f 1265/1463/2593 1259/1451/2594 1240/1472/2595 1248/1473/2596
f 1241/1446/2597 1266/1445/2598 1267/1467/2599 1268/1453/2600
f 1235/1438/2601 1249/1482/2602 1270/1462/2603 1271/1440/2604
f 1253/1477/2605 1255/1436/2606 1267/1467/2607 1254/1478/2608
f 1268/1453/2609 1267/1467/2610 1255/1436/2611 1236/1488/2612
f 1236/1488/2613 1239/1486/2614 1269/1454/2615 1268/1453/2616
f 1258/1455/2617 1269/1454/2618 1239/1486/2619 1257/1475/2620
f 1240/1485/2621 1266/1445/2622 1270/1462/2623 1246/1437/2624
f 1270/1462/2625 1266/1445/2626 1241/1446/2627 1271/1440/2628
f 1272/1444/2629 1271/1440/2630 1241/1446/2631 1242/1447/2632
f 1272/1444/2633 1242/1447/2634 1243/1448/2635 1251/1480/2636
g default
v 16.316162 142.736099 31.924139
v 15.094849 144.004776 24.792282
v 17.529419 142.919250 30.885883
v 18.040161 144.311081 31.129847
v 16.161377 144.011520 24.871803
v 12.776367 143.383194 28.002983
v 15.785034 143.387650 27.167107
v 16.840820 143.872910 27.161903
v 18.040771 144.044266 26.978016
v 17.024170 145.472809 26.592579
v 15.983887 145.729431 27.044540
v 13.714600 142.828293 32.079685
v 13.969604 142.841446 32.720367
v 12.848755 144.483612 32.658760
v 14.437866 142.814011 32.949760
v 18.626587 143.300201 30.061359
v 18.721558 143.575775 29.343227
v 12.975708 144.502228 25.847107
v 13.038940 143.960876 25.624092
v 12.725464 143.914627 26.010094
v 13.531372 143.911163 25.343590
v 17.643921 144.540619 25.585102
v 17.270630 144.094101 25.346241
v 17.635986 144.041275 25.694321
v 14.288940 145.332794 27.472252
v 14.369507 145.103363 25.997543
v 15.765747 145.041245 25.287590
v 16.635254 144.957184 25.421104
v 17.381470 145.938766 29.715469
v 15.884155 146.640091 30.476255
v 13.723267 146.037399 31.878124
v 13.798340 143.436111 27.659737
v 13.809448 143.713745 26.077900
v 15.352417 143.822998 25.368439
v 16.424316 144.016068 25.594059
v 14.344604 142.745285 32.220894
v 15.999878 142.801880 30.566870
v 17.402344 143.184082 29.976664
vt 0.264828 0.011324
vt 0.284657 0.025833
vt 0.290118 0.018032
vt 0.052517 0.015685
vt 0.285628 0.015836
vt 0.289804 0.012130
vt 0.057635 0.015900
vt 0.059391 0.007848
vt 0.286856 0.010308
vt 0.271998 0.015830
vt 0.275184 0.008949
vt 0.277361 0.005412
vt 0.279321 0.001500
vt 0.058915 0.026800
vt 0.054857 0.026448
vt 0.048198 0.026896
vt 0.041912 0.033645
vt 0.268969 0.006180
vt 0.271872 0.003405
vt 0.274689 0.000011
vt 0.055400 0.032550
vt 0.058562 0.031362
vt 0.058140 0.036136
vt 0.053396 0.037409
vt 0.287036 0.026525
vt 0.289761 0.006966
vt 0.286496 0.024331
vt 0.045380 0.013343
vt 0.041640 0.002623
vt 0.066955 0.011978
vt 0.049686 0.031414
vt 0.267583 0.012189
vt 0.062785 0.032591
vt 0.062796 0.030130
vt 0.043725 0.035118
vt 0.044297 0.033198
vt 0.036345 0.026097
vt 0.040782 0.010401
vt 0.064474 0.030720
vt 0.272893 0.000377
vt 0.045953 0.036553
vt 0.264464 0.013335
vt 0.264863 0.015080
vt 0.065097 0.008183
vt 0.287833 0.004924
vt 0.039159 0.004359
vt 0.288735 0.025720
vt 0.036299 0.006985
vt 0.067085 0.024565
vt 0.270804 0.019506
vt 0.269206 0.002713
vt 0.059888 0.003002
vt 0.266686 0.005615
vt 0.052729 0.000013
vn -0.699932 0.551207 0.454167
vn -0.776307 -0.629923 0.023341
vn -0.723354 -0.638144 0.263688
vn 0.619832 0.621393 0.479248
vn 0.440653 -0.592892 0.674021
vn 0.537928 -0.685124 0.491160
vn 0.470320 0.864404 0.177778
vn 0.123341 0.976241 0.178160
vn 0.440653 -0.592892 0.674021
vn 0.619832 0.621393 0.479248
vn 0.166802 -0.985393 -0.034329
vn 0.210380 -0.952185 -0.221551
vn 0.537928 -0.685124 0.491160
vn 0.440653 -0.592892 0.674021
vn 0.655213 0.633662 0.411301
vn 0.619832 0.621393 0.479248
vn 0.537928 -0.685124 0.491160
vn -0.802422 -0.560130 -0.205846
vn -0.776307 -0.629923 0.023341
vn -0.482476 0.851837 -0.203937
vn -0.058742 -0.994825 -0.082900
vn -0.776307 -0.629923 0.023341
vn -0.802422 -0.560130 -0.205846
vn -0.067887 -0.974208 -0.215197
vn 0.290957 -0.926527 -0.238521
vn 0.047345 -0.971338 -0.232941
vn 0.058303 -0.973631 -0.220553
vn 0.200584 -0.965352 -0.166918
vn 0.538703 -0.775994 -0.328075
vn 0.290957 -0.926527 -0.238521
vn 0.200584 -0.965352 -0.166918
vn 0.414610 -0.883167 -0.219351
vn 0.427563 0.740453 -0.518574
vn 0.538703 -0.775994 -0.328075
vn 0.414610 -0.883167 -0.219351
vn 0.123286 0.909745 -0.396439
vn 0.262399 0.949317 -0.173042
vn 0.538703 -0.775994 -0.328075
vn 0.427563 0.740453 -0.518574
vn -0.130567 0.960565 -0.245493
vn 0.262399 0.949317 -0.173042
vn 0.123286 0.909745 -0.396439
vn -0.065273 0.952340 -0.297972
vn -0.253597 0.959217 -0.124867
vn -0.130567 0.960565 -0.245493
vn -0.065273 0.952340 -0.297972
vn -0.167030 0.958464 -0.231189
vn -0.065273 0.952340 -0.297972
vn 0.123286 0.909745 -0.396439
vn 0.200141 -0.668667 -0.716120
vn -0.124506 -0.639984 -0.758234
vn -0.723354 -0.638144 0.263688
vn -0.440149 0.613081 0.656049
vn -0.699932 0.551207 0.454167
vn -0.482476 0.851837 -0.203937
vn -0.510025 -0.634367 -0.580907
vn -0.802422 -0.560130 -0.205846
vn 0.331825 -0.744523 -0.579290
vn 0.427563 0.740453 -0.518574
vn 0.414610 -0.883167 -0.219351
vn -0.440149 0.613081 0.656049
vn -0.723354 -0.638144 0.263688
vn 0.008155 -0.998708 0.050154
vn 0.308769 -0.473439 0.824935
vn 0.123341 0.976241 0.178160
vn -0.138064 0.949338 0.282305
vn 0.308769 -0.473439 0.824935
vn 0.440653 -0.592892 0.674021
vn 0.655213 0.633662 0.411301
vn 0.537928 -0.685124 0.491160
vn 0.210380 -0.952185 -0.221551
vn 0.568387 -0.760447 -0.314098
vn 0.655213 0.633662 0.411301
vn 0.568387 -0.760447 -0.314098
vn 0.470320 0.864404 0.177778
vn 0.619832 0.621393 0.479248
vn -0.124506 -0.639984 -0.758234
vn -0.248941 -0.722271 -0.645254
vn -0.167030 0.958464 -0.231189
vn -0.065273 0.952340 -0.297972
vn 0.123286 0.909745 -0.396439
vn 0.427563 0.740453 -0.518574
vn 0.331825 -0.744523 -0.579290
vn 0.200141 -0.668667 -0.716120
vn -0.510025 -0.634367 -0.580907
vn -0.482476 0.851837 -0.203937
vn -0.167030 0.958464 -0.231189
vn -0.248941 -0.722271 -0.645254
vn -0.482476 0.851837 -0.203937
vn -0.776307 -0.629923 0.023341
vn -0.253597 0.959217 -0.124867
vn -0.167030 0.958464 -0.231189
vn -0.440149 0.613081 0.656049
vn 0.308769 -0.473439 0.824935
vn -0.138064 0.949338 0.282305
vn -0.699932 0.551207 0.454167
vn 0.568387 -0.760447 -0.314098
vn 0.538703 -0.775994 -0.328075
vn 0.262399 0.949317 -0.173042
vn 0.470320 0.864404 0.177778
vn 0.262399 0.949317 -0.173042
vn -0.130567 0.960565 -0.245493
vn 0.123341 0.976241 0.178160
vn 0.470320 0.864404 0.177778
vn -0.130567 0.960565 -0.245493
vn -0.253597 0.959217 -0.124867
vn -0.138064 0.949338 0.282305
vn 0.123341 0.976241 0.178160
vn -0.138064 0.949338 0.282305
vn -0.253597 0.959217 -0.124867
vn -0.776307 -0.629923 0.023341
vn -0.699932 0.551207 0.454167
vn 0.047345 -0.971338 -0.232941
vn -0.058742 -0.994825 -0.082900
vn -0.067887 -0.974208 -0.215197
vn 0.058303 -0.973631 -0.220553
vn 0.440653 -0.592892 0.674021
vn 0.308769 -0.473439 0.824935
vn 0.008155 -0.998708 0.050154
vn 0.166802 -0.985393 -0.034329
vn -0.510025 -0.634367 -0.580907
vn -0.248941 -0.722271 -0.645254
vn -0.067887 -0.974208 -0.215197
vn -0.802422 -0.560130 -0.205846
vn 0.058303 -0.973631 -0.220553
vn -0.067887 -0.974208 -0.215197
vn -0.248941 -0.722271 -0.645254
vn -0.124506 -0.639984 -0.758234
vn -0.124506 -0.639984 -0.758234
vn 0.200141 -0.668667 -0.716120
vn 0.200584 -0.965352 -0.166918
vn 0.058303 -0.973631 -0.220553
vn 0.414610 -0.883167 -0.219351
vn 0.200584 -0.965352 -0.166918
vn 0.200141 -0.668667 -0.716120
vn 0.331825 -0.744523 -0.579290
vn -0.776307 -0.629923 0.023341
vn -0.058742 -0.994825 -0.082900
vn 0.008155 -0.998708 0.050154
vn -0.723354 -0.638144 0.263688
vn 0.008155 -0.998708 0.050154
vn -0.058742 -0.994825 -0.082900
vn 0.047345 -0.971338 -0.232941
vn 0.166802 -0.985393 -0.034329
vn 0.210380 -0.952185 -0.221551
vn 0.166802 -0.985393 -0.034329
vn 0.047345 -0.971338 -0.232941
vn 0.290957 -0.926527 -0.238521
vn 0.210380 -0.952185 -0.221551
vn 0.290957 -0.926527 -0.238521
vn 0.538703 -0.775994 -0.328075
vn 0.568387 -0.760447 -0.314098
s off
g group1 Cailloux pCube49
usemtl Cailloux_mat1
f 1286/1527/2637 1278/1526/2638 1284/1537/2639
f 1276/1497/2640 1273/1543/2641 1275/1541/2642
f 1301/1496/2643 1302/1493/2644 1273/1543/2645 1276/1497/2646
f 1309/1494/2647 1310/1498/2648 1275/1495/2649 1273/1492/2650
f 1288/1533/2651 1276/1497/2652 1275/1541/2653
f 1292/1506/2654 1278/1526/2655 1290/1525/2656
f 1304/1499/2657 1278/1539/2658 1292/1532/2659 1305/1521/2660
f 1280/1501/2661 1279/1500/2662 1306/1507/2663 1307/1508/2664
f 1281/1502/2665 1280/1501/2666 1307/1508/2667 1296/1509/2668
f 1294/1523/2669 1281/1538/2670 1296/1528/2671
f 1300/1511/2672 1282/1503/2673 1281/1538/2674 1294/1523/2675
f 1283/1504/2676 1282/1503/2677 1300/1511/2678 1299/1510/2679
f 1297/1505/2680 1283/1504/2681 1299/1510/2682 1298/1520/2683
f 1299/1510/2684 1300/1511/2685 1277/1512/2686 1274/1513/2687
f 1284/1537/2688 1285/1535/2689 1286/1527/2690
f 1290/1525/2691 1291/1524/2692 1292/1506/2693
f 1295/1522/2694 1294/1523/2695 1296/1528/2696
f 1285/1514/2697 1284/1491/2698 1308/1516/2699 1287/1536/2700
f 1302/1493/2701 1303/1517/2702 1287/1518/2703 1273/1543/2704
f 1288/1515/2705 1275/1495/2706 1310/1498/2707 1289/1534/2708
f 1288/1533/2709 1289/1519/2710 1301/1496/2711 1276/1497/2712
f 1274/1513/2713 1293/1530/2714 1298/1520/2715 1299/1510/2716
f 1300/1511/2717 1294/1523/2718 1295/1522/2719 1277/1512/2720
f 1291/1524/2721 1290/1525/2722 1298/1520/2723 1293/1530/2724
f 1290/1525/2725 1278/1526/2726 1297/1505/2727 1298/1520/2728
f 1285/1535/2729 1287/1518/2730 1303/1517/2731 1286/1527/2732
f 1289/1519/2733 1281/1538/2734 1282/1503/2735 1301/1496/2736
f 1282/1503/2737 1283/1504/2738 1302/1493/2739 1301/1496/2740
f 1283/1504/2741 1297/1505/2742 1303/1517/2743 1302/1493/2744
f 1303/1517/2745 1297/1505/2746 1278/1526/2747 1286/1527/2748
f 1279/1500/2749 1304/1499/2750 1305/1521/2751 1306/1507/2752
f 1273/1492/2753 1287/1536/2754 1308/1516/2755 1309/1494/2756
f 1291/1531/2757 1293/1490/2758 1305/1521/2759 1292/1532/2760
f 1306/1507/2761 1305/1521/2762 1293/1490/2763 1274/1542/2764
f 1274/1542/2765 1277/1540/2766 1307/1508/2767 1306/1507/2768
f 1296/1509/2769 1307/1508/2770 1277/1540/2771 1295/1529/2772
f 1278/1539/2773 1304/1499/2774 1308/1516/2775 1284/1491/2776
f 1308/1516/2777 1304/1499/2778 1279/1500/2779 1309/1494/2780
f 1310/1498/2781 1309/1494/2782 1279/1500/2783 1280/1501/2784
f 1310/1498/2785 1280/1501/2786 1281/1502/2787 1289/1534/2788
g default
v 12.876953 143.527054 28.653757
v 8.765625 144.248047 28.738472
v 12.395752 143.631134 27.884247
v 12.575928 144.422134 27.617821
v 8.900269 144.251892 28.145775
v 10.374512 143.894806 30.312397
v 10.158569 143.897339 28.550911
v 10.244629 144.173111 27.957104
v 10.242554 144.270508 27.267212
v 9.940186 145.082367 27.806026
v 10.106445 145.228210 28.428825
v 12.744873 143.579437 30.129009
v 13.126465 143.586914 30.039715
v 12.997314 144.520187 30.664452
v 13.294922 143.571320 29.795872
v 12.024902 143.847641 27.198105
v 11.629272 144.004257 27.084085
v 9.179688 144.530777 30.018494
v 9.059692 144.223114 29.964142
v 9.250122 144.196823 30.172890
v 8.943604 144.194855 29.663742
v 9.426270 144.552582 27.372761
v 9.260498 144.298828 27.562359
v 9.486938 144.268799 27.386429
v 10.203857 145.002808 29.417492
v 9.381836 144.872406 29.247849
v 9.100586 144.837112 28.403198
v 9.249023 144.789337 27.925804
v 11.725464 145.347183 27.868700
v 12.026733 145.745758 28.774412
v 12.632324 145.403244 30.107086
v 10.267822 143.924866 29.709057
v 9.379761 144.082672 29.569370
v 9.111206 144.144745 28.642349
v 9.328369 144.254471 28.058941
v 12.877441 143.532272 29.786802
v 12.087402 143.564423 28.716961
v 11.874023 143.781647 27.879011
vt 0.352825 0.006444
vt 0.364095 0.014690
vt 0.367198 0.010257
vt 0.341093 0.008916
vt 0.364646 0.009009
vt 0.367020 0.006903
vt 0.344002 0.009039
vt 0.345000 0.004463
vt 0.365344 0.005867
vt 0.356900 0.009005
vt 0.358711 0.005094
vt 0.359948 0.003084
vt 0.361062 0.000861
vt 0.344729 0.015233
vt 0.342423 0.015033
vt 0.338638 0.015288
vt 0.335066 0.019124
vt 0.355179 0.003521
vt 0.356828 0.001944
vt 0.358429 0.000015
vt 0.342732 0.018501
vt 0.344528 0.017826
vt 0.344288 0.020539
vt 0.341592 0.021262
vt 0.365446 0.015084
vt 0.366995 0.003968
vt 0.365139 0.013837
vt 0.337037 0.007586
vt 0.334911 0.001493
vt 0.349298 0.006810
vt 0.339484 0.017855
vt 0.354391 0.006936
vt 0.346929 0.018525
vt 0.346935 0.017126
vt 0.336096 0.019961
vt 0.336421 0.018869
vt 0.331902 0.014834
vt 0.334424 0.005913
vt 0.347888 0.017461
vt 0.357409 0.000223
vt 0.337362 0.020776
vt 0.352618 0.007587
vt 0.352845 0.008579
vt 0.348242 0.004653
vt 0.365899 0.002807
vt 0.333501 0.002480
vt 0.366412 0.014626
vt 0.331876 0.003972
vt 0.349372 0.013963
vt 0.356221 0.011094
vt 0.355313 0.001550
vt 0.345282 0.001709
vt 0.353881 0.003200
vt 0.341214 0.000010
vn 0.345241 0.551207 0.759592
vn -0.092148 -0.629923 0.771172
vn 0.153396 -0.638144 0.754481
vn 0.565944 0.621393 -0.541828
vn 0.731962 -0.592892 -0.335723
vn 0.565567 -0.685124 -0.459064
vn 0.245620 0.864404 -0.438722
vn 0.194495 0.976241 -0.095529
vn 0.731962 -0.592892 -0.335723
vn 0.565944 0.621393 -0.541828
vn -0.009190 -0.985393 -0.170050
vn -0.187869 -0.952185 -0.240935
vn 0.565567 -0.685124 -0.459064
vn 0.731962 -0.592892 -0.335723
vn 0.504001 0.633662 -0.586903
vn 0.565944 0.621393 -0.541828
vn 0.565567 -0.685124 -0.459064
vn -0.322674 -0.560131 0.762978
vn -0.092148 -0.629923 0.771172
vn -0.273294 0.851837 0.446860
vn -0.090701 -0.994825 0.045786
vn -0.092148 -0.629923 0.771172
vn -0.322674 -0.560131 0.762978
vn -0.222890 -0.974208 0.035192
vn -0.192690 -0.926527 -0.323139
vn -0.223332 -0.971338 -0.081398
vn -0.209455 -0.973631 -0.090395
vn -0.135295 -0.965352 -0.223139
vn -0.244478 -0.775994 -0.581433
vn -0.192690 -0.926527 -0.323139
vn -0.135295 -0.965352 -0.223139
vn -0.155378 -0.883167 -0.442577
vn -0.449364 0.740453 -0.499801
vn -0.244478 -0.775994 -0.581433
vn -0.155378 -0.883167 -0.442577
vn -0.373747 0.909745 -0.180766
vn -0.132176 0.949317 -0.285178
vn -0.244478 -0.775994 -0.581433
vn -0.449364 0.740453 -0.499801
vn -0.262154 0.960565 0.092681
vn -0.132176 0.949317 -0.285178
vn -0.373747 0.909745 -0.180766
vn -0.304360 0.952341 0.020321
vn -0.161127 0.959217 0.232253
vn -0.262154 0.960565 0.092681
vn -0.304360 0.952341 0.020321
vn -0.253422 0.958464 0.130863
vn -0.304360 0.952341 0.020321
vn -0.373747 0.909745 -0.180766
vn -0.678479 -0.668667 -0.304222
vn -0.768315 -0.639984 0.010579
vn 0.153396 -0.638144 0.754481
vn 0.583448 0.613081 0.532654
vn 0.345241 0.551207 0.759592
vn -0.273294 0.851837 0.446860
vn -0.650178 -0.634367 0.418148
vn -0.322674 -0.560131 0.762978
vn -0.523618 -0.744523 -0.414137
vn -0.449364 0.740453 -0.499801
vn -0.155378 -0.883167 -0.442577
vn 0.583448 0.613081 0.532654
vn 0.153396 -0.638144 0.754481
vn 0.050808 -0.998708 -0.000620
vn 0.861629 -0.473439 -0.182899
vn 0.194495 0.976241 -0.095529
vn 0.258684 0.949338 0.178438
vn 0.861629 -0.473439 -0.182899
vn 0.731962 -0.592892 -0.335723
vn 0.504001 0.633662 -0.586903
vn 0.565567 -0.685124 -0.459064
vn -0.187869 -0.952185 -0.240935
vn -0.226249 -0.760446 -0.608714
vn 0.504001 0.633662 -0.586903
vn -0.226249 -0.760446 -0.608714
vn 0.245620 0.864404 -0.438722
vn 0.565944 0.621393 -0.541828
vn -0.768315 -0.639984 0.010579
vn -0.675058 -0.722271 0.150405
vn -0.253422 0.958464 0.130863
vn -0.304360 0.952341 0.020321
vn -0.373747 0.909745 -0.180766
vn -0.449364 0.740453 -0.499801
vn -0.523618 -0.744523 -0.414137
vn -0.678479 -0.668667 -0.304222
vn -0.650178 -0.634367 0.418148
vn -0.273294 0.851837 0.446860
vn -0.253422 0.958464 0.130863
vn -0.675058 -0.722271 0.150405
vn -0.273294 0.851837 0.446860
vn -0.092148 -0.629923 0.771172
vn -0.161127 0.959217 0.232253
vn -0.253422 0.958464 0.130863
vn 0.583448 0.613081 0.532654
vn 0.861629 -0.473439 -0.182899
vn 0.258684 0.949338 0.178438
vn 0.345241 0.551207 0.759592
vn -0.226249 -0.760446 -0.608714
vn -0.244478 -0.775994 -0.581433
vn -0.132176 0.949317 -0.285178
vn 0.245620 0.864404 -0.438722
vn -0.132176 0.949317 -0.285178
vn -0.262154 0.960565 0.092681
vn 0.194495 0.976241 -0.095529
vn 0.245620 0.864404 -0.438722
vn -0.262154 0.960565 0.092681
vn -0.161127 0.959217 0.232253
vn 0.258684 0.949338 0.178438
vn 0.194495 0.976241 -0.095529
vn 0.258684 0.949338 0.178438
vn -0.161127 0.959217 0.232253
vn -0.092148 -0.629923 0.771172
vn 0.345241 0.551207 0.759592
vn -0.223332 -0.971338 -0.081398
vn -0.090701 -0.994825 0.045786
vn -0.222890 -0.974208 0.035192
vn -0.209455 -0.973631 -0.090395
vn 0.731962 -0.592892 -0.335723
vn 0.861629 -0.473439 -0.182899
vn 0.050808 -0.998708 -0.000620
vn -0.009190 -0.985393 -0.170050
vn -0.650178 -0.634367 0.418148
vn -0.675058 -0.722271 0.150405
vn -0.222890 -0.974208 0.035192
vn -0.322674 -0.560131 0.762978
vn -0.209455 -0.973631 -0.090395
vn -0.222890 -0.974208 0.035192
vn -0.675058 -0.722271 0.150405
vn -0.768315 -0.639984 0.010579
vn -0.768315 -0.639984 0.010579
vn -0.678479 -0.668667 -0.304222
vn -0.135295 -0.965352 -0.223139
vn -0.209455 -0.973631 -0.090395
vn -0.155378 -0.883167 -0.442577
vn -0.135295 -0.965352 -0.223139
vn -0.678479 -0.668667 -0.304222
vn -0.523618 -0.744523 -0.414137
vn -0.092148 -0.629923 0.771172
vn -0.090701 -0.994825 0.045786
vn 0.050808 -0.998708 -0.000620
vn 0.153396 -0.638144 0.754481
vn 0.050808 -0.998708 -0.000620
vn -0.090701 -0.994825 0.045786
vn -0.223332 -0.971338 -0.081398
vn -0.009190 -0.985393 -0.170050
vn -0.187869 -0.952185 -0.240935
vn -0.009190 -0.985393 -0.170050
vn -0.223332 -0.971338 -0.081398
vn -0.192690 -0.926527 -0.323139
vn -0.187869 -0.952185 -0.240935
vn -0.192690 -0.926527 -0.323139
vn -0.244478 -0.775994 -0.581433
vn -0.226249 -0.760446 -0.608714
s off
g group1 Cailloux pCube48
usemtl Cailloux_mat1
f 1324/1581/2789 1316/1580/2790 1322/1591/2791
f 1314/1551/2792 1311/1597/2793 1313/1595/2794
f 1339/1550/2795 1340/1547/2796 1311/1597/2797 1314/1551/2798
f 1347/1548/2799 1348/1552/2800 1313/1549/2801 1311/1546/2802
f 1326/1587/2803 1314/1551/2804 1313/1595/2805
f 1330/1560/2806 1316/1580/2807 1328/1579/2808
f 1342/1553/2809 1316/1593/2810 1330/1586/2811 1343/1575/2812
f 1318/1555/2813 1317/1554/2814 1344/1561/2815 1345/1562/2816
f 1319/1556/2817 1318/1555/2818 1345/1562/2819 1334/1563/2820
f 1332/1577/2821 1319/1592/2822 1334/1582/2823
f 1338/1565/2824 1320/1557/2825 1319/1592/2826 1332/1577/2827
f 1321/1558/2828 1320/1557/2829 1338/1565/2830 1337/1564/2831
f 1335/1559/2832 1321/1558/2833 1337/1564/2834 1336/1574/2835
f 1337/1564/2836 1338/1565/2837 1315/1566/2838 1312/1567/2839
f 1322/1591/2840 1323/1589/2841 1324/1581/2842
f 1328/1579/2843 1329/1578/2844 1330/1560/2845
f 1333/1576/2846 1332/1577/2847 1334/1582/2848
f 1323/1568/2849 1322/1545/2850 1346/1570/2851 1325/1590/2852
f 1340/1547/2853 1341/1571/2854 1325/1572/2855 1311/1597/2856
f 1326/1569/2857 1313/1549/2858 1348/1552/2859 1327/1588/2860
f 1326/1587/2861 1327/1573/2862 1339/1550/2863 1314/1551/2864
f 1312/1567/2865 1331/1584/2866 1336/1574/2867 1337/1564/2868
f 1338/1565/2869 1332/1577/2870 1333/1576/2871 1315/1566/2872
f 1329/1578/2873 1328/1579/2874 1336/1574/2875 1331/1584/2876
f 1328/1579/2877 1316/1580/2878 1335/1559/2879 1336/1574/2880
f 1323/1589/2881 1325/1572/2882 1341/1571/2883 1324/1581/2884
f 1327/1573/2885 1319/1592/2886 1320/1557/2887 1339/1550/2888
f 1320/1557/2889 1321/1558/2890 1340/1547/2891 1339/1550/2892
f 1321/1558/2893 1335/1559/2894 1341/1571/2895 1340/1547/2896
f 1341/1571/2897 1335/1559/2898 1316/1580/2899 1324/1581/2900
f 1317/1554/2901 1342/1553/2902 1343/1575/2903 1344/1561/2904
f 1311/1546/2905 1325/1590/2906 1346/1570/2907 1347/1548/2908
f 1329/1585/2909 1331/1544/2910 1343/1575/2911 1330/1586/2912
f 1344/1561/2913 1343/1575/2914 1331/1544/2915 1312/1596/2916
f 1312/1596/2917 1315/1594/2918 1345/1562/2919 1344/1561/2920
f 1334/1563/2921 1345/1562/2922 1315/1594/2923 1333/1583/2924
f 1316/1593/2925 1342/1553/2926 1346/1570/2927 1322/1545/2928
f 1346/1570/2929 1342/1553/2930 1317/1554/2931 1347/1548/2932
f 1348/1552/2933 1347/1548/2934 1317/1554/2935 1318/1555/2936
f 1348/1552/2937 1318/1555/2938 1319/1556/2939 1327/1588/2940
g default
v 12.151611 143.821579 33.235107
v 14.582397 144.338654 34.904945
v 12.110229 143.896225 33.884647
v 11.893799 144.463486 33.964520
v 14.256104 144.341400 35.193954
v 14.303101 144.085312 33.315166
v 13.692383 144.087128 34.431747
v 13.393921 144.284912 34.741692
v 13.106689 144.354752 35.144524
v 13.508179 144.936981 34.957043
v 13.671753 145.041565 34.524670
v 12.845459 143.859146 32.430817
v 12.585815 143.864517 32.323273
v 12.922363 144.533813 32.013306
v 12.385742 143.853333 32.394909
v 12.039307 144.051483 34.439480
v 12.222168 144.163803 34.671333
v 14.876343 144.541412 33.986038
v 14.923584 144.320770 34.067886
v 14.899902 144.301910 33.866600
v 14.865601 144.300507 34.291458
v 13.626343 144.557053 35.424389
v 13.802246 144.375061 35.383228
v 13.596680 144.353531 35.391037
v 14.028320 144.879913 33.907925
v 14.436401 144.786407 34.350510
v 14.246948 144.761093 34.960213
v 13.960938 144.726822 35.176300
v 12.494263 145.126892 34.173996
v 12.697388 145.412720 33.520332
v 12.901855 145.167084 32.490650
v 14.113037 144.106873 33.711300
v 14.572021 144.220047 34.164059
v 14.340820 144.264557 34.816460
v 13.970337 144.343262 35.065525
v 12.625122 143.825333 32.574780
v 12.638062 143.848389 33.528423
v 12.411987 144.004150 34.105865
vt 0.757240 0.004628
vt 0.765322 0.010541
vt 0.767548 0.007362
vt 0.717032 0.006403
vt 0.765718 0.006467
vt 0.767420 0.004956
vt 0.719118 0.006490
vt 0.719833 0.003209
vt 0.766218 0.004214
vt 0.760162 0.006464
vt 0.761461 0.003660
vt 0.762348 0.002218
vt 0.763147 0.000624
vt 0.719639 0.010933
vt 0.717986 0.010790
vt 0.715272 0.010972
vt 0.712709 0.013723
vt 0.758928 0.002531
vt 0.760111 0.001400
vt 0.761259 0.000017
vt 0.718207 0.013277
vt 0.719495 0.012792
vt 0.719323 0.014738
vt 0.717390 0.015257
vt 0.766292 0.010823
vt 0.767402 0.002851
vt 0.766071 0.009929
vt 0.714123 0.005448
vt 0.712599 0.001079
vt 0.722916 0.004892
vt 0.715878 0.012813
vt 0.758363 0.004980
vt 0.721217 0.013294
vt 0.721221 0.012290
vt 0.713448 0.014323
vt 0.713682 0.013541
vt 0.710440 0.010647
vt 0.712249 0.004249
vt 0.721905 0.012531
vt 0.760527 0.000166
vt 0.714356 0.014908
vt 0.757092 0.005447
vt 0.757255 0.006159
vt 0.722159 0.003345
vt 0.766616 0.002019
vt 0.711587 0.001787
vt 0.766984 0.010495
vt 0.710422 0.002857
vt 0.722969 0.010022
vt 0.759676 0.007962
vt 0.759025 0.001118
vt 0.720036 0.001234
vt 0.757998 0.002301
vt 0.717118 0.000016
vn 0.162437 0.551207 -0.818404
vn 0.524526 -0.629923 -0.572774
vn 0.315312 -0.638144 -0.702389
vn -0.775712 0.621393 0.110187
vn -0.790408 -0.592892 -0.154058
vn -0.727146 -0.685124 0.043169
vn -0.455359 0.864404 0.213201
vn -0.213711 0.976241 -0.035800
vn -0.790408 -0.592892 -0.154058
vn -0.775712 0.621393 0.110187
vn -0.091689 -0.985393 0.143508
vn 0.012138 -0.952185 0.305282
vn -0.727146 -0.685124 0.043169
vn -0.790408 -0.592892 -0.154058
vn -0.751672 0.633662 0.182924
vn -0.775712 0.621393 0.110187
vn -0.727146 -0.685124 0.043169
vn 0.707029 -0.560131 -0.431699
vn 0.524526 -0.629923 -0.572774
vn 0.482586 0.851837 -0.203676
vn 0.100383 -0.994825 0.015690
vn 0.524526 -0.629923 -0.572774
vn 0.707029 -0.560131 -0.431699
vn 0.201597 -0.974208 0.101375
vn -0.031877 -0.926527 0.374876
vn 0.133974 -0.971338 0.196351
vn 0.117454 -0.973631 0.195569
vn -0.020196 -0.965352 0.260169
vn -0.140414 -0.775994 0.614913
vn -0.031877 -0.926527 0.374876
vn -0.020196 -0.965352 0.260169
vn -0.131833 -0.883167 0.450152
vn 0.073636 0.740453 0.668062
vn -0.140414 -0.775994 0.614913
vn -0.131833 -0.883167 0.450152
vn 0.198232 0.909745 0.364784
vn -0.058904 0.949317 0.308751
vn -0.140414 -0.775994 0.614913
vn 0.073636 0.740453 0.668062
vn 0.267017 0.960565 0.077565
vn -0.058904 0.949317 0.308751
vn 0.198232 0.909745 0.364784
vn 0.259112 0.952340 0.160961
vn 0.266325 0.959217 -0.094732
vn 0.267017 0.960565 0.077565
vn 0.259112 0.952340 0.160961
vn 0.282187 0.958464 0.041454
vn 0.259112 0.952340 0.160961
vn 0.198232 0.909745 0.364784
vn 0.373811 -0.668667 0.642767
vn 0.630352 -0.639984 0.439405
vn 0.315312 -0.638144 -0.702389
vn -0.163410 0.613081 -0.772935
vn 0.162437 0.551207 -0.818404
vn 0.482586 0.851837 -0.203676
vn 0.772027 -0.634367 0.039408
vn 0.707029 -0.560131 -0.431699
vn 0.183911 -0.744523 0.641765
vn 0.073636 0.740453 0.668062
vn -0.131833 -0.883167 0.450152
vn -0.163410 0.613081 -0.772935
vn 0.315312 -0.638144 -0.702389
vn -0.041639 -0.998708 -0.029122
vn -0.806639 -0.473439 -0.353821
vn -0.213711 0.976241 -0.035800
vn -0.106111 0.949338 -0.295801
vn -0.806639 -0.473439 -0.353821
vn -0.790408 -0.592892 -0.154058
vn -0.751672 0.633662 0.182924
vn -0.727146 -0.685124 0.043169
vn 0.012138 -0.952185 0.305282
vn -0.171130 -0.760447 0.626447
vn -0.751672 0.633662 0.182924
vn -0.171130 -0.760447 0.626447
vn -0.455359 0.864404 0.213201
vn -0.775712 0.621393 0.110187
vn 0.630352 -0.639984 0.439405
vn 0.636120 -0.722271 0.271431
vn 0.282187 0.958464 0.041454
vn 0.259112 0.952340 0.160961
vn 0.198232 0.909745 0.364784
vn 0.073636 0.740453 0.668062
vn 0.183911 -0.744523 0.641765
vn 0.373811 -0.668667 0.642767
vn 0.772027 -0.634367 0.039408
vn 0.482586 0.851837 -0.203676
vn 0.282187 0.958464 0.041454
vn 0.636120 -0.722271 0.271431
vn 0.482586 0.851837 -0.203676
vn 0.524526 -0.629923 -0.572774
vn 0.266325 0.959217 -0.094732
vn 0.282187 0.958464 0.041454
vn -0.163410 0.613081 -0.772935
vn -0.806639 -0.473439 -0.353821
vn -0.106111 0.949338 -0.295801
vn 0.162437 0.551207 -0.818404
vn -0.171130 -0.760447 0.626447
vn -0.140414 -0.775994 0.614913
vn -0.058904 0.949317 0.308751
vn -0.455359 0.864404 0.213201
vn -0.058904 0.949317 0.308751
vn 0.267017 0.960565 0.077565
vn -0.213711 0.976241 -0.035800
vn -0.455359 0.864404 0.213201
vn 0.267017 0.960565 0.077565
vn 0.266325 0.959217 -0.094732
vn -0.106111 0.949338 -0.295801
vn -0.213711 0.976241 -0.035800
vn -0.106111 0.949338 -0.295801
vn 0.266325 0.959217 -0.094732
vn 0.524526 -0.629923 -0.572774
vn 0.162437 0.551207 -0.818404
vn 0.133974 -0.971338 0.196351
vn 0.100383 -0.994825 0.015690
vn 0.201597 -0.974208 0.101375
vn 0.117454 -0.973631 0.195569
vn -0.790408 -0.592892 -0.154058
vn -0.806639 -0.473439 -0.353821
vn -0.041639 -0.998708 -0.029122
vn -0.091689 -0.985393 0.143508
vn 0.772027 -0.634367 0.039408
vn 0.636120 -0.722271 0.271431
vn 0.201597 -0.974208 0.101375
vn 0.707029 -0.560131 -0.431699
vn 0.117454 -0.973631 0.195569
vn 0.201597 -0.974208 0.101375
vn 0.636120 -0.722271 0.271431
vn 0.630352 -0.639984 0.439405
vn 0.630352 -0.639984 0.439405
vn 0.373811 -0.668667 0.642767
vn -0.020196 -0.965352 0.260169
vn 0.117454 -0.973631 0.195569
vn -0.131833 -0.883167 0.450152
vn -0.020196 -0.965352 0.260169
vn 0.373811 -0.668667 0.642767
vn 0.183911 -0.744523 0.641765
vn 0.524526 -0.629923 -0.572774
vn 0.100383 -0.994825 0.015690
vn -0.041639 -0.998708 -0.029122
vn 0.315312 -0.638144 -0.702389
vn -0.041639 -0.998708 -0.029122
vn 0.100383 -0.994825 0.015690
vn 0.133974 -0.971338 0.196351
vn -0.091689 -0.985393 0.143508
vn 0.012138 -0.952185 0.305282
vn -0.091689 -0.985393 0.143508
vn 0.133974 -0.971338 0.196351
vn -0.031877 -0.926527 0.374876
vn 0.012138 -0.952185 0.305282
vn -0.031877 -0.926527 0.374876
vn -0.140414 -0.775994 0.614913
vn -0.171130 -0.760447 0.626447
s off
g group1 Cailloux pCube47
usemtl Cailloux_mat1
f 1362/1635/2941 1354/1634/2942 1360/1645/2943
f 1352/1605/2944 1349/1651/2945 1351/1649/2946
f 1377/1604/2947 1378/1601/2948 1349/1651/2949 1352/1605/2950
f 1385/1602/2951 1386/1606/2952 1351/1603/2953 1349/1600/2954
f 1364/1641/2955 1352/1605/2956 1351/1649/2957
f 1368/1614/2958 1354/1634/2959 1366/1633/2960
f 1380/1607/2961 1354/1647/2962 1368/1640/2963 1381/1629/2964
f 1356/1609/2965 1355/1608/2966 1382/1615/2967 1383/1616/2968
f 1357/1610/2969 1356/1609/2970 1383/1616/2971 1372/1617/2972
f 1370/1631/2973 1357/1646/2974 1372/1636/2975
f 1376/1619/2976 1358/1611/2977 1357/1646/2978 1370/1631/2979
f 1359/1612/2980 1358/1611/2981 1376/1619/2982 1375/1618/2983
f 1373/1613/2984 1359/1612/2985 1375/1618/2986 1374/1628/2987
f 1375/1618/2988 1376/1619/2989 1353/1620/2990 1350/1621/2991
f 1360/1645/2992 1361/1643/2993 1362/1635/2994
f 1366/1633/2995 1367/1632/2996 1368/1614/2997
f 1371/1630/2998 1370/1631/2999 1372/1636/3000
f 1361/1622/3001 1360/1599/3002 1384/1624/3003 1363/1644/3004
f 1378/1601/3005 1379/1625/3006 1363/1626/3007 1349/1651/3008
f 1364/1623/3009 1351/1603/3010 1386/1606/3011 1365/1642/3012
f 1364/1641/3013 1365/1627/3014 1377/1604/3015 1352/1605/3016
f 1350/1621/3017 1369/1638/3018 1374/1628/3019 1375/1618/3020
f 1376/1619/3021 1370/1631/3022 1371/1630/3023 1353/1620/3024
f 1367/1632/3025 1366/1633/3026 1374/1628/3027 1369/1638/3028
f 1366/1633/3029 1354/1634/3030 1373/1613/3031 1374/1628/3032
f 1361/1643/3033 1363/1626/3034 1379/1625/3035 1362/1635/3036
f 1365/1627/3037 1357/1646/3038 1358/1611/3039 1377/1604/3040
f 1358/1611/3041 1359/1612/3042 1378/1601/3043 1377/1604/3044
f 1359/1612/3045 1373/1613/3046 1379/1625/3047 1378/1601/3048
f 1379/1625/3049 1373/1613/3050 1354/1634/3051 1362/1635/3052
f 1355/1608/3053 1380/1607/3054 1381/1629/3055 1382/1615/3056
f 1349/1600/3057 1363/1644/3058 1384/1624/3059 1385/1602/3060
f 1367/1639/3061 1369/1598/3062 1381/1629/3063 1368/1640/3064
f 1382/1615/3065 1381/1629/3066 1369/1598/3067 1350/1650/3068
f 1350/1650/3069 1353/1648/3070 1383/1616/3071 1382/1615/3072
f 1372/1617/3073 1383/1616/3074 1353/1648/3075 1371/1637/3076
f 1354/1647/3077 1380/1607/3078 1384/1624/3079 1360/1599/3080
f 1384/1624/3081 1380/1607/3082 1355/1608/3083 1385/1602/3084
f 1386/1606/3085 1385/1602/3086 1355/1608/3087 1356/1609/3088
f 1386/1606/3089 1356/1609/3090 1357/1610/3091 1365/1642/3092
g default
v -25.482178 143.527054 -23.249615
v -29.593384 144.248047 -23.164902
v -25.963257 143.631134 -24.019131
v -25.783081 144.422134 -24.285553
v -29.458740 144.251892 -23.757607
v -27.984497 143.894806 -21.590977
v -28.200439 143.897339 -23.352465
v -28.114380 144.173111 -23.946270
v -28.116455 144.270508 -24.636162
v -28.418823 145.082367 -24.097351
v -28.252563 145.228210 -23.474548
v -25.614136 143.579437 -21.774368
v -25.232544 143.586914 -21.863659
v -25.361694 144.520187 -21.238926
v -25.064087 143.571320 -22.107506
v -26.334106 143.847641 -24.705269
v -26.729736 144.004257 -24.819290
v -29.179321 144.530777 -21.884888
v -29.299316 144.223114 -21.939228
v -29.108887 144.196823 -21.730473
v -29.415527 144.194855 -22.239632
v -28.932739 144.552582 -24.530617
v -29.098511 144.298828 -24.341011
v -28.872070 144.268799 -24.516947
v -28.155151 145.002808 -22.485886
v -28.977173 144.872406 -22.655525
v -29.258423 144.837112 -23.500179
v -29.110107 144.789337 -23.977570
v -26.633545 145.347183 -24.034676
v -26.332275 145.745758 -23.128963
v -25.726685 145.403244 -21.796288
v -28.091187 143.924866 -22.194317
v -28.979248 144.082672 -22.334007
v -29.247925 144.144745 -23.261024
v -29.030640 144.254471 -23.844433
v -25.481689 143.532272 -22.116570
v -26.271606 143.564423 -23.186415
v -26.484985 143.781647 -24.024363
vt 0.383938 0.006444
vt 0.395208 0.014690
vt 0.398312 0.010257
vt 0.320350 0.008916
vt 0.395760 0.009009
vt 0.398133 0.006903
vt 0.323259 0.009039
vt 0.324257 0.004463
vt 0.396457 0.005867
vt 0.388013 0.009005
vt 0.389824 0.005094
vt 0.391061 0.003084
vt 0.392176 0.000861
vt 0.323987 0.015233
vt 0.321681 0.015033
vt 0.317896 0.015288
vt 0.314323 0.019124
vt 0.386292 0.003521
vt 0.387942 0.001944
vt 0.389543 0.000015
vt 0.321989 0.018501
vt 0.323786 0.017826
vt 0.323546 0.020539
vt 0.320850 0.021262
vt 0.396560 0.015084
vt 0.398109 0.003968
vt 0.396253 0.013837
vt 0.316295 0.007586
vt 0.314169 0.001493
vt 0.328556 0.006810
vt 0.318742 0.017855
vt 0.385504 0.006936
vt 0.326186 0.018525
vt 0.326192 0.017126
vt 0.315354 0.019961
vt 0.315679 0.018869
vt 0.311160 0.014834
vt 0.313681 0.005913
vt 0.327146 0.017461
vt 0.388522 0.000223
vt 0.316620 0.020776
vt 0.383731 0.007587
vt 0.383959 0.008579
vt 0.327500 0.004653
vt 0.397013 0.002807
vt 0.312759 0.002480
vt 0.397525 0.014626
vt 0.311134 0.003972
vt 0.328630 0.013963
vt 0.387335 0.011094
vt 0.386427 0.001550
vt 0.324540 0.001709
vt 0.384995 0.003200
vt 0.320471 0.000010
vn 0.345241 0.551207 0.759592
vn -0.092148 -0.629923 0.771172
vn 0.153396 -0.638144 0.754481
vn 0.565944 0.621393 -0.541828
vn 0.731962 -0.592892 -0.335723
vn 0.565567 -0.685124 -0.459064
vn 0.245620 0.864404 -0.438722
vn 0.194495 0.976241 -0.095529
vn 0.731962 -0.592892 -0.335723
vn 0.565944 0.621393 -0.541828
vn -0.009190 -0.985393 -0.170050
vn -0.187869 -0.952185 -0.240935
vn 0.565567 -0.685124 -0.459064
vn 0.731962 -0.592892 -0.335723
vn 0.504001 0.633662 -0.586903
vn 0.565944 0.621393 -0.541828
vn 0.565567 -0.685124 -0.459064
vn -0.322674 -0.560131 0.762978
vn -0.092148 -0.629923 0.771172
vn -0.273294 0.851837 0.446860
vn -0.090701 -0.994825 0.045786
vn -0.092148 -0.629923 0.771172
vn -0.322674 -0.560131 0.762978
vn -0.222890 -0.974208 0.035192
vn -0.192690 -0.926527 -0.323139
vn -0.223332 -0.971338 -0.081398
vn -0.209455 -0.973631 -0.090395
vn -0.135295 -0.965352 -0.223139
vn -0.244478 -0.775994 -0.581433
vn -0.192690 -0.926527 -0.323139
vn -0.135295 -0.965352 -0.223139
vn -0.155378 -0.883167 -0.442577
vn -0.449364 0.740453 -0.499801
vn -0.244478 -0.775994 -0.581433
vn -0.155378 -0.883167 -0.442577
vn -0.373747 0.909745 -0.180766
vn -0.132176 0.949317 -0.285178
vn -0.244478 -0.775994 -0.581433
vn -0.449364 0.740453 -0.499801
vn -0.262154 0.960565 0.092681
vn -0.132176 0.949317 -0.285178
vn -0.373747 0.909745 -0.180766
vn -0.304360 0.952341 0.020321
vn -0.161127 0.959217 0.232253
vn -0.262154 0.960565 0.092681
vn -0.304360 0.952341 0.020321
vn -0.253422 0.958464 0.130863
vn -0.304360 0.952341 0.020321
vn -0.373747 0.909745 -0.180766
vn -0.678479 -0.668667 -0.304222
vn -0.768315 -0.639984 0.010579
vn 0.153396 -0.638144 0.754481
vn 0.583448 0.613081 0.532654
vn 0.345241 0.551207 0.759592
vn -0.273294 0.851837 0.446860
vn -0.650178 -0.634367 0.418148
vn -0.322674 -0.560131 0.762978
vn -0.523618 -0.744523 -0.414137
vn -0.449364 0.740453 -0.499801
vn -0.155378 -0.883167 -0.442577
vn 0.583448 0.613081 0.532654
vn 0.153396 -0.638144 0.754481
vn 0.050808 -0.998708 -0.000620
vn 0.861629 -0.473439 -0.182899
vn 0.194495 0.976241 -0.095529
vn 0.258684 0.949338 0.178438
vn 0.861629 -0.473439 -0.182899
vn 0.731962 -0.592892 -0.335723
vn 0.504001 0.633662 -0.586903
vn 0.565567 -0.685124 -0.459064
vn -0.187869 -0.952185 -0.240935
vn -0.226249 -0.760446 -0.608714
vn 0.504001 0.633662 -0.586903
vn -0.226249 -0.760446 -0.608714
vn 0.245620 0.864404 -0.438722
vn 0.565944 0.621393 -0.541828
vn -0.768315 -0.639984 0.010579
vn -0.675058 -0.722271 0.150405
vn -0.253422 0.958464 0.130863
vn -0.304360 0.952341 0.020321
vn -0.373747 0.909745 -0.180766
vn -0.449364 0.740453 -0.499801
vn -0.523618 -0.744523 -0.414137
vn -0.678479 -0.668667 -0.304222
vn -0.650178 -0.634367 0.418148
vn -0.273294 0.851837 0.446860
vn -0.253422 0.958464 0.130863
vn -0.675058 -0.722271 0.150405
vn -0.273294 0.851837 0.446860
vn -0.092148 -0.629923 0.771172
vn -0.161127 0.959217 0.232253
vn -0.253422 0.958464 0.130863
vn 0.583448 0.613081 0.532654
vn 0.861629 -0.473439 -0.182899
vn 0.258684 0.949338 0.178438
vn 0.345241 0.551207 0.759592
vn -0.226249 -0.760446 -0.608714
vn -0.244478 -0.775994 -0.581433
vn -0.132176 0.949317 -0.285178
vn 0.245620 0.864404 -0.438722
vn -0.132176 0.949317 -0.285178
vn -0.262154 0.960565 0.092681
vn 0.194495 0.976241 -0.095529
vn 0.245620 0.864404 -0.438722
vn -0.262154 0.960565 0.092681
vn -0.161127 0.959217 0.232253
vn 0.258684 0.949338 0.178438
vn 0.194495 0.976241 -0.095529
vn 0.258684 0.949338 0.178438
vn -0.161127 0.959217 0.232253
vn -0.092148 -0.629923 0.771172
vn 0.345241 0.551207 0.759592
vn -0.223332 -0.971338 -0.081398
vn -0.090701 -0.994825 0.045786
vn -0.222890 -0.974208 0.035192
vn -0.209455 -0.973631 -0.090395
vn 0.731962 -0.592892 -0.335723
vn 0.861629 -0.473439 -0.182899
vn 0.050808 -0.998708 -0.000620
vn -0.009190 -0.985393 -0.170050
vn -0.650178 -0.634367 0.418148
vn -0.675058 -0.722271 0.150405
vn -0.222890 -0.974208 0.035192
vn -0.322674 -0.560131 0.762978
vn -0.209455 -0.973631 -0.090395
vn -0.222890 -0.974208 0.035192
vn -0.675058 -0.722271 0.150405
vn -0.768315 -0.639984 0.010579
vn -0.768315 -0.639984 0.010579
vn -0.678479 -0.668667 -0.304222
vn -0.135295 -0.965352 -0.223139
vn -0.209455 -0.973631 -0.090395
vn -0.155378 -0.883167 -0.442577
vn -0.135295 -0.965352 -0.223139
vn -0.678479 -0.668667 -0.304222
vn -0.523618 -0.744523 -0.414137
vn -0.092148 -0.629923 0.771172
vn -0.090701 -0.994825 0.045786
vn 0.050808 -0.998708 -0.000620
vn 0.153396 -0.638144 0.754481
vn 0.050808 -0.998708 -0.000620
vn -0.090701 -0.994825 0.045786
vn -0.223332 -0.971338 -0.081398
vn -0.009190 -0.985393 -0.170050
vn -0.187869 -0.952185 -0.240935
vn -0.009190 -0.985393 -0.170050
vn -0.223332 -0.971338 -0.081398
vn -0.192690 -0.926527 -0.323139
vn -0.187869 -0.952185 -0.240935
vn -0.192690 -0.926527 -0.323139
vn -0.244478 -0.775994 -0.581433
vn -0.226249 -0.760446 -0.608714
s off
g group1 Cailloux pCube46
usemtl Cailloux_mat1
f 1400/1689/3093 1392/1688/3094 1398/1699/3095
f 1390/1659/3096 1387/1705/3097 1389/1703/3098
f 1415/1658/3099 1416/1655/3100 1387/1705/3101 1390/1659/3102
f 1423/1656/3103 1424/1660/3104 1389/1657/3105 1387/1654/3106
f 1402/1695/3107 1390/1659/3108 1389/1703/3109
f 1406/1668/3110 1392/1688/3111 1404/1687/3112
f 1418/1661/3113 1392/1701/3114 1406/1694/3115 1419/1683/3116
f 1394/1663/3117 1393/1662/3118 1420/1669/3119 1421/1670/3120
f 1395/1664/3121 1394/1663/3122 1421/1670/3123 1410/1671/3124
f 1408/1685/3125 1395/1700/3126 1410/1690/3127
f 1414/1673/3128 1396/1665/3129 1395/1700/3130 1408/1685/3131
f 1397/1666/3132 1396/1665/3133 1414/1673/3134 1413/1672/3135
f 1411/1667/3136 1397/1666/3137 1413/1672/3138 1412/1682/3139
f 1413/1672/3140 1414/1673/3141 1391/1674/3142 1388/1675/3143
f 1398/1699/3144 1399/1697/3145 1400/1689/3146
f 1404/1687/3147 1405/1686/3148 1406/1668/3149
f 1409/1684/3150 1408/1685/3151 1410/1690/3152
f 1399/1676/3153 1398/1653/3154 1422/1678/3155 1401/1698/3156
f 1416/1655/3157 1417/1679/3158 1401/1680/3159 1387/1705/3160
f 1402/1677/3161 1389/1657/3162 1424/1660/3163 1403/1696/3164
f 1402/1695/3165 1403/1681/3166 1415/1658/3167 1390/1659/3168
f 1388/1675/3169 1407/1692/3170 1412/1682/3171 1413/1672/3172
f 1414/1673/3173 1408/1685/3174 1409/1684/3175 1391/1674/3176
f 1405/1686/3177 1404/1687/3178 1412/1682/3179 1407/1692/3180
f 1404/1687/3181 1392/1688/3182 1411/1667/3183 1412/1682/3184
f 1399/1697/3185 1401/1680/3186 1417/1679/3187 1400/1689/3188
f 1403/1681/3189 1395/1700/3190 1396/1665/3191 1415/1658/3192
f 1396/1665/3193 1397/1666/3194 1416/1655/3195 1415/1658/3196
f 1397/1666/3197 1411/1667/3198 1417/1679/3199 1416/1655/3200
f 1417/1679/3201 1411/1667/3202 1392/1688/3203 1400/1689/3204
f 1393/1662/3205 1418/1661/3206 1419/1683/3207 1420/1669/3208
f 1387/1654/3209 1401/1698/3210 1422/1678/3211 1423/1656/3212
f 1405/1693/3213 1407/1652/3214 1419/1683/3215 1406/1694/3216
f 1420/1669/3217 1419/1683/3218 1407/1652/3219 1388/1704/3220
f 1388/1704/3221 1391/1702/3222 1421/1670/3223 1420/1669/3224
f 1410/1671/3225 1421/1670/3226 1391/1702/3227 1409/1691/3228
f 1392/1701/3229 1418/1661/3230 1422/1678/3231 1398/1653/3232
f 1422/1678/3233 1418/1661/3234 1393/1662/3235 1423/1656/3236
f 1424/1660/3237 1423/1656/3238 1393/1662/3239 1394/1663/3240
f 1424/1660/3241 1394/1663/3242 1395/1664/3243 1403/1696/3244
g default
v -26.207397 143.821579 -18.668262
v -23.776733 144.338654 -16.998428
v -26.248901 143.896225 -18.018726
v -26.465210 144.463486 -17.938858
v -24.103027 144.341400 -16.709419
v -24.055908 144.085312 -18.588207
v -24.666626 144.087128 -17.471624
v -24.965088 144.284912 -17.161682
v -25.252441 144.354752 -16.758852
v -24.850952 144.936981 -16.946327
v -24.687378 145.041565 -17.378704
v -25.513550 143.859146 -19.472557
v -25.773193 143.864517 -19.580105
v -25.436768 144.533813 -19.890064
v -25.973389 143.853333 -19.508461
v -26.319702 144.051483 -17.463894
v -26.136963 144.163803 -17.232044
v -23.482666 144.541412 -17.917332
v -23.435425 144.320770 -17.835487
v -23.459106 144.301910 -18.036774
v -23.493408 144.300507 -17.611916
v -24.732666 144.557053 -16.478985
v -24.556763 144.375061 -16.520149
v -24.762329 144.353531 -16.512337
v -24.330688 144.879913 -17.995447
v -23.922607 144.786407 -17.552868
v -24.112061 144.761093 -16.943161
v -24.398071 144.726822 -16.727074
v -25.864868 145.126892 -17.729382
v -25.661621 145.412720 -18.383041
v -25.457153 145.167084 -19.412720
v -24.245972 144.106873 -18.192074
v -23.786987 144.220047 -17.739319
v -24.018188 144.264557 -17.086914
v -24.388672 144.343262 -16.837849
v -25.733887 143.825333 -19.328598
v -25.720947 143.848389 -18.374952
v -25.947021 144.004150 -17.797510
vt 0.399437 0.004628
vt 0.407519 0.010541
vt 0.409744 0.007362
vt 0.685918 0.006403
vt 0.407914 0.006467
vt 0.409616 0.004956
vt 0.688004 0.006490
vt 0.688720 0.003209
vt 0.408415 0.004214
vt 0.402359 0.006464
vt 0.403657 0.003660
vt 0.404545 0.002218
vt 0.405344 0.000624
vt 0.688526 0.010933
vt 0.686872 0.010790
vt 0.684158 0.010972
vt 0.681596 0.013723
vt 0.401124 0.002531
vt 0.402308 0.001400
vt 0.403456 0.000017
vt 0.687094 0.013277
vt 0.688382 0.012792
vt 0.688210 0.014738
vt 0.686277 0.015257
vt 0.408488 0.010823
vt 0.409599 0.002851
vt 0.408268 0.009929
vt 0.683010 0.005448
vt 0.681485 0.001079
vt 0.691803 0.004892
vt 0.684765 0.012813
vt 0.400559 0.004980
vt 0.690103 0.013294
vt 0.690108 0.012290
vt 0.682335 0.014323
vt 0.682568 0.013541
vt 0.679327 0.010647
vt 0.681136 0.004249
vt 0.690792 0.012531
vt 0.402724 0.000166
vt 0.683243 0.014908
vt 0.399288 0.005447
vt 0.399451 0.006159
vt 0.691046 0.003345
vt 0.408813 0.002019
vt 0.680474 0.001787
vt 0.409180 0.010495
vt 0.679308 0.002857
vt 0.691856 0.010022
vt 0.401872 0.007963
vt 0.401221 0.001118
vt 0.688923 0.001234
vt 0.400194 0.002301
vt 0.686005 0.000016
vn 0.162437 0.551207 -0.818404
vn 0.524526 -0.629923 -0.572774
vn 0.315312 -0.638144 -0.702389
vn -0.775712 0.621393 0.110187
vn -0.790408 -0.592892 -0.154058
vn -0.727146 -0.685124 0.043169
vn -0.455359 0.864404 0.213201
vn -0.213711 0.976241 -0.035800
vn -0.790408 -0.592892 -0.154058
vn -0.775712 0.621393 0.110187
vn -0.091689 -0.985393 0.143508
vn 0.012138 -0.952185 0.305282
vn -0.727146 -0.685124 0.043169
vn -0.790408 -0.592892 -0.154058
vn -0.751672 0.633662 0.182924
vn -0.775712 0.621393 0.110187
vn -0.727146 -0.685124 0.043169
vn 0.707029 -0.560131 -0.431699
vn 0.524526 -0.629923 -0.572774
vn 0.482586 0.851837 -0.203676
vn 0.100383 -0.994825 0.015690
vn 0.524526 -0.629923 -0.572774
vn 0.707029 -0.560131 -0.431699
vn 0.201597 -0.974208 0.101375
vn -0.031877 -0.926527 0.374876
vn 0.133974 -0.971338 0.196351
vn 0.117454 -0.973631 0.195569
vn -0.020196 -0.965352 0.260169
vn -0.140414 -0.775994 0.614913
vn -0.031877 -0.926527 0.374876
vn -0.020196 -0.965352 0.260169
vn -0.131833 -0.883167 0.450152
vn 0.073636 0.740453 0.668062
vn -0.140414 -0.775994 0.614913
vn -0.131833 -0.883167 0.450152
vn 0.198232 0.909745 0.364784
vn -0.058904 0.949317 0.308751
vn -0.140414 -0.775994 0.614913
vn 0.073636 0.740453 0.668062
vn 0.267017 0.960565 0.077565
vn -0.058904 0.949317 0.308751
vn 0.198232 0.909745 0.364784
vn 0.259112 0.952340 0.160961
vn 0.266325 0.959217 -0.094732
vn 0.267017 0.960565 0.077565
vn 0.259112 0.952340 0.160961
vn 0.282187 0.958464 0.041454
vn 0.259112 0.952340 0.160961
vn 0.198232 0.909745 0.364784
vn 0.373811 -0.668667 0.642767
vn 0.630352 -0.639984 0.439405
vn 0.315312 -0.638144 -0.702389
vn -0.163410 0.613081 -0.772935
vn 0.162437 0.551207 -0.818404
vn 0.482586 0.851837 -0.203676
vn 0.772027 -0.634367 0.039408
vn 0.707029 -0.560131 -0.431699
vn 0.183911 -0.744523 0.641765
vn 0.073636 0.740453 0.668062
vn -0.131833 -0.883167 0.450152
vn -0.163410 0.613081 -0.772935
vn 0.315312 -0.638144 -0.702389
vn -0.041639 -0.998708 -0.029122
vn -0.806639 -0.473439 -0.353821
vn -0.213711 0.976241 -0.035800
vn -0.106111 0.949338 -0.295801
vn -0.806639 -0.473439 -0.353821
vn -0.790408 -0.592892 -0.154058
vn -0.751672 0.633662 0.182924
vn -0.727146 -0.685124 0.043169
vn 0.012138 -0.952185 0.305282
vn -0.171130 -0.760447 0.626447
vn -0.751672 0.633662 0.182924
vn -0.171130 -0.760447 0.626447
vn -0.455359 0.864404 0.213201
vn -0.775712 0.621393 0.110187
vn 0.630352 -0.639984 0.439405
vn 0.636120 -0.722271 0.271431
vn 0.282187 0.958464 0.041454
vn 0.259112 0.952340 0.160961
vn 0.198232 0.909745 0.364784
vn 0.073636 0.740453 0.668062
vn 0.183911 -0.744523 0.641765
vn 0.373811 -0.668667 0.642767
vn 0.772027 -0.634367 0.039408
vn 0.482586 0.851837 -0.203676
vn 0.282187 0.958464 0.041454
vn 0.636120 -0.722271 0.271431
vn 0.482586 0.851837 -0.203676
vn 0.524526 -0.629923 -0.572774
vn 0.266325 0.959217 -0.094732
vn 0.282187 0.958464 0.041454
vn -0.163410 0.613081 -0.772935
vn -0.806639 -0.473439 -0.353821
vn -0.106111 0.949338 -0.295801
vn 0.162437 0.551207 -0.818404
vn -0.171130 -0.760447 0.626447
vn -0.140414 -0.775994 0.614913
vn -0.058904 0.949317 0.308751
vn -0.455359 0.864404 0.213201
vn -0.058904 0.949317 0.308751
vn 0.267017 0.960565 0.077565
vn -0.213711 0.976241 -0.035800
vn -0.455359 0.864404 0.213201
vn 0.267017 0.960565 0.077565
vn 0.266325 0.959217 -0.094732
vn -0.106111 0.949338 -0.295801
vn -0.213711 0.976241 -0.035800
vn -0.106111 0.949338 -0.295801
vn 0.266325 0.959217 -0.094732
vn 0.524526 -0.629923 -0.572774
vn 0.162437 0.551207 -0.818404
vn 0.133974 -0.971338 0.196351
vn 0.100383 -0.994825 0.015690
vn 0.201597 -0.974208 0.101375
vn 0.117454 -0.973631 0.195569
vn -0.790408 -0.592892 -0.154058
vn -0.806639 -0.473439 -0.353821
vn -0.041639 -0.998708 -0.029122
vn -0.091689 -0.985393 0.143508
vn 0.772027 -0.634367 0.039408
vn 0.636120 -0.722271 0.271431
vn 0.201597 -0.974208 0.101375
vn 0.707029 -0.560131 -0.431699
vn 0.117454 -0.973631 0.195569
vn 0.201597 -0.974208 0.101375
vn 0.636120 -0.722271 0.271431
vn 0.630352 -0.639984 0.439405
vn 0.630352 -0.639984 0.439405
vn 0.373811 -0.668667 0.642767
vn -0.020196 -0.965352 0.260169
vn 0.117454 -0.973631 0.195569
vn -0.131833 -0.883167 0.450152
vn -0.020196 -0.965352 0.260169
vn 0.373811 -0.668667 0.642767
vn 0.183911 -0.744523 0.641765
vn 0.524526 -0.629923 -0.572774
vn 0.100383 -0.994825 0.015690
vn -0.041639 -0.998708 -0.029122
vn 0.315312 -0.638144 -0.702389
vn -0.041639 -0.998708 -0.029122
vn 0.100383 -0.994825 0.015690
vn 0.133974 -0.971338 0.196351
vn -0.091689 -0.985393 0.143508
vn 0.012138 -0.952185 0.305282
vn -0.091689 -0.985393 0.143508
vn 0.133974 -0.971338 0.196351
vn -0.031877 -0.926527 0.374876
vn 0.012138 -0.952185 0.305282
vn -0.031877 -0.926527 0.374876
vn -0.140414 -0.775994 0.614913
vn -0.171130 -0.760447 0.626447
s off
g group1 Cailloux pCube45
usemtl Cailloux_mat1
f 1438/1743/3245 1430/1742/3246 1436/1753/3247
f 1428/1713/3248 1425/1759/3249 1427/1757/3250
f 1453/1712/3251 1454/1709/3252 1425/1759/3253 1428/1713/3254
f 1461/1710/3255 1462/1714/3256 1427/1711/3257 1425/1708/3258
f 1440/1749/3259 1428/1713/3260 1427/1757/3261
f 1444/1722/3262 1430/1742/3263 1442/1741/3264
f 1456/1715/3265 1430/1755/3266 1444/1748/3267 1457/1737/3268
f 1432/1717/3269 1431/1716/3270 1458/1723/3271 1459/1724/3272
f 1433/1718/3273 1432/1717/3274 1459/1724/3275 1448/1725/3276
f 1446/1739/3277 1433/1754/3278 1448/1744/3279
f 1452/1727/3280 1434/1719/3281 1433/1754/3282 1446/1739/3283
f 1435/1720/3284 1434/1719/3285 1452/1727/3286 1451/1726/3287
f 1449/1721/3288 1435/1720/3289 1451/1726/3290 1450/1736/3291
f 1451/1726/3292 1452/1727/3293 1429/1728/3294 1426/1729/3295
f 1436/1753/3296 1437/1751/3297 1438/1743/3298
f 1442/1741/3299 1443/1740/3300 1444/1722/3301
f 1447/1738/3302 1446/1739/3303 1448/1744/3304
f 1437/1730/3305 1436/1707/3306 1460/1732/3307 1439/1752/3308
f 1454/1709/3309 1455/1733/3310 1439/1734/3311 1425/1759/3312
f 1440/1731/3313 1427/1711/3314 1462/1714/3315 1441/1750/3316
f 1440/1749/3317 1441/1735/3318 1453/1712/3319 1428/1713/3320
f 1426/1729/3321 1445/1746/3322 1450/1736/3323 1451/1726/3324
f 1452/1727/3325 1446/1739/3326 1447/1738/3327 1429/1728/3328
f 1443/1740/3329 1442/1741/3330 1450/1736/3331 1445/1746/3332
f 1442/1741/3333 1430/1742/3334 1449/1721/3335 1450/1736/3336
f 1437/1751/3337 1439/1734/3338 1455/1733/3339 1438/1743/3340
f 1441/1735/3341 1433/1754/3342 1434/1719/3343 1453/1712/3344
f 1434/1719/3345 1435/1720/3346 1454/1709/3347 1453/1712/3348
f 1435/1720/3349 1449/1721/3350 1455/1733/3351 1454/1709/3352
f 1455/1733/3353 1449/1721/3354 1430/1742/3355 1438/1743/3356
f 1431/1716/3357 1456/1715/3358 1457/1737/3359 1458/1723/3360
f 1425/1708/3361 1439/1752/3362 1460/1732/3363 1461/1710/3364
f 1443/1747/3365 1445/1706/3366 1457/1737/3367 1444/1748/3368
f 1458/1723/3369 1457/1737/3370 1445/1706/3371 1426/1758/3372
f 1426/1758/3373 1429/1756/3374 1459/1724/3375 1458/1723/3376
f 1448/1725/3377 1459/1724/3378 1429/1756/3379 1447/1745/3380
f 1430/1755/3381 1456/1715/3382 1460/1732/3383 1436/1707/3384
f 1460/1732/3385 1456/1715/3386 1431/1716/3387 1461/1710/3388
f 1462/1714/3389 1461/1710/3390 1431/1716/3391 1432/1717/3392
f 1462/1714/3393 1432/1717/3394 1433/1718/3395 1441/1750/3396
g default
v -19.303833 143.821579 -25.553699
v -16.873047 144.338654 -23.883865
v -19.345215 143.896225 -24.904163
v -19.561646 144.463486 -24.824287
v -17.199341 144.341400 -23.594852
v -17.152222 144.085312 -25.473640
v -17.763062 144.087128 -24.357059
v -18.061523 144.284912 -24.047117
v -18.348755 144.354752 -23.644287
v -17.947266 144.936981 -23.831764
v -17.783691 145.041565 -24.264139
v -18.609985 143.859146 -26.357994
v -18.869629 143.864517 -26.465534
v -18.533081 144.533813 -26.775501
v -19.069702 143.853333 -26.393898
v -19.416138 144.051483 -24.349327
v -19.233276 144.163803 -24.117477
v -16.579102 144.541412 -24.802769
v -16.531860 144.320770 -24.720921
v -16.555542 144.301910 -24.922207
v -16.589844 144.300507 -24.497353
v -17.828979 144.557053 -23.364420
v -17.653198 144.375061 -23.405582
v -17.858643 144.353531 -23.397772
v -17.427002 144.879913 -24.880882
v -17.019043 144.786407 -24.438301
v -17.208374 144.761093 -23.828598
v -17.494507 144.726822 -23.612511
v -18.961182 145.126892 -24.614815
v -18.758057 145.412720 -25.268478
v -18.553589 145.167084 -26.298157
v -17.342407 144.106873 -25.077507
v -16.883423 144.220047 -24.624756
v -17.114624 144.264557 -23.972351
v -17.485107 144.343262 -23.723286
v -18.830322 143.825333 -26.214027
v -18.817383 143.848389 -25.260389
v -19.043457 144.004150 -24.682943
vt 0.461663 0.004628
vt 0.469745 0.010541
vt 0.471971 0.007362
vt 0.639248 0.006403
vt 0.470141 0.006467
vt 0.471843 0.004956
vt 0.641334 0.006490
vt 0.642050 0.003209
vt 0.470641 0.004214
vt 0.464586 0.006464
vt 0.465884 0.003660
vt 0.466771 0.002218
vt 0.467571 0.000624
vt 0.641856 0.010933
vt 0.640202 0.010790
vt 0.637488 0.010972
vt 0.634926 0.013723
vt 0.463351 0.002531
vt 0.464534 0.001400
vt 0.465682 0.000017
vt 0.640424 0.013277
vt 0.641712 0.012793
vt 0.641540 0.014738
vt 0.639607 0.015257
vt 0.470715 0.010823
vt 0.471826 0.002851
vt 0.470495 0.009929
vt 0.636340 0.005448
vt 0.634815 0.001079
vt 0.645133 0.004892
vt 0.638095 0.012813
vt 0.462786 0.004980
vt 0.643433 0.013294
vt 0.643438 0.012290
vt 0.635665 0.014323
vt 0.635898 0.013541
vt 0.632657 0.010647
vt 0.634466 0.004249
vt 0.644122 0.012531
vt 0.464951 0.000166
vt 0.636573 0.014908
vt 0.461515 0.005447
vt 0.461678 0.006159
vt 0.644376 0.003345
vt 0.471039 0.002019
vt 0.633804 0.001787
vt 0.471407 0.010495
vt 0.632638 0.002857
vt 0.645186 0.010022
vt 0.464099 0.007963
vt 0.463448 0.001118
vt 0.642253 0.001234
vt 0.462421 0.002301
vt 0.639335 0.000016
vn 0.162437 0.551207 -0.818404
vn 0.524526 -0.629923 -0.572774
vn 0.315312 -0.638144 -0.702389
vn -0.775712 0.621393 0.110187
vn -0.790408 -0.592892 -0.154058
vn -0.727146 -0.685124 0.043169
vn -0.455359 0.864404 0.213201
vn -0.213711 0.976241 -0.035800
vn -0.790408 -0.592892 -0.154058
vn -0.775712 0.621393 0.110187
vn -0.091689 -0.985393 0.143508
vn 0.012138 -0.952185 0.305282
vn -0.727146 -0.685124 0.043169
vn -0.790408 -0.592892 -0.154058
vn -0.751672 0.633662 0.182924
vn -0.775712 0.621393 0.110187
vn -0.727146 -0.685124 0.043169
vn 0.707029 -0.560131 -0.431699
vn 0.524526 -0.629923 -0.572774
vn 0.482586 0.851837 -0.203676
vn 0.100383 -0.994825 0.015690
vn 0.524526 -0.629923 -0.572774
vn 0.707029 -0.560131 -0.431699
vn 0.201597 -0.974208 0.101375
vn -0.031877 -0.926527 0.374876
vn 0.133974 -0.971338 0.196351
vn 0.117454 -0.973631 0.195569
vn -0.020196 -0.965352 0.260169
vn -0.140414 -0.775994 0.614913
vn -0.031877 -0.926527 0.374876
vn -0.020196 -0.965352 0.260169
vn -0.131833 -0.883167 0.450152
vn 0.073636 0.740453 0.668062
vn -0.140414 -0.775994 0.614913
vn -0.131833 -0.883167 0.450152
vn 0.198232 0.909745 0.364784
vn -0.058904 0.949317 0.308751
vn -0.140414 -0.775994 0.614913
vn 0.073636 0.740453 0.668062
vn 0.267017 0.960565 0.077565
vn -0.058904 0.949317 0.308751
vn 0.198232 0.909745 0.364784
vn 0.259112 0.952340 0.160961
vn 0.266325 0.959217 -0.094732
vn 0.267017 0.960565 0.077565
vn 0.259112 0.952340 0.160961
vn 0.282187 0.958464 0.041454
vn 0.259112 0.952340 0.160961
vn 0.198232 0.909745 0.364784
vn 0.373811 -0.668667 0.642767
vn 0.630352 -0.639984 0.439405
vn 0.315312 -0.638144 -0.702389
vn -0.163410 0.613081 -0.772935
vn 0.162437 0.551207 -0.818404
vn 0.482586 0.851837 -0.203676
vn 0.772027 -0.634367 0.039408
vn 0.707029 -0.560131 -0.431699
vn 0.183911 -0.744523 0.641765
vn 0.073636 0.740453 0.668062
vn -0.131833 -0.883167 0.450152
vn -0.163410 0.613081 -0.772935
vn 0.315312 -0.638144 -0.702389
vn -0.041639 -0.998708 -0.029122
vn -0.806639 -0.473439 -0.353821
vn -0.213711 0.976241 -0.035800
vn -0.106111 0.949338 -0.295801
vn -0.806639 -0.473439 -0.353821
vn -0.790408 -0.592892 -0.154058
vn -0.751672 0.633662 0.182924
vn -0.727146 -0.685124 0.043169
vn 0.012138 -0.952185 0.305282
vn -0.171130 -0.760447 0.626447
vn -0.751672 0.633662 0.182924
vn -0.171130 -0.760447 0.626447
vn -0.455359 0.864404 0.213201
vn -0.775712 0.621393 0.110187
vn 0.630352 -0.639984 0.439405
vn 0.636120 -0.722271 0.271431
vn 0.282187 0.958464 0.041454
vn 0.259112 0.952340 0.160961
vn 0.198232 0.909745 0.364784
vn 0.073636 0.740453 0.668062
vn 0.183911 -0.744523 0.641765
vn 0.373811 -0.668667 0.642767
vn 0.772027 -0.634367 0.039408
vn 0.482586 0.851837 -0.203676
vn 0.282187 0.958464 0.041454
vn 0.636120 -0.722271 0.271431
vn 0.482586 0.851837 -0.203676
vn 0.524526 -0.629923 -0.572774
vn 0.266325 0.959217 -0.094732
vn 0.282187 0.958464 0.041454
vn -0.163410 0.613081 -0.772935
vn -0.806639 -0.473439 -0.353821
vn -0.106111 0.949338 -0.295801
vn 0.162437 0.551207 -0.818404
vn -0.171130 -0.760447 0.626447
vn -0.140414 -0.775994 0.614913
vn -0.058904 0.949317 0.308751
vn -0.455359 0.864404 0.213201
vn -0.058904 0.949317 0.308751
vn 0.267017 0.960565 0.077565
vn -0.213711 0.976241 -0.035800
vn -0.455359 0.864404 0.213201
vn 0.267017 0.960565 0.077565
vn 0.266325 0.959217 -0.094732
vn -0.106111 0.949338 -0.295801
vn -0.213711 0.976241 -0.035800
vn -0.106111 0.949338 -0.295801
vn 0.266325 0.959217 -0.094732
vn 0.524526 -0.629923 -0.572774
vn 0.162437 0.551207 -0.818404
vn 0.133974 -0.971338 0.196351
vn 0.100383 -0.994825 0.015690
vn 0.201597 -0.974208 0.101375
vn 0.117454 -0.973631 0.195569
vn -0.790408 -0.592892 -0.154058
vn -0.806639 -0.473439 -0.353821
vn -0.041639 -0.998708 -0.029122
vn -0.091689 -0.985393 0.143508
vn 0.772027 -0.634367 0.039408
vn 0.636120 -0.722271 0.271431
vn 0.201597 -0.974208 0.101375
vn 0.707029 -0.560131 -0.431699
vn 0.117454 -0.973631 0.195569
vn 0.201597 -0.974208 0.101375
vn 0.636120 -0.722271 0.271431
vn 0.630352 -0.639984 0.439405
vn 0.630352 -0.639984 0.439405
vn 0.373811 -0.668667 0.642767
vn -0.020196 -0.965352 0.260169
vn 0.117454 -0.973631 0.195569
vn -0.131833 -0.883167 0.450152
vn -0.020196 -0.965352 0.260169
vn 0.373811 -0.668667 0.642767
vn 0.183911 -0.744523 0.641765
vn 0.524526 -0.629923 -0.572774
vn 0.100383 -0.994825 0.015690
vn -0.041639 -0.998708 -0.029122
vn 0.315312 -0.638144 -0.702389
vn -0.041639 -0.998708 -0.029122
vn 0.100383 -0.994825 0.015690
vn 0.133974 -0.971338 0.196351
vn -0.091689 -0.985393 0.143508
vn 0.012138 -0.952185 0.305282
vn -0.091689 -0.985393 0.143508
vn 0.133974 -0.971338 0.196351
vn -0.031877 -0.926527 0.374876
vn 0.012138 -0.952185 0.305282
vn -0.031877 -0.926527 0.374876
vn -0.140414 -0.775994 0.614913
vn -0.171130 -0.760447 0.626447
s off
g group1 Cailloux pCube44
usemtl Cailloux_mat1
f 1476/1797/3397 1468/1796/3398 1474/1807/3399
f 1466/1767/3400 1463/1813/3401 1465/1811/3402
f 1491/1766/3403 1492/1763/3404 1463/1813/3405 1466/1767/3406
f 1499/1764/3407 1500/1768/3408 1465/1765/3409 1463/1762/3410
f 1478/1803/3411 1466/1767/3412 1465/1811/3413
f 1482/1776/3414 1468/1796/3415 1480/1795/3416
f 1494/1769/3417 1468/1809/3418 1482/1802/3419 1495/1791/3420
f 1470/1771/3421 1469/1770/3422 1496/1777/3423 1497/1778/3424
f 1471/1772/3425 1470/1771/3426 1497/1778/3427 1486/1779/3428
f 1484/1793/3429 1471/1808/3430 1486/1798/3431
f 1490/1781/3432 1472/1773/3433 1471/1808/3434 1484/1793/3435
f 1473/1774/3436 1472/1773/3437 1490/1781/3438 1489/1780/3439
f 1487/1775/3440 1473/1774/3441 1489/1780/3442 1488/1790/3443
f 1489/1780/3444 1490/1781/3445 1467/1782/3446 1464/1783/3447
f 1474/1807/3448 1475/1805/3449 1476/1797/3450
f 1480/1795/3451 1481/1794/3452 1482/1776/3453
f 1485/1792/3454 1484/1793/3455 1486/1798/3456
f 1475/1784/3457 1474/1761/3458 1498/1786/3459 1477/1806/3460
f 1492/1763/3461 1493/1787/3462 1477/1788/3463 1463/1813/3464
f 1478/1785/3465 1465/1765/3466 1500/1768/3467 1479/1804/3468
f 1478/1803/3469 1479/1789/3470 1491/1766/3471 1466/1767/3472
f 1464/1783/3473 1483/1800/3474 1488/1790/3475 1489/1780/3476
f 1490/1781/3477 1484/1793/3478 1485/1792/3479 1467/1782/3480
f 1481/1794/3481 1480/1795/3482 1488/1790/3483 1483/1800/3484
f 1480/1795/3485 1468/1796/3486 1487/1775/3487 1488/1790/3488
f 1475/1805/3489 1477/1788/3490 1493/1787/3491 1476/1797/3492
f 1479/1789/3493 1471/1808/3494 1472/1773/3495 1491/1766/3496
f 1472/1773/3497 1473/1774/3498 1492/1763/3499 1491/1766/3500
f 1473/1774/3501 1487/1775/3502 1493/1787/3503 1492/1763/3504
f 1493/1787/3505 1487/1775/3506 1468/1796/3507 1476/1797/3508
f 1469/1770/3509 1494/1769/3510 1495/1791/3511 1496/1777/3512
f 1463/1762/3513 1477/1806/3514 1498/1786/3515 1499/1764/3516
f 1481/1801/3517 1483/1760/3518 1495/1791/3519 1482/1802/3520
f 1496/1777/3521 1495/1791/3522 1483/1760/3523 1464/1812/3524
f 1464/1812/3525 1467/1810/3526 1497/1778/3527 1496/1777/3528
f 1486/1779/3529 1497/1778/3530 1467/1810/3531 1485/1799/3532
f 1468/1809/3533 1494/1769/3534 1498/1786/3535 1474/1761/3536
f 1498/1786/3537 1494/1769/3538 1469/1770/3539 1499/1764/3540
f 1500/1768/3541 1499/1764/3542 1469/1770/3543 1470/1771/3544
f 1500/1768/3545 1470/1771/3546 1471/1772/3547 1479/1804/3548
g default
v -22.042969 142.736099 -19.979237
v -23.264160 144.004776 -27.111088
v -20.829590 142.919250 -21.017490
v -20.318970 144.311081 -20.773529
v -22.197632 144.011520 -27.031570
v -25.582642 143.383194 -23.900393
v -22.573975 143.387650 -24.736267
v -21.518188 143.872910 -24.741472
v -20.318237 144.044266 -24.925358
v -21.334839 145.472809 -25.310791
v -22.375122 145.729431 -24.858833
v -24.644531 142.828293 -19.823692
v -24.389404 142.841446 -19.183002
v -25.510254 144.483612 -19.244610
v -23.921143 142.814011 -18.953613
v -19.732544 143.300201 -21.842014
v -19.637451 143.575775 -22.560146
v -25.383301 144.502228 -26.056271
v -25.320068 143.960876 -26.279293
v -25.633545 143.914627 -25.893280
v -24.827759 143.911163 -26.559788
v -20.715088 144.540619 -26.318268
v -21.088379 144.094101 -26.557133
v -20.723022 144.041275 -26.209057
v -24.070068 145.332794 -24.431122
v -23.989502 145.103363 -25.905834
v -22.593262 145.041245 -26.615788
v -21.723755 144.957184 -26.482273
v -20.977539 145.938766 -22.187904
v -22.474976 146.640091 -21.427120
v -24.635742 146.037399 -20.025253
v -24.560669 143.436111 -24.243639
v -24.549561 143.713745 -25.825478
v -23.006592 143.822998 -26.534935
v -21.934692 144.016068 -26.309319
v -24.014404 142.745285 -19.682480
v -22.359131 142.801880 -21.336504
v -20.956787 143.184082 -21.926710
vt 0.238900 0.011324
vt 0.258729 0.025833
vt 0.264191 0.018033
vt 0.145857 0.015685
vt 0.259701 0.015836
vt 0.263876 0.012130
vt 0.150975 0.015900
vt 0.152731 0.007848
vt 0.260928 0.010308
vt 0.246070 0.015830
vt 0.249256 0.008949
vt 0.251433 0.005412
vt 0.253394 0.001500
vt 0.152255 0.026800
vt 0.148197 0.026448
vt 0.141538 0.026896
vt 0.135252 0.033645
vt 0.243041 0.006180
vt 0.245944 0.003405
vt 0.248761 0.000011
vt 0.148740 0.032550
vt 0.151902 0.031362
vt 0.151480 0.036136
vt 0.146736 0.037408
vt 0.261108 0.026525
vt 0.263834 0.006966
vt 0.260568 0.024331
vt 0.138720 0.013343
vt 0.134980 0.002623
vt 0.160295 0.011978
vt 0.143026 0.031413
vt 0.241655 0.012189
vt 0.156125 0.032591
vt 0.156136 0.030130
vt 0.137065 0.035118
vt 0.137637 0.033198
vt 0.129685 0.026097
vt 0.134122 0.010400
vt 0.157814 0.030719
vt 0.246965 0.000377
vt 0.139293 0.036552
vt 0.238536 0.013335
vt 0.238935 0.015080
vt 0.158437 0.008183
vt 0.261905 0.004924
vt 0.132499 0.004359
vt 0.262807 0.025720
vt 0.129639 0.006985
vt 0.160425 0.024565
vt 0.244876 0.019506
vt 0.243278 0.002713
vt 0.153228 0.003002
vt 0.240758 0.005615
vt 0.146070 0.000013
vn -0.699932 0.551207 0.454167
vn -0.776307 -0.629923 0.023341
vn -0.723354 -0.638144 0.263688
vn 0.619832 0.621393 0.479248
vn 0.440653 -0.592892 0.674021
vn 0.537928 -0.685124 0.491160
vn 0.470320 0.864404 0.177778
vn 0.123341 0.976241 0.178160
vn 0.440653 -0.592892 0.674021
vn 0.619832 0.621393 0.479248
vn 0.166802 -0.985393 -0.034329
vn 0.210380 -0.952185 -0.221551
vn 0.537928 -0.685124 0.491160
vn 0.440653 -0.592892 0.674021
vn 0.655213 0.633662 0.411301
vn 0.619832 0.621393 0.479248
vn 0.537928 -0.685124 0.491160
vn -0.802422 -0.560130 -0.205846
vn -0.776307 -0.629923 0.023341
vn -0.482476 0.851837 -0.203937
vn -0.058742 -0.994825 -0.082900
vn -0.776307 -0.629923 0.023341
vn -0.802422 -0.560130 -0.205846
vn -0.067887 -0.974208 -0.215197
vn 0.290957 -0.926527 -0.238521
vn 0.047345 -0.971338 -0.232941
vn 0.058303 -0.973631 -0.220553
vn 0.200584 -0.965352 -0.166918
vn 0.538703 -0.775994 -0.328075
vn 0.290957 -0.926527 -0.238521
vn 0.200584 -0.965352 -0.166918
vn 0.414610 -0.883167 -0.219351
vn 0.427563 0.740453 -0.518574
vn 0.538703 -0.775994 -0.328075
vn 0.414610 -0.883167 -0.219351
vn 0.123286 0.909745 -0.396439
vn 0.262399 0.949317 -0.173042
vn 0.538703 -0.775994 -0.328075
vn 0.427563 0.740453 -0.518574
vn -0.130567 0.960565 -0.245493
vn 0.262399 0.949317 -0.173042
vn 0.123286 0.909745 -0.396439
vn -0.065273 0.952340 -0.297972
vn -0.253597 0.959217 -0.124867
vn -0.130567 0.960565 -0.245493
vn -0.065273 0.952340 -0.297972
vn -0.167030 0.958464 -0.231189
vn -0.065273 0.952340 -0.297972
vn 0.123286 0.909745 -0.396439
vn 0.200141 -0.668667 -0.716120
vn -0.124506 -0.639984 -0.758234
vn -0.723354 -0.638144 0.263688
vn -0.440149 0.613081 0.656049
vn -0.699932 0.551207 0.454167
vn -0.482476 0.851837 -0.203937
vn -0.510025 -0.634367 -0.580907
vn -0.802422 -0.560130 -0.205846
vn 0.331825 -0.744523 -0.579290
vn 0.427563 0.740453 -0.518574
vn 0.414610 -0.883167 -0.219351
vn -0.440149 0.613081 0.656049
vn -0.723354 -0.638144 0.263688
vn 0.008155 -0.998708 0.050154
vn 0.308769 -0.473439 0.824935
vn 0.123341 0.976241 0.178160
vn -0.138064 0.949338 0.282305
vn 0.308769 -0.473439 0.824935
vn 0.440653 -0.592892 0.674021
vn 0.655213 0.633662 0.411301
vn 0.537928 -0.685124 0.491160
vn 0.210380 -0.952185 -0.221551
vn 0.568387 -0.760447 -0.314098
vn 0.655213 0.633662 0.411301
vn 0.568387 -0.760447 -0.314098
vn 0.470320 0.864404 0.177778
vn 0.619832 0.621393 0.479248
vn -0.124506 -0.639984 -0.758234
vn -0.248941 -0.722271 -0.645254
vn -0.167030 0.958464 -0.231189
vn -0.065273 0.952340 -0.297972
vn 0.123286 0.909745 -0.396439
vn 0.427563 0.740453 -0.518574
vn 0.331825 -0.744523 -0.579290
vn 0.200141 -0.668667 -0.716120
vn -0.510025 -0.634367 -0.580907
vn -0.482476 0.851837 -0.203937
vn -0.167030 0.958464 -0.231189
vn -0.248941 -0.722271 -0.645254
vn -0.482476 0.851837 -0.203937
vn -0.776307 -0.629923 0.023341
vn -0.253597 0.959217 -0.124867
vn -0.167030 0.958464 -0.231189
vn -0.440149 0.613081 0.656049
vn 0.308769 -0.473439 0.824935
vn -0.138064 0.949338 0.282305
vn -0.699932 0.551207 0.454167
vn 0.568387 -0.760447 -0.314098
vn 0.538703 -0.775994 -0.328075
vn 0.262399 0.949317 -0.173042
vn 0.470320 0.864404 0.177778
vn 0.262399 0.949317 -0.173042
vn -0.130567 0.960565 -0.245493
vn 0.123341 0.976241 0.178160
vn 0.470320 0.864404 0.177778
vn -0.130567 0.960565 -0.245493
vn -0.253597 0.959217 -0.124867
vn -0.138064 0.949338 0.282305
vn 0.123341 0.976241 0.178160
vn -0.138064 0.949338 0.282305
vn -0.253597 0.959217 -0.124867
vn -0.776307 -0.629923 0.023341
vn -0.699932 0.551207 0.454167
vn 0.047345 -0.971338 -0.232941
vn -0.058742 -0.994825 -0.082900
vn -0.067887 -0.974208 -0.215197
vn 0.058303 -0.973631 -0.220553
vn 0.440653 -0.592892 0.674021
vn 0.308769 -0.473439 0.824935
vn 0.008155 -0.998708 0.050154
vn 0.166802 -0.985393 -0.034329
vn -0.510025 -0.634367 -0.580907
vn -0.248941 -0.722271 -0.645254
vn -0.067887 -0.974208 -0.215197
vn -0.802422 -0.560130 -0.205846
vn 0.058303 -0.973631 -0.220553
vn -0.067887 -0.974208 -0.215197
vn -0.248941 -0.722271 -0.645254
vn -0.124506 -0.639984 -0.758234
vn -0.124506 -0.639984 -0.758234
vn 0.200141 -0.668667 -0.716120
vn 0.200584 -0.965352 -0.166918
vn 0.058303 -0.973631 -0.220553
vn 0.414610 -0.883167 -0.219351
vn 0.200584 -0.965352 -0.166918
vn 0.200141 -0.668667 -0.716120
vn 0.331825 -0.744523 -0.579290
vn -0.776307 -0.629923 0.023341
vn -0.058742 -0.994825 -0.082900
vn 0.008155 -0.998708 0.050154
vn -0.723354 -0.638144 0.263688
vn 0.008155 -0.998708 0.050154
vn -0.058742 -0.994825 -0.082900
vn 0.047345 -0.971338 -0.232941
vn 0.166802 -0.985393 -0.034329
vn 0.210380 -0.952185 -0.221551
vn 0.166802 -0.985393 -0.034329
vn 0.047345 -0.971338 -0.232941
vn 0.290957 -0.926527 -0.238521
vn 0.210380 -0.952185 -0.221551
vn 0.290957 -0.926527 -0.238521
vn 0.538703 -0.775994 -0.328075
vn 0.568387 -0.760447 -0.314098
s off
g group1 Cailloux pCube43
usemtl Cailloux_mat1
f 1514/1851/3549 1506/1850/3550 1512/1861/3551
f 1504/1821/3552 1501/1867/3553 1503/1865/3554
f 1529/1820/3555 1530/1817/3556 1501/1867/3557 1504/1821/3558
f 1537/1818/3559 1538/1822/3560 1503/1819/3561 1501/1816/3562
f 1516/1857/3563 1504/1821/3564 1503/1865/3565
f 1520/1830/3566 1506/1850/3567 1518/1849/3568
f 1532/1823/3569 1506/1863/3570 1520/1856/3571 1533/1845/3572
f 1508/1825/3573 1507/1824/3574 1534/1831/3575 1535/1832/3576
f 1509/1826/3577 1508/1825/3578 1535/1832/3579 1524/1833/3580
f 1522/1847/3581 1509/1862/3582 1524/1852/3583
f 1528/1835/3584 1510/1827/3585 1509/1862/3586 1522/1847/3587
f 1511/1828/3588 1510/1827/3589 1528/1835/3590 1527/1834/3591
f 1525/1829/3592 1511/1828/3593 1527/1834/3594 1526/1844/3595
f 1527/1834/3596 1528/1835/3597 1505/1836/3598 1502/1837/3599
f 1512/1861/3600 1513/1859/3601 1514/1851/3602
f 1518/1849/3603 1519/1848/3604 1520/1830/3605
f 1523/1846/3606 1522/1847/3607 1524/1852/3608
f 1513/1838/3609 1512/1815/3610 1536/1840/3611 1515/1860/3612
f 1530/1817/3613 1531/1841/3614 1515/1842/3615 1501/1867/3616
f 1516/1839/3617 1503/1819/3618 1538/1822/3619 1517/1858/3620
f 1516/1857/3621 1517/1843/3622 1529/1820/3623 1504/1821/3624
f 1502/1837/3625 1521/1854/3626 1526/1844/3627 1527/1834/3628
f 1528/1835/3629 1522/1847/3630 1523/1846/3631 1505/1836/3632
f 1519/1848/3633 1518/1849/3634 1526/1844/3635 1521/1854/3636
f 1518/1849/3637 1506/1850/3638 1525/1829/3639 1526/1844/3640
f 1513/1859/3641 1515/1842/3642 1531/1841/3643 1514/1851/3644
f 1517/1843/3645 1509/1862/3646 1510/1827/3647 1529/1820/3648
f 1510/1827/3649 1511/1828/3650 1530/1817/3651 1529/1820/3652
f 1511/1828/3653 1525/1829/3654 1531/1841/3655 1530/1817/3656
f 1531/1841/3657 1525/1829/3658 1506/1850/3659 1514/1851/3660
f 1507/1824/3661 1532/1823/3662 1533/1845/3663 1534/1831/3664
f 1501/1816/3665 1515/1860/3666 1536/1840/3667 1537/1818/3668
f 1519/1855/3669 1521/1814/3670 1533/1845/3671 1520/1856/3672
f 1534/1831/3673 1533/1845/3674 1521/1814/3675 1502/1866/3676
f 1502/1866/3677 1505/1864/3678 1535/1832/3679 1534/1831/3680
f 1524/1833/3681 1535/1832/3682 1505/1864/3683 1523/1853/3684
f 1506/1863/3685 1532/1823/3686 1536/1840/3687 1512/1815/3688
f 1536/1840/3689 1532/1823/3690 1507/1824/3691 1537/1818/3692
f 1538/1822/3693 1537/1818/3694 1507/1824/3695 1508/1825/3696
f 1538/1822/3697 1508/1825/3698 1509/1826/3699 1517/1858/3700
g default
v 5.397232 10.515808 23.427948
v 13.512506 6.204753 22.054436
v 8.878467 16.289419 46.213589
v 8.650604 10.697398 50.915421
v 8.542663 7.552213 47.804028
v 15.032824 6.293731 51.166332
v 12.364336 8.256420 51.119133
v 2.141232 15.045353 40.912655
v 5.371027 5.745569 41.236504
v 11.839752 1.603065 40.529877
v 27.397038 0.145251 38.233017
v 21.121656 16.801910 39.632702
v 15.163054 20.382271 40.665466
v 4.065788 6.581430 32.480381
v 27.031948 0.270320 31.252609
v 20.751865 16.803253 31.369080
v 12.468057 19.512939 32.509621
v 24.799717 1.227691 47.191727
v 2.705756 19.836735 28.185692
v 0.027414 16.023184 31.842354
v 0.115038 15.847824 24.831594
v 24.585892 1.122245 25.209602
v 27.956577 5.275080 28.555843
v 23.320549 -0.740880 37.841278
v 11.839773 1.603051 31.603994
vt 0.886731 0.193345
vt 0.872319 0.135113
vt 0.991227 0.161154
vt 0.983970 0.133544
vt 0.906384 0.247117
vt 0.883733 0.030501
vt 0.887197 0.176089
vt 0.910330 0.000485
vt 0.910212 0.142404
vt 0.999719 0.195671
vt 0.902723 0.182025
vt 0.888518 0.206204
vt 0.968377 0.025673
vt 0.961545 0.121353
vt 0.990139 0.242637
vt 0.849909 0.041049
vt 0.927800 0.176153
vt 0.931502 0.201112
vt 0.941469 0.241990
vt 0.940374 0.258070
vt 0.918743 0.059648
vt 0.899372 0.056337
vt 0.956366 0.168899
vt 0.966914 0.255322
vt 0.955441 0.097912
vt 0.915793 0.083196
vt 0.889437 0.080444
vt 0.859433 0.093089
vt 0.957547 0.131503
vt 0.961141 0.199498
vt 0.848623 0.112435
vt 0.840061 0.081152
vt 0.976708 0.096130
vt 0.980662 0.065660
vt 0.922325 0.139425
vt 0.890871 0.003572
vt 0.925096 0.000018
vn -0.654066 -0.593029 0.469589
vn -0.168693 -0.639472 0.750079
vn -0.321288 -0.347551 0.880898
vn -0.943380 0.034667 0.329899
vn -0.814176 -0.016533 0.580383
vn -0.183704 0.735780 0.651829
vn -0.757420 -0.621280 0.200815
vn -0.654066 -0.593029 0.469589
vn -0.814176 -0.016533 0.580383
vn -0.943380 0.034667 0.329899
vn -0.322766 -0.855276 0.405370
vn -0.654066 -0.593029 0.469589
vn -0.757420 -0.621280 0.200815
vn -0.338913 -0.929700 0.144205
vn -0.151681 -0.937470 0.313278
vn -0.322766 -0.855276 0.405370
vn -0.338913 -0.929700 0.144205
vn -0.101736 -0.991572 0.080217
vn 0.700103 0.707087 0.099421
vn 0.555307 0.611606 0.563536
vn 0.742367 0.534182 0.404401
vn 0.877508 0.476284 0.055982
vn 0.700103 0.707087 0.099421
vn 0.194956 0.961707 0.192645
vn 0.187911 0.732122 0.654742
vn 0.555307 0.611606 0.563536
vn 0.187911 0.732122 0.654742
vn 0.194956 0.961707 0.192645
vn -0.324481 0.895248 0.305356
vn -0.183704 0.735780 0.651829
vn -0.777537 -0.628655 -0.015113
vn -0.757420 -0.621280 0.200815
vn -0.943380 0.034667 0.329899
vn -0.988976 -0.033436 0.144250
vn -0.338913 -0.929700 0.144205
vn -0.757420 -0.621280 0.200815
vn -0.777537 -0.628655 -0.015113
vn -0.364750 -0.925540 -0.101655
vn -0.101736 -0.991572 0.080217
vn -0.338913 -0.929700 0.144205
vn -0.364750 -0.925540 -0.101655
vn -0.127536 -0.989009 -0.074802
vn 0.866804 0.497569 -0.032804
vn 0.989556 0.136900 0.045125
vn 0.989596 0.143643 -0.008179
vn 0.662587 0.729540 -0.169562
vn 0.700103 0.707087 0.099421
vn 0.877508 0.476284 0.055982
vn 0.866804 0.497569 -0.032804
vn 0.662587 0.729540 -0.169562
vn 0.141282 0.981220 -0.131328
vn 0.194956 0.961707 0.192645
vn 0.700103 0.707087 0.099421
vn 0.194956 0.961707 0.192645
vn 0.141282 0.981220 -0.131328
vn -0.309087 0.949455 0.054773
vn -0.324481 0.895248 0.305356
vn 0.214670 0.399914 -0.891059
vn 0.415252 0.657293 -0.628913
vn 0.679617 0.576916 -0.453089
vn 0.406318 0.372477 -0.834366
vn 0.204777 0.784516 -0.585322
vn 0.415252 0.657293 -0.628913
vn 0.214670 0.399914 -0.891059
vn 0.110232 0.447435 -0.887497
vn -0.140144 0.931079 -0.336826
vn -0.639188 -0.108380 -0.761375
vn -0.975708 -0.149879 -0.159783
vn 0.754014 0.060285 -0.654086
vn 0.970167 0.131896 -0.203419
vn 0.732372 -0.611116 -0.300282
vn -0.814176 -0.016533 0.580383
vn -0.654066 -0.593029 0.469589
vn -0.321288 -0.347551 0.880898
vn 0.006180 0.598011 0.801464
vn 0.187911 0.732122 0.654742
vn -0.183704 0.735780 0.651829
vn -0.140144 0.931079 -0.336826
vn 0.204777 0.784516 -0.585322
vn 0.110232 0.447435 -0.887497
vn 0.028998 0.630328 -0.775787
vn -0.309087 0.949455 0.054773
vn 0.204777 0.784516 -0.585322
vn -0.140144 0.931079 -0.336826
vn -0.101736 -0.991572 0.080217
vn 0.692643 -0.716068 -0.086559
vn 0.635827 -0.768813 0.068203
vn -0.151681 -0.937470 0.313278
vn -0.101736 -0.991572 0.080217
vn 0.635827 -0.768813 0.068203
vn -0.639188 -0.108380 -0.761375
vn -0.453090 -0.368143 -0.811899
vn -0.688632 -0.658177 -0.304285
vn -0.975708 -0.149879 -0.159783
vn -0.453090 -0.368143 -0.811899
vn -0.174030 -0.355486 -0.918337
vn -0.386595 -0.822188 -0.417794
vn -0.688632 -0.658177 -0.304285
vn -0.174030 -0.355486 -0.918337
vn 0.059705 -0.305936 -0.950178
vn -0.183787 -0.907569 -0.377545
vn -0.386595 -0.822188 -0.417794
s off
g group1 Cailloux pCube38
usemtl Cailloux_mat1
f 1543/1878/3701 1544/1879/3702 1545/1868/3703
f 1546/1883/3704 1542/1903/3705 1541/1873/3706
f 1547/1884/3707 1543/1878/3708 1542/1874/3709 1546/1902/3710
f 1544/1879/3711 1543/1878/3712 1547/1884/3713 1548/1885/3714
f 1556/1872/3715 1544/1879/3716 1548/1885/3717 1562/1886/3718
f 1550/1888/3719 1544/1904/3720 1556/1880/3721 1549/1901/3722
f 1550/1888/3723 1551/1889/3724 1545/1875/3725 1544/1904/3726
f 1545/1875/3727 1551/1889/3728 1546/1883/3729 1541/1873/3730
f 1552/1890/3731 1547/1884/3732 1546/1902/3733 1558/1896/3734
f 1548/1885/3735 1547/1884/3736 1552/1890/3737 1563/1897/3738
f 1562/1886/3739 1548/1885/3740 1563/1897/3741 1553/1891/3742
f 1561/1892/3743 1549/1901/3744 1553/1900/3745
f 1554/1893/3746 1550/1888/3747 1549/1901/3748 1561/1892/3749
f 1554/1893/3750 1555/1894/3751 1551/1889/3752 1550/1888/3753
f 1551/1889/3754 1555/1894/3755 1558/1899/3756 1546/1883/3757
f 1540/1876/3758 1554/1893/3759 1561/1892/3760 1560/1881/3761
f 1555/1894/3762 1554/1893/3763 1540/1876/3764 1539/1869/3765
f 1557/1895/3766 1559/1898/3767 1558/1899/3768
f 1560/1881/3769 1561/1892/3770 1553/1900/3771
f 1542/1874/3772 1543/1878/3773 1545/1868/3774
f 1542/1903/3775 1545/1875/3776 1541/1873/3777
f 1557/1895/3778 1555/1894/3779 1539/1869/3780 1559/1898/3781
f 1558/1899/3782 1555/1894/3783 1557/1895/3784
f 1562/1886/3785 1553/1891/3786 1549/1887/3787
f 1556/1872/3788 1562/1886/3789 1549/1887/3790
f 1559/1871/3791 1539/1870/3792 1552/1890/3793 1558/1896/3794
f 1539/1870/3795 1540/1877/3796 1563/1897/3797 1552/1890/3798
f 1540/1877/3799 1560/1882/3800 1553/1891/3801 1563/1897/3802
g default
v 10.315186 144.332947 32.591347
v 10.321777 144.850006 35.540375
v 9.757080 144.407578 32.926235
v 9.568481 144.974854 32.793526
v 9.898560 144.852768 35.436020
v 11.471558 144.596680 34.407459
v 10.205688 144.598495 34.539139
v 9.781006 144.796265 34.469563
v 9.286377 144.866119 34.462006
v 9.668701 145.448334 34.685909
v 10.117432 145.552917 34.574902
v 11.371216 144.370514 32.705441
v 11.312256 144.375870 32.430649
v 11.758545 145.045166 32.531494
v 11.139648 144.364700 32.306675
v 9.260254 144.562851 33.183121
v 9.173218 144.675171 33.465263
v 11.245117 145.052765 35.260323
v 11.204590 144.832123 35.345673
v 11.356689 144.813263 35.211815
v 10.987671 144.811859 35.424965
v 9.351318 145.068405 35.048725
v 9.484985 144.886429 35.170055
v 9.361816 144.864883 35.005371
v 10.827637 145.391281 34.518070
v 10.695190 145.297760 35.105255
v 10.085815 145.272446 35.295784
v 9.745483 145.238190 35.183105
v 9.737183 145.638260 33.406647
v 10.390503 145.924088 33.202545
v 11.354004 145.678452 32.785851
v 11.037476 144.618240 34.476025
v 10.925659 144.731400 35.110981
v 10.257446 144.775925 35.291359
v 9.842041 144.854614 35.127918
v 11.127563 144.336685 32.605919
v 10.350098 144.359756 33.158268
v 9.746460 144.515533 33.300262
vt 0.539447 0.004628
vt 0.547529 0.010541
vt 0.549755 0.007362
vt 0.670362 0.006403
vt 0.547924 0.006467
vt 0.549626 0.004956
vt 0.672448 0.006490
vt 0.673164 0.003209
vt 0.548425 0.004214
vt 0.542369 0.006464
vt 0.543668 0.003660
vt 0.544555 0.002218
vt 0.545354 0.000624
vt 0.672969 0.010933
vt 0.671316 0.010790
vt 0.668602 0.010972
vt 0.666039 0.013723
vt 0.541135 0.002531
vt 0.542318 0.001400
vt 0.543466 0.000017
vt 0.671537 0.013277
vt 0.672825 0.012792
vt 0.672653 0.014738
vt 0.670720 0.015257
vt 0.548498 0.010823
vt 0.549609 0.002851
vt 0.548278 0.009929
vt 0.667453 0.005448
vt 0.665929 0.001079
vt 0.676246 0.004892
vt 0.669208 0.012813
vt 0.540570 0.004980
vt 0.674547 0.013294
vt 0.674551 0.012290
vt 0.666778 0.014323
vt 0.667012 0.013541
vt 0.663770 0.010647
vt 0.665579 0.004249
vt 0.675235 0.012531
vt 0.542734 0.000166
vt 0.667686 0.014908
vt 0.539298 0.005447
vt 0.539461 0.006159
vt 0.675489 0.003345
vt 0.548823 0.002019
vt 0.664917 0.001787
vt 0.549190 0.010495
vt 0.663752 0.002857
vt 0.676299 0.010022
vt 0.541882 0.007963
vt 0.541231 0.001118
vt 0.673366 0.001234
vt 0.540204 0.002301
vt 0.670448 0.000016
vn 0.765799 0.551207 -0.331245
vn 0.769351 -0.629923 0.106283
vn 0.757169 -0.638144 -0.139527
vn -0.531353 0.621393 -0.575790
vn -0.322236 -0.592892 -0.737999
vn -0.448609 -0.685124 -0.573895
vn -0.434141 0.864404 -0.253629
vn -0.091945 0.976241 -0.196215
vn -0.322236 -0.592892 -0.737999
vn -0.531353 0.621393 -0.575790
vn -0.170190 -0.985393 0.006068
vn -0.244341 -0.952185 0.183416
vn -0.448609 -0.685124 -0.573895
vn -0.322236 -0.592892 -0.737999
vn -0.577556 0.633662 -0.514686
vn -0.531353 0.621393 -0.575790
vn -0.448609 -0.685124 -0.573895
vn 0.756929 -0.560131 0.336619
vn 0.769351 -0.629923 0.106283
vn 0.441770 0.851837 0.281447
vn 0.044114 -0.994825 0.091526
vn 0.769351 -0.629923 0.106283
vn 0.756929 -0.560131 0.336619
vn 0.031096 -0.974208 0.223498
vn -0.326620 -0.926527 0.186728
vn -0.085482 -0.971338 0.221801
vn -0.094223 -0.973631 0.207761
vn -0.225584 -0.965352 0.131178
vn -0.585821 -0.775994 0.233768
vn -0.326620 -0.926527 0.186728
vn -0.225584 -0.965352 0.131178
vn -0.445353 -0.883167 0.147231
vn -0.507962 0.740453 0.440118
vn -0.585821 -0.775994 0.233768
vn -0.445353 -0.883167 0.147231
vn -0.187593 0.909745 0.370368
vn -0.287555 0.949317 0.126921
vn -0.585821 -0.775994 0.233768
vn -0.507962 0.740453 0.440118
vn 0.087855 0.960565 0.263810
vn -0.287555 0.949317 0.126921
vn -0.187593 0.909745 0.370368
vn 0.014733 0.952340 0.304681
vn 0.229258 0.959217 0.165361
vn 0.087855 0.960565 0.263810
vn 0.014733 0.952340 0.304681
vn 0.126191 0.958464 0.255780
vn 0.014733 0.952340 0.304681
vn -0.187593 0.909745 0.370368
vn -0.316620 -0.668667 0.672783
vn -0.003521 -0.639984 0.768380
vn 0.757169 -0.638144 -0.139527
vn 0.543270 0.613081 -0.573577
vn 0.765799 0.551207 -0.331245
vn 0.441770 0.851837 0.281447
vn 0.406148 -0.634367 0.657740
vn 0.756929 -0.560131 0.336619
vn -0.423675 -0.744523 0.515931
vn -0.507962 0.740453 0.440118
vn -0.445353 -0.883167 0.147231
vn 0.543270 0.613081 -0.573577
vn 0.757169 -0.638144 -0.139527
vn 0.000312 -0.998708 -0.050811
vn -0.167058 -0.473439 -0.864839
vn -0.091945 0.976241 -0.196215
vn 0.183155 0.949338 -0.255367
vn -0.167058 -0.473439 -0.864839
vn -0.322236 -0.592892 -0.737999
vn -0.577556 0.633662 -0.514686
vn -0.448609 -0.685124 -0.573895
vn -0.244341 -0.952185 0.183416
vn -0.612763 -0.760447 0.215042
vn -0.577556 0.633662 -0.514686
vn -0.612763 -0.760447 0.215042
vn -0.434141 0.864404 -0.253629
vn -0.531353 0.621393 -0.575790
vn -0.003521 -0.639984 0.768380
vn 0.137993 -0.722271 0.677703
vn 0.126191 0.958464 0.255780
vn 0.014733 0.952340 0.304681
vn -0.187593 0.909745 0.370368
vn -0.507962 0.740453 0.440118
vn -0.423675 -0.744523 0.515931
vn -0.316620 -0.668667 0.672783
vn 0.406148 -0.634367 0.657740
vn 0.441770 0.851837 0.281447
vn 0.126191 0.958464 0.255780
vn 0.137993 -0.722271 0.677703
vn 0.441770 0.851837 0.281447
vn 0.769351 -0.629923 0.106283
vn 0.229258 0.959217 0.165361
vn 0.126191 0.958464 0.255780
vn 0.543270 0.613081 -0.573577
vn -0.167058 -0.473439 -0.864839
vn 0.183155 0.949338 -0.255367
vn 0.765799 0.551207 -0.331245
vn -0.612763 -0.760447 0.215042
vn -0.585821 -0.775994 0.233768
vn -0.287555 0.949317 0.126921
vn -0.434141 0.864404 -0.253629
vn -0.287555 0.949317 0.126921
vn 0.087855 0.960565 0.263810
vn -0.091945 0.976241 -0.196215
vn -0.434141 0.864404 -0.253629
vn 0.087855 0.960565 0.263810
vn 0.229258 0.959217 0.165361
vn 0.183155 0.949338 -0.255367
vn -0.091945 0.976241 -0.196215
vn 0.183155 0.949338 -0.255367
vn 0.229258 0.959217 0.165361
vn 0.769351 -0.629923 0.106283
vn 0.765799 0.551207 -0.331245
vn -0.085482 -0.971338 0.221801
vn 0.044114 -0.994825 0.091526
vn 0.031096 -0.974208 0.223498
vn -0.094223 -0.973631 0.207761
vn -0.322236 -0.592892 -0.737999
vn -0.167058 -0.473439 -0.864839
vn 0.000312 -0.998708 -0.050811
vn -0.170190 -0.985393 0.006068
vn 0.406148 -0.634367 0.657740
vn 0.137993 -0.722271 0.677703
vn 0.031096 -0.974208 0.223498
vn 0.756929 -0.560131 0.336619
vn -0.094223 -0.973631 0.207761
vn 0.031096 -0.974208 0.223498
vn 0.137993 -0.722271 0.677703
vn -0.003521 -0.639984 0.768380
vn -0.003521 -0.639984 0.768380
vn -0.316620 -0.668667 0.672783
vn -0.225584 -0.965352 0.131178
vn -0.094223 -0.973631 0.207761
vn -0.445353 -0.883167 0.147231
vn -0.225584 -0.965352 0.131178
vn -0.316620 -0.668667 0.672783
vn -0.423675 -0.744523 0.515931
vn 0.769351 -0.629923 0.106283
vn 0.044114 -0.994825 0.091526
vn 0.000312 -0.998708 -0.050811
vn 0.757169 -0.638144 -0.139527
vn 0.000312 -0.998708 -0.050811
vn 0.044114 -0.994825 0.091526
vn -0.085482 -0.971338 0.221801
vn -0.170190 -0.985393 0.006068
vn -0.244341 -0.952185 0.183416
vn -0.170190 -0.985393 0.006068
vn -0.085482 -0.971338 0.221801
vn -0.326620 -0.926527 0.186728
vn -0.244341 -0.952185 0.183416
vn -0.326620 -0.926527 0.186728
vn -0.585821 -0.775994 0.233768
vn -0.612763 -0.760447 0.215042
s off
g group1 Cailloux pCube42
usemtl Cailloux_mat1
f 1577/1942/3803 1569/1941/3804 1575/1952/3805
f 1567/1912/3806 1564/1958/3807 1566/1956/3808
f 1592/1911/3809 1593/1908/3810 1564/1958/3811 1567/1912/3812
f 1600/1909/3813 1601/1913/3814 1566/1910/3815 1564/1907/3816
f 1579/1948/3817 1567/1912/3818 1566/1956/3819
f 1583/1921/3820 1569/1941/3821 1581/1940/3822
f 1595/1914/3823 1569/1954/3824 1583/1947/3825 1596/1936/3826
f 1571/1916/3827 1570/1915/3828 1597/1922/3829 1598/1923/3830
f 1572/1917/3831 1571/1916/3832 1598/1923/3833 1587/1924/3834
f 1585/1938/3835 1572/1953/3836 1587/1943/3837
f 1591/1926/3838 1573/1918/3839 1572/1953/3840 1585/1938/3841
f 1574/1919/3842 1573/1918/3843 1591/1926/3844 1590/1925/3845
f 1588/1920/3846 1574/1919/3847 1590/1925/3848 1589/1935/3849
f 1590/1925/3850 1591/1926/3851 1568/1927/3852 1565/1928/3853
f 1575/1952/3854 1576/1950/3855 1577/1942/3856
f 1581/1940/3857 1582/1939/3858 1583/1921/3859
f 1586/1937/3860 1585/1938/3861 1587/1943/3862
f 1576/1929/3863 1575/1906/3864 1599/1931/3865 1578/1951/3866
f 1593/1908/3867 1594/1932/3868 1578/1933/3869 1564/1958/3870
f 1579/1930/3871 1566/1910/3872 1601/1913/3873 1580/1949/3874
f 1579/1948/3875 1580/1934/3876 1592/1911/3877 1567/1912/3878
f 1565/1928/3879 1584/1945/3880 1589/1935/3881 1590/1925/3882
f 1591/1926/3883 1585/1938/3884 1586/1937/3885 1568/1927/3886
f 1582/1939/3887 1581/1940/3888 1589/1935/3889 1584/1945/3890
f 1581/1940/3891 1569/1941/3892 1588/1920/3893 1589/1935/3894
f 1576/1950/3895 1578/1933/3896 1594/1932/3897 1577/1942/3898
f 1580/1934/3899 1572/1953/3900 1573/1918/3901 1592/1911/3902
f 1573/1918/3903 1574/1919/3904 1593/1908/3905 1592/1911/3906
f 1574/1919/3907 1588/1920/3908 1594/1932/3909 1593/1908/3910
f 1594/1932/3911 1588/1920/3912 1569/1941/3913 1577/1942/3914
f 1570/1915/3915 1595/1914/3916 1596/1936/3917 1597/1922/3918
f 1564/1907/3919 1578/1951/3920 1599/1931/3921 1600/1909/3922
f 1582/1946/3923 1584/1905/3924 1596/1936/3925 1583/1947/3926
f 1597/1922/3927 1596/1936/3928 1584/1905/3929 1565/1957/3930
f 1565/1957/3931 1568/1955/3932 1598/1923/3933 1597/1922/3934
f 1587/1924/3935 1598/1923/3936 1568/1955/3937 1586/1944/3938
f 1569/1954/3939 1595/1914/3940 1599/1931/3941 1575/1906/3942
f 1599/1931/3943 1595/1914/3944 1570/1915/3945 1600/1909/3946
f 1601/1913/3947 1600/1909/3948 1570/1915/3949 1571/1916/3950
f 1601/1913/3951 1571/1916/3952 1572/1917/3953 1580/1949/3954
g default
v 3.578976 143.247467 32.290779
v 8.754509 144.516144 27.234249
v 5.122711 143.430618 32.699501
v 5.212040 144.822449 33.258354
v 9.294952 144.522888 28.157139
v 4.795074 143.894562 27.150116
v 7.192196 143.899017 29.151352
v 7.796246 144.384277 30.017262
v 8.629230 144.555634 30.900288
v 8.368946 145.984177 29.844738
v 7.406013 146.240784 29.245354
v 1.973061 143.339661 30.238155
v 1.590687 143.352814 30.812012
v 1.004654 144.994965 29.854603
v 1.667938 143.325378 31.327721
v 6.424507 143.811569 33.133965
v 7.069523 144.087143 32.804253
v 6.682545 145.013596 26.089455
v 6.901997 144.472244 26.014782
v 6.406227 144.425980 25.976074
v 7.412560 144.422531 26.260666
v 9.550095 145.051971 29.782379
v 9.534657 144.605469 29.339546
v 9.455715 144.552628 29.837902
v 6.091156 145.844162 28.093468
v 7.350521 145.614731 27.321938
v 8.728024 145.552612 28.067749
v 9.112068 145.468536 28.859135
v 6.001842 146.450134 31.912792
v 4.525120 147.151459 31.112732
v 2.143909 146.548767 30.130852
v 5.658134 143.947479 27.796188
v 6.966255 144.225113 26.906715
v 8.426643 144.334366 27.773476
v 8.849907 144.527435 28.783798
v 2.214790 143.256638 30.836910
v 4.516346 143.313232 31.259529
v 5.798733 143.695435 32.078339
vt 0.212972 0.011324
vt 0.232802 0.025833
vt 0.238263 0.018033
vt 0.114743 0.015685
vt 0.233773 0.015836
vt 0.237949 0.012130
vt 0.119862 0.015900
vt 0.121618 0.007848
vt 0.235000 0.010308
vt 0.220142 0.015830
vt 0.223328 0.008949
vt 0.225505 0.005412
vt 0.227466 0.001500
vt 0.121142 0.026800
vt 0.117084 0.026448
vt 0.110425 0.026896
vt 0.104138 0.033645
vt 0.217113 0.006180
vt 0.220016 0.003405
vt 0.222833 0.000011
vt 0.117627 0.032550
vt 0.120789 0.031362
vt 0.120366 0.036136
vt 0.115622 0.037408
vt 0.235180 0.026525
vt 0.237906 0.006966
vt 0.234640 0.024332
vt 0.107607 0.013343
vt 0.103867 0.002623
vt 0.129181 0.011978
vt 0.111913 0.031413
vt 0.215727 0.012189
vt 0.125012 0.032591
vt 0.125023 0.030130
vt 0.105952 0.035118
vt 0.106524 0.033198
vt 0.098572 0.026097
vt 0.103009 0.010401
vt 0.126701 0.030719
vt 0.221037 0.000377
vt 0.108180 0.036553
vt 0.212608 0.013335
vt 0.213007 0.015080
vt 0.127324 0.008183
vt 0.235977 0.004924
vt 0.101385 0.004359
vt 0.236879 0.025720
vt 0.098526 0.006985
vt 0.129312 0.024565
vt 0.218948 0.019506
vt 0.217350 0.002713
vt 0.122115 0.003002
vt 0.214830 0.005615
vt 0.114956 0.000013
vn -0.771387 0.551207 -0.318015
vn -0.460220 -0.629923 -0.625616
vn -0.627935 -0.638144 -0.445499
vn -0.042287 0.621393 0.782357
vn -0.304368 -0.592892 0.745546
vn -0.098619 -0.685124 0.721720
vn 0.120878 0.864404 0.488052
vn -0.076552 0.976241 0.202716
vn -0.304368 -0.592892 0.745546
vn -0.042287 0.621393 0.782357
vn 0.123010 -0.985393 0.117771
vn 0.301843 -0.952185 0.047276
vn -0.098619 -0.685124 0.721720
vn -0.304368 -0.592892 0.745546
vn 0.033731 0.633662 0.772874
vn -0.042287 0.621393 0.782357
vn -0.098619 -0.685124 0.721720
vn -0.286441 -0.560130 -0.777306
vn -0.460220 -0.629923 -0.625616
vn -0.106255 0.851837 -0.512916
vn 0.034853 -0.994825 -0.095437
vn -0.460220 -0.629923 -0.625616
vn -0.286441 -0.560130 -0.777306
vn 0.138535 -0.974208 -0.178119
vn 0.361584 -0.926527 0.103948
vn 0.218599 -0.971338 -0.093367
vn 0.214629 -0.973631 -0.077312
vn 0.251318 -0.965352 0.070251
vn 0.576025 -0.775994 0.256960
vn 0.361584 -0.926527 0.103948
vn 0.251318 -0.965352 0.070251
vn 0.416054 -0.883167 0.216601
vn 0.669663 0.740453 0.057275
vn 0.576025 -0.775994 0.256960
vn 0.416054 -0.883167 0.216601
vn 0.396294 0.909745 -0.123752
vn 0.291474 0.949317 0.117643
vn 0.576025 -0.775994 0.256960
vn 0.669663 0.740453 0.057275
vn 0.127859 0.960565 -0.246914
vn 0.291474 0.949317 0.117643
vn 0.396294 0.909745 -0.123752
vn 0.208140 0.952340 -0.222992
vn -0.041304 0.959217 -0.279638
vn 0.127859 0.960565 -0.246914
vn 0.208140 0.952340 -0.222992
vn 0.095374 0.958464 -0.268796
vn 0.208140 0.952340 -0.222992
vn 0.396294 0.909745 -0.123752
vn 0.703042 -0.668667 -0.242109
vn 0.553272 -0.639984 -0.533208
vn -0.627935 -0.638144 -0.445499
vn -0.789951 0.613081 0.010465
vn -0.771387 0.551207 -0.318015
vn -0.106255 0.851837 -0.512916
vn 0.188329 -0.634367 -0.749740
vn -0.286441 -0.560130 -0.777306
vn 0.665244 -0.744523 -0.056006
vn 0.669663 0.740453 0.057275
vn 0.416054 -0.883167 0.216601
vn -0.789951 0.613081 0.010465
vn -0.627935 -0.638144 -0.445499
vn -0.036642 -0.998708 0.035203
vn -0.503488 -0.473439 0.722742
vn -0.076552 0.976241 0.202716
vn -0.310761 0.949338 0.046752
vn -0.503488 -0.473439 0.722742
vn -0.304368 -0.592892 0.745546
vn 0.033731 0.633662 0.772874
vn -0.098619 -0.685124 0.721720
vn 0.301843 -0.952185 0.047276
vn 0.581386 -0.760447 0.289330
vn 0.033731 0.633662 0.772874
vn 0.581386 -0.760447 0.289330
vn 0.120878 0.864404 0.488052
vn -0.042287 0.621393 0.782357
vn 0.553272 -0.639984 -0.533208
vn 0.389603 -0.722271 -0.571431
vn 0.095374 0.958464 -0.268796
vn 0.208140 0.952340 -0.222992
vn 0.396294 0.909745 -0.123752
vn 0.669663 0.740453 0.057275
vn 0.665244 -0.744523 -0.056006
vn 0.703042 -0.668667 -0.242109
vn 0.188329 -0.634367 -0.749740
vn -0.106255 0.851837 -0.512916
vn 0.095374 0.958464 -0.268796
vn 0.389603 -0.722271 -0.571431
vn -0.106255 0.851837 -0.512916
vn -0.460220 -0.629923 -0.625616
vn -0.041304 0.959217 -0.279638
vn 0.095374 0.958464 -0.268796
vn -0.789951 0.613081 0.010465
vn -0.503488 -0.473439 0.722742
vn -0.310761 0.949338 0.046752
vn -0.771387 0.551207 -0.318015
vn 0.581386 -0.760447 0.289330
vn 0.576025 -0.775994 0.256960
vn 0.291474 0.949317 0.117643
vn 0.120878 0.864404 0.488052
vn 0.291474 0.949317 0.117643
vn 0.127859 0.960565 -0.246914
vn -0.076552 0.976241 0.202716
vn 0.120878 0.864404 0.488052
vn 0.127859 0.960565 -0.246914
vn -0.041304 0.959217 -0.279638
vn -0.310761 0.949338 0.046752
vn -0.076552 0.976241 0.202716
vn -0.310761 0.949338 0.046752
vn -0.041304 0.959217 -0.279638
vn -0.460220 -0.629923 -0.625616
vn -0.771387 0.551207 -0.318015
vn 0.218599 -0.971338 -0.093367
vn 0.034853 -0.994825 -0.095437
vn 0.138535 -0.974208 -0.178119
vn 0.214629 -0.973631 -0.077312
vn -0.304368 -0.592892 0.745546
vn -0.503488 -0.473439 0.722742
vn -0.036642 -0.998708 0.035203
vn 0.123010 -0.985393 0.117771
vn 0.188329 -0.634367 -0.749740
vn 0.389603 -0.722271 -0.571431
vn 0.138535 -0.974208 -0.178119
vn -0.286441 -0.560130 -0.777306
vn 0.214629 -0.973631 -0.077312
vn 0.138535 -0.974208 -0.178119
vn 0.389603 -0.722271 -0.571431
vn 0.553272 -0.639984 -0.533208
vn 0.553272 -0.639984 -0.533208
vn 0.703042 -0.668667 -0.242109
vn 0.251318 -0.965352 0.070251
vn 0.214629 -0.973631 -0.077312
vn 0.416054 -0.883167 0.216601
vn 0.251318 -0.965352 0.070251
vn 0.703042 -0.668667 -0.242109
vn 0.665244 -0.744523 -0.056006
vn -0.460220 -0.629923 -0.625616
vn 0.034853 -0.994825 -0.095437
vn -0.036642 -0.998708 0.035203
vn -0.627935 -0.638144 -0.445499
vn -0.036642 -0.998708 0.035203
vn 0.034853 -0.994825 -0.095437
vn 0.218599 -0.971338 -0.093367
vn 0.123010 -0.985393 0.117771
vn 0.301843 -0.952185 0.047276
vn 0.123010 -0.985393 0.117771
vn 0.218599 -0.971338 -0.093367
vn 0.361584 -0.926527 0.103948
vn 0.301843 -0.952185 0.047276
vn 0.361584 -0.926527 0.103948
vn 0.576025 -0.775994 0.256960
vn 0.581386 -0.760447 0.289330
s off
g group1 Cailloux pCube41
usemtl Cailloux_mat1
f 1615/1996/3955 1607/1995/3956 1613/2006/3957
f 1605/1966/3958 1602/2012/3959 1604/2010/3960
f 1630/1965/3961 1631/1962/3962 1602/2012/3963 1605/1966/3964
f 1638/1963/3965 1639/1967/3966 1604/1964/3967 1602/1961/3968
f 1617/2002/3969 1605/1966/3970 1604/2010/3971
f 1621/1975/3972 1607/1995/3973 1619/1994/3974
f 1633/1968/3975 1607/2008/3976 1621/2001/3977 1634/1990/3978
f 1609/1970/3979 1608/1969/3980 1635/1976/3981 1636/1977/3982
f 1610/1971/3983 1609/1970/3984 1636/1977/3985 1625/1978/3986
f 1623/1992/3987 1610/2007/3988 1625/1997/3989
f 1629/1980/3990 1611/1972/3991 1610/2007/3992 1623/1992/3993
f 1612/1973/3994 1611/1972/3995 1629/1980/3996 1628/1979/3997
f 1626/1974/3998 1612/1973/3999 1628/1979/4000 1627/1989/4001
f 1628/1979/4002 1629/1980/4003 1606/1981/4004 1603/1982/4005
f 1613/2006/4006 1614/2004/4007 1615/1996/4008
f 1619/1994/4009 1620/1993/4010 1621/1975/4011
f 1624/1991/4012 1623/1992/4013 1625/1997/4014
f 1614/1983/4015 1613/1960/4016 1637/1985/4017 1616/2005/4018
f 1631/1962/4019 1632/1986/4020 1616/1987/4021 1602/2012/4022
f 1617/1984/4023 1604/1964/4024 1639/1967/4025 1618/2003/4026
f 1617/2002/4027 1618/1988/4028 1630/1965/4029 1605/1966/4030
f 1603/1982/4031 1622/1999/4032 1627/1989/4033 1628/1979/4034
f 1629/1980/4035 1623/1992/4036 1624/1991/4037 1606/1981/4038
f 1620/1993/4039 1619/1994/4040 1627/1989/4041 1622/1999/4042
f 1619/1994/4043 1607/1995/4044 1626/1974/4045 1627/1989/4046
f 1614/2004/4047 1616/1987/4048 1632/1986/4049 1615/1996/4050
f 1618/1988/4051 1610/2007/4052 1611/1972/4053 1630/1965/4054
f 1611/1972/4055 1612/1973/4056 1631/1962/4057 1630/1965/4058
f 1612/1973/4059 1626/1974/4060 1632/1986/4061 1631/1962/4062
f 1632/1986/4063 1626/1974/4064 1607/1995/4065 1615/1996/4066
f 1608/1969/4067 1633/1968/4068 1634/1990/4069 1635/1976/4070
f 1602/1961/4071 1616/2005/4072 1637/1985/4073 1638/1963/4074
f 1620/2000/4075 1622/1959/4076 1634/1990/4077 1621/2001/4078
f 1635/1976/4079 1634/1990/4080 1622/1959/4081 1603/2011/4082
f 1603/2011/4083 1606/2009/4084 1636/1977/4085 1635/1976/4086
f 1625/1978/4087 1636/1977/4088 1606/2009/4089 1624/1998/4090
f 1607/2008/4091 1633/1968/4092 1637/1985/4093 1613/1960/4094
f 1637/1985/4095 1633/1968/4096 1608/1969/4097 1638/1963/4098
f 1639/1967/4099 1638/1963/4100 1608/1969/4101 1609/1970/4102
f 1639/1967/4103 1609/1970/4104 1610/1971/4105 1618/2003/4106
g default
v -20.786123 0.600292 36.064651
v -5.344027 0.560594 34.950729
v -18.816626 0.725202 38.818192
v -18.913403 3.749341 39.752365
v -5.718962 0.705721 37.168655
v -11.741161 0.197793 29.443634
v -10.613943 0.197237 35.927643
v -10.636618 1.303740 38.112213
v -10.433819 1.708857 40.655975
v -8.911678 4.436765 38.521439
v -9.543594 5.030897 36.229126
v -20.553833 0.596925 30.573395
v -21.923594 0.878199 30.970413
v -20.971455 4.155227 28.535294
v -22.501122 0.948509 31.904587
v -17.193077 1.325829 41.270493
v -15.627642 1.649506 41.606415
v -6.917671 1.766477 30.254028
v -6.667645 0.569555 30.466812
v -7.419388 0.581672 29.730164
v -6.204753 0.413364 31.561676
v -7.295251 2.201546 40.091507
v -6.890575 1.153707 39.387253
v -7.702003 1.203912 40.081726
v -10.233629 4.198094 32.609482
v -7.287031 3.201667 33.106766
v -6.122097 2.952890 36.188538
v -6.602440 2.909979 37.987381
v -15.264202 6.556317 38.575455
v -16.280081 8.139704 35.232544
v -18.964943 7.183446 30.440994
v -11.216915 0.282998 31.655670
v -7.849594 0.293540 31.999802
v -6.652280 0.414611 35.378448
v -7.261955 0.999118 37.565216
v -21.001858 0.535887 31.868820
v -17.894861 0.220212 35.687683
v -16.815941 0.936749 38.729752
vt 0.560808 0.023855
vt 0.602600 0.054434
vt 0.614110 0.037993
vt 0.874241 0.380173
vt 0.604647 0.033364
vt 0.613448 0.025554
vt 0.885028 0.380626
vt 0.888730 0.363657
vt 0.607234 0.021714
vt 0.575919 0.033350
vt 0.582635 0.018848
vt 0.587222 0.011393
vt 0.591355 0.003151
vt 0.887726 0.403598
vt 0.879174 0.402856
vt 0.865139 0.403802
vt 0.851890 0.418026
vt 0.569536 0.013013
vt 0.575654 0.007165
vt 0.581591 0.000011
vt 0.880318 0.415717
vt 0.886981 0.413214
vt 0.886091 0.423276
vt 0.876093 0.425957
vt 0.607613 0.055893
vt 0.613357 0.014669
vt 0.606475 0.051269
vt 0.859200 0.375237
vt 0.851318 0.352644
vt 0.904670 0.372361
vt 0.868275 0.413322
vt 0.566614 0.025678
vt 0.895883 0.415805
vt 0.895905 0.410617
vt 0.855712 0.421129
vt 0.856918 0.417083
vt 0.840158 0.402118
vt 0.849509 0.369036
vt 0.899441 0.411859
vt 0.577806 0.000782
vt 0.860407 0.424153
vt 0.560041 0.028093
vt 0.560883 0.031771
vt 0.900755 0.364362
vt 0.609292 0.010366
vt 0.846088 0.356303
vt 0.611193 0.054195
vt 0.840061 0.361836
vt 0.904945 0.398889
vt 0.573403 0.041099
vt 0.570035 0.005706
vt 0.889777 0.353443
vt 0.564725 0.011822
vt 0.874689 0.347143
vn -0.283125 0.587823 -0.757828
vn -0.058635 -0.651576 -0.756314
vn -0.300680 -0.616408 -0.727758
vn -0.420666 0.721442 0.550055
vn -0.805419 -0.448980 0.386934
vn -0.651409 -0.566405 0.504829
vn -0.068786 0.902604 0.424941
vn -0.016844 0.996916 0.076646
vn -0.805419 -0.448980 0.386934
vn -0.420666 0.721442 0.550055
vn -0.153245 -0.968234 0.197582
vn 0.031910 -0.965370 0.258926
vn -0.651409 -0.566405 0.504829
vn -0.805419 -0.448980 0.386934
vn -0.355287 0.723589 0.591769
vn -0.420666 0.721442 0.550055
vn -0.651409 -0.566405 0.504829
vn 0.180617 -0.623013 -0.761073
vn -0.058635 -0.651576 -0.756314
vn 0.393547 0.781858 -0.483548
vn -0.085886 -0.996073 -0.021521
vn -0.058635 -0.651576 -0.756314
vn 0.180617 -0.623013 -0.761073
vn 0.048243 -0.998677 -0.017808
vn 0.045359 -0.939317 0.340040
vn 0.055208 -0.993605 0.098499
vn 0.041628 -0.993257 0.108207
vn -0.023001 -0.969495 0.244030
vn 0.135786 -0.795038 0.591166
vn 0.045359 -0.939317 0.340040
vn -0.023001 -0.969495 0.244030
vn 0.022371 -0.887729 0.459822
vn 0.596339 0.660300 0.456491
vn 0.135786 -0.795038 0.591166
vn 0.022371 -0.887729 0.459822
vn 0.534861 0.833811 0.136686
vn 0.309558 0.917081 0.251269
vn 0.135786 -0.795038 0.591166
vn 0.596339 0.660300 0.456491
vn 0.419791 0.897897 -0.132500
vn 0.309558 0.917081 0.251269
vn 0.534861 0.833811 0.136686
vn 0.463614 0.883864 -0.062018
vn 0.312981 0.911450 -0.267023
vn 0.419791 0.897897 -0.132500
vn 0.463614 0.883864 -0.062018
vn 0.408863 0.896594 -0.170149
vn 0.463614 0.883864 -0.062018
vn 0.534861 0.833811 0.136686
vn 0.566900 -0.770788 0.290707
vn 0.643944 -0.764534 -0.028695
vn -0.300680 -0.616408 -0.727758
vn -0.494909 0.694901 -0.521706
vn -0.283125 0.587823 -0.757828
vn 0.393547 0.781858 -0.483548
vn 0.507652 -0.746475 -0.430191
vn 0.180617 -0.623013 -0.761073
vn 0.407118 -0.816195 0.409976
vn 0.596339 0.660300 0.456491
vn 0.022371 -0.887729 0.459822
vn -0.494909 0.694901 -0.521706
vn -0.300680 -0.616408 -0.727758
vn -0.223327 -0.974230 0.031642
vn -0.920107 -0.311767 0.237077
vn -0.016844 0.996916 0.076646
vn -0.098815 0.976194 -0.193082
vn -0.920107 -0.311767 0.237077
vn -0.805419 -0.448980 0.386934
vn -0.355287 0.723589 0.591769
vn -0.651409 -0.566405 0.504829
vn 0.031910 -0.965370 0.258926
vn 0.121970 -0.776003 0.618824
vn -0.355287 0.723589 0.591769
vn 0.121970 -0.776003 0.618824
vn -0.068786 0.902604 0.424941
vn -0.420666 0.721442 0.550055
vn 0.643944 -0.764534 -0.028695
vn 0.530710 -0.832021 -0.161522
vn 0.408863 0.896594 -0.170149
vn 0.463614 0.883864 -0.062018
vn 0.534861 0.833811 0.136686
vn 0.596339 0.660300 0.456491
vn 0.407118 -0.816195 0.409976
vn 0.566900 -0.770788 0.290707
vn 0.507652 -0.746475 -0.430191
vn 0.393547 0.781858 -0.483548
vn 0.408863 0.896594 -0.170149
vn 0.530710 -0.832021 -0.161522
vn 0.393547 0.781858 -0.483548
vn -0.058635 -0.651576 -0.756314
vn 0.312981 0.911450 -0.267023
vn 0.408863 0.896594 -0.170149
vn -0.494909 0.694901 -0.521706
vn -0.920107 -0.311767 0.237077
vn -0.098815 0.976194 -0.193082
vn -0.283125 0.587823 -0.757828
vn 0.121970 -0.776003 0.618824
vn 0.135786 -0.795038 0.591166
vn 0.309558 0.917081 0.251269
vn -0.068786 0.902604 0.424941
vn 0.309558 0.917081 0.251269
vn 0.419791 0.897897 -0.132500
vn -0.016844 0.996916 0.076646
vn -0.068786 0.902604 0.424941
vn 0.419791 0.897897 -0.132500
vn 0.312981 0.911450 -0.267023
vn -0.098815 0.976194 -0.193082
vn -0.016844 0.996916 0.076646
vn -0.098815 0.976194 -0.193082
vn 0.312981 0.911450 -0.267023
vn -0.058635 -0.651576 -0.756314
vn -0.283125 0.587823 -0.757828
vn 0.055208 -0.993605 0.098499
vn -0.085886 -0.996073 -0.021521
vn 0.048243 -0.998677 -0.017808
vn 0.041628 -0.993257 0.108207
vn -0.805419 -0.448980 0.386934
vn -0.920107 -0.311767 0.237077
vn -0.223327 -0.974230 0.031642
vn -0.153245 -0.968234 0.197582
vn 0.507652 -0.746475 -0.430191
vn 0.530710 -0.832021 -0.161522
vn 0.048243 -0.998677 -0.017808
vn 0.180617 -0.623013 -0.761073
vn 0.041628 -0.993257 0.108207
vn 0.048243 -0.998677 -0.017808
vn 0.530710 -0.832021 -0.161522
vn 0.643944 -0.764534 -0.028695
vn 0.643944 -0.764534 -0.028695
vn 0.566900 -0.770788 0.290707
vn -0.023001 -0.969495 0.244030
vn 0.041628 -0.993257 0.108207
vn 0.022371 -0.887729 0.459822
vn -0.023001 -0.969495 0.244030
vn 0.566900 -0.770788 0.290707
vn 0.407118 -0.816195 0.409976
vn -0.058635 -0.651576 -0.756314
vn -0.085886 -0.996073 -0.021521
vn -0.223327 -0.974230 0.031642
vn -0.300680 -0.616408 -0.727758
vn -0.223327 -0.974230 0.031642
vn -0.085886 -0.996073 -0.021521
vn 0.055208 -0.993605 0.098499
vn -0.153245 -0.968234 0.197582
vn 0.031910 -0.965370 0.258926
vn -0.153245 -0.968234 0.197582
vn 0.055208 -0.993605 0.098499
vn 0.045359 -0.939317 0.340040
vn 0.031910 -0.965370 0.258926
vn 0.045359 -0.939317 0.340040
vn 0.135786 -0.795038 0.591166
vn 0.121970 -0.776003 0.618824
s off
g group1 Cailloux pCube40
usemtl Cailloux_mat1
f 1653/2050/4107 1645/2049/4108 1651/2060/4109
f 1643/2020/4110 1640/2066/4111 1642/2064/4112
f 1668/2019/4113 1669/2016/4114 1640/2066/4115 1643/2020/4116
f 1676/2017/4117 1677/2021/4118 1642/2018/4119 1640/2015/4120
f 1655/2056/4121 1643/2020/4122 1642/2064/4123
f 1659/2029/4124 1645/2049/4125 1657/2048/4126
f 1671/2022/4127 1645/2062/4128 1659/2055/4129 1672/2044/4130
f 1647/2024/4131 1646/2023/4132 1673/2030/4133 1674/2031/4134
f 1648/2025/4135 1647/2024/4136 1674/2031/4137 1663/2032/4138
f 1661/2046/4139 1648/2061/4140 1663/2051/4141
f 1667/2034/4142 1649/2026/4143 1648/2061/4144 1661/2046/4145
f 1650/2027/4146 1649/2026/4147 1667/2034/4148 1666/2033/4149
f 1664/2028/4150 1650/2027/4151 1666/2033/4152 1665/2043/4153
f 1666/2033/4154 1667/2034/4155 1644/2035/4156 1641/2036/4157
f 1651/2060/4158 1652/2058/4159 1653/2050/4160
f 1657/2048/4161 1658/2047/4162 1659/2029/4163
f 1662/2045/4164 1661/2046/4165 1663/2051/4166
f 1652/2037/4167 1651/2014/4168 1675/2039/4169 1654/2059/4170
f 1669/2016/4171 1670/2040/4172 1654/2041/4173 1640/2066/4174
f 1655/2038/4175 1642/2018/4176 1677/2021/4177 1656/2057/4178
f 1655/2056/4179 1656/2042/4180 1668/2019/4181 1643/2020/4182
f 1641/2036/4183 1660/2053/4184 1665/2043/4185 1666/2033/4186
f 1667/2034/4187 1661/2046/4188 1662/2045/4189 1644/2035/4190
f 1658/2047/4191 1657/2048/4192 1665/2043/4193 1660/2053/4194
f 1657/2048/4195 1645/2049/4196 1664/2028/4197 1665/2043/4198
f 1652/2058/4199 1654/2041/4200 1670/2040/4201 1653/2050/4202
f 1656/2042/4203 1648/2061/4204 1649/2026/4205 1668/2019/4206
f 1649/2026/4207 1650/2027/4208 1669/2016/4209 1668/2019/4210
f 1650/2027/4211 1664/2028/4212 1670/2040/4213 1669/2016/4214
f 1670/2040/4215 1664/2028/4216 1645/2049/4217 1653/2050/4218
f 1646/2023/4219 1671/2022/4220 1672/2044/4221 1673/2030/4222
f 1640/2015/4223 1654/2059/4224 1675/2039/4225 1676/2017/4226
f 1658/2054/4227 1660/2013/4228 1672/2044/4229 1659/2055/4230
f 1673/2030/4231 1672/2044/4232 1660/2013/4233 1641/2065/4234
f 1641/2065/4235 1644/2063/4236 1674/2031/4237 1673/2030/4238
f 1663/2032/4239 1674/2031/4240 1644/2063/4241 1662/2052/4242
f 1645/2062/4243 1671/2022/4244 1675/2039/4245 1651/2014/4246
f 1675/2039/4247 1671/2022/4248 1646/2023/4249 1676/2017/4250
f 1677/2021/4251 1676/2017/4252 1646/2023/4253 1647/2024/4254
f 1677/2021/4255 1647/2024/4256 1648/2025/4257 1656/2057/4258
g default
v -5.502457 -0.879806 52.891182
v 9.557358 2.811802 38.177643
v -1.010468 -0.346859 54.080475
v -0.750549 3.703115 55.706635
v 11.129959 2.831447 40.863083
v -1.963837 1.003132 37.932831
v 5.011322 1.016112 43.756042
v 6.768997 2.428123 46.275673
v 9.192825 2.926718 48.845116
v 8.435455 7.083518 45.773659
v 5.633499 7.830200 44.029564
v -10.175354 -0.611506 46.918434
v -11.287994 -0.573264 48.588242
v -12.993240 4.205106 45.802368
v -11.063202 -0.653089 50.088852
v 2.777512 0.761628 55.344688
v 4.654373 1.563490 54.385292
v 3.528336 4.259285 34.846497
v 4.166901 2.684060 34.629227
v 2.724319 2.549469 34.516586
v 5.652542 2.539431 35.344696
v 11.872375 4.370980 45.592224
v 11.827454 3.071715 44.303650
v 11.597748 2.917979 45.753769
v 1.807510 6.676100 40.677795
v 5.472031 6.008488 38.432800
v 9.480286 5.827718 40.602966
v 10.597809 5.583108 42.905746
v 1.547623 8.439360 51.791306
v -2.749344 10.480061 49.463287
v -9.678223 8.726360 46.606194
v 0.547516 1.157106 39.812790
v 4.353882 1.964975 37.224579
v 8.603333 2.282888 39.746689
v 9.834961 2.844659 42.686523
v -9.471970 -0.853095 48.660683
v -2.774887 -0.688424 49.890434
v 0.956619 0.423722 52.273010
vt 0.405533 0.032931
vt 0.463233 0.075150
vt 0.479125 0.052452
vt 0.882066 0.284881
vt 0.466059 0.046061
vt 0.478210 0.035277
vt 0.896959 0.285506
vt 0.902070 0.262078
vt 0.469631 0.029976
vt 0.426396 0.046041
vt 0.435668 0.026019
vt 0.442002 0.015727
vt 0.447707 0.004346
vt 0.900684 0.317224
vt 0.888876 0.316199
vt 0.869500 0.317505
vt 0.851207 0.337143
vt 0.417584 0.017963
vt 0.426030 0.009888
vt 0.434227 0.000011
vt 0.890457 0.333955
vt 0.899656 0.330499
vt 0.898427 0.344391
vt 0.884624 0.348093
vt 0.470155 0.077164
vt 0.478086 0.020249
vt 0.468583 0.070780
vt 0.861299 0.278067
vt 0.850417 0.246874
vt 0.924077 0.274096
vt 0.873829 0.330649
vt 0.413550 0.035449
vt 0.911945 0.334076
vt 0.911977 0.326915
vt 0.856483 0.341427
vt 0.858148 0.335841
vt 0.835009 0.315180
vt 0.847920 0.269505
vt 0.916859 0.328629
vt 0.429002 0.001077
vt 0.862966 0.345602
vt 0.404474 0.038783
vt 0.405636 0.043861
vt 0.918672 0.263052
vt 0.472473 0.014308
vt 0.843196 0.251925
vt 0.475098 0.074821
vt 0.834875 0.259565
vt 0.924457 0.310721
vt 0.422922 0.056740
vt 0.418272 0.007874
vt 0.903515 0.247977
vt 0.410941 0.016318
vt 0.882685 0.239279
vn -0.771387 0.551207 -0.318015
vn -0.460220 -0.629923 -0.625616
vn -0.627935 -0.638144 -0.445499
vn -0.042287 0.621393 0.782357
vn -0.304368 -0.592892 0.745546
vn -0.098619 -0.685124 0.721720
vn 0.120878 0.864404 0.488052
vn -0.076552 0.976241 0.202716
vn -0.304368 -0.592892 0.745546
vn -0.042287 0.621393 0.782357
vn 0.123010 -0.985393 0.117771
vn 0.301843 -0.952185 0.047276
vn -0.098619 -0.685124 0.721720
vn -0.304368 -0.592892 0.745546
vn 0.033731 0.633662 0.772874
vn -0.042287 0.621393 0.782357
vn -0.098619 -0.685124 0.721720
vn -0.286441 -0.560131 -0.777306
vn -0.460220 -0.629923 -0.625616
vn -0.106255 0.851837 -0.512916
vn 0.034853 -0.994825 -0.095437
vn -0.460220 -0.629923 -0.625616
vn -0.286441 -0.560131 -0.777306
vn 0.138535 -0.974208 -0.178119
vn 0.361584 -0.926527 0.103948
vn 0.218599 -0.971338 -0.093367
vn 0.214629 -0.973631 -0.077312
vn 0.251318 -0.965352 0.070251
vn 0.576025 -0.775994 0.256960
vn 0.361584 -0.926527 0.103948
vn 0.251318 -0.965352 0.070251
vn 0.416054 -0.883167 0.216601
vn 0.669663 0.740453 0.057275
vn 0.576025 -0.775994 0.256960
vn 0.416054 -0.883167 0.216601
vn 0.396294 0.909745 -0.123752
vn 0.291474 0.949317 0.117643
vn 0.576025 -0.775994 0.256960
vn 0.669663 0.740453 0.057275
vn 0.127859 0.960565 -0.246914
vn 0.291474 0.949317 0.117643
vn 0.396294 0.909745 -0.123752
vn 0.208140 0.952341 -0.222992
vn -0.041304 0.959217 -0.279638
vn 0.127859 0.960565 -0.246914
vn 0.208140 0.952341 -0.222992
vn 0.095374 0.958464 -0.268796
vn 0.208140 0.952341 -0.222992
vn 0.396294 0.909745 -0.123752
vn 0.703042 -0.668667 -0.242109
vn 0.553272 -0.639984 -0.533208
vn -0.627935 -0.638144 -0.445499
vn -0.789951 0.613081 0.010465
vn -0.771387 0.551207 -0.318015
vn -0.106255 0.851837 -0.512916
vn 0.188329 -0.634367 -0.749740
vn -0.286441 -0.560131 -0.777306
vn 0.665243 -0.744523 -0.056006
vn 0.669663 0.740453 0.057275
vn 0.416054 -0.883167 0.216601
vn -0.789951 0.613081 0.010465
vn -0.627935 -0.638144 -0.445499
vn -0.036642 -0.998708 0.035203
vn -0.503488 -0.473439 0.722742
vn -0.076552 0.976241 0.202716
vn -0.310760 0.949338 0.046752
vn -0.503488 -0.473439 0.722742
vn -0.304368 -0.592892 0.745546
vn 0.033731 0.633662 0.772874
vn -0.098619 -0.685124 0.721720
vn 0.301843 -0.952185 0.047276
vn 0.581386 -0.760447 0.289330
vn 0.033731 0.633662 0.772874
vn 0.581386 -0.760447 0.289330
vn 0.120878 0.864404 0.488052
vn -0.042287 0.621393 0.782357
vn 0.553272 -0.639984 -0.533208
vn 0.389603 -0.722271 -0.571431
vn 0.095374 0.958464 -0.268796
vn 0.208140 0.952341 -0.222992
vn 0.396294 0.909745 -0.123752
vn 0.669663 0.740453 0.057275
vn 0.665243 -0.744523 -0.056006
vn 0.703042 -0.668667 -0.242109
vn 0.188329 -0.634367 -0.749740
vn -0.106255 0.851837 -0.512916
vn 0.095374 0.958464 -0.268796
vn 0.389603 -0.722271 -0.571431
vn -0.106255 0.851837 -0.512916
vn -0.460220 -0.629923 -0.625616
vn -0.041304 0.959217 -0.279638
vn 0.095374 0.958464 -0.268796
vn -0.789951 0.613081 0.010465
vn -0.503488 -0.473439 0.722742
vn -0.310760 0.949338 0.046752
vn -0.771387 0.551207 -0.318015
vn 0.581386 -0.760447 0.289330
vn 0.576025 -0.775994 0.256960
vn 0.291474 0.949317 0.117643
vn 0.120878 0.864404 0.488052
vn 0.291474 0.949317 0.117643
vn 0.127859 0.960565 -0.246914
vn -0.076552 0.976241 0.202716
vn 0.120878 0.864404 0.488052
vn 0.127859 0.960565 -0.246914
vn -0.041304 0.959217 -0.279638
vn -0.310760 0.949338 0.046752
vn -0.076552 0.976241 0.202716
vn -0.310760 0.949338 0.046752
vn -0.041304 0.959217 -0.279638
vn -0.460220 -0.629923 -0.625616
vn -0.771387 0.551207 -0.318015
vn 0.218599 -0.971338 -0.093367
vn 0.034853 -0.994825 -0.095437
vn 0.138535 -0.974208 -0.178119
vn 0.214629 -0.973631 -0.077312
vn -0.304368 -0.592892 0.745546
vn -0.503488 -0.473439 0.722742
vn -0.036642 -0.998708 0.035203
vn 0.123010 -0.985393 0.117771
vn 0.188329 -0.634367 -0.749740
vn 0.389603 -0.722271 -0.571431
vn 0.138535 -0.974208 -0.178119
vn -0.286441 -0.560131 -0.777306
vn 0.214629 -0.973631 -0.077312
vn 0.138535 -0.974208 -0.178119
vn 0.389603 -0.722271 -0.571431
vn 0.553272 -0.639984 -0.533208
vn 0.553272 -0.639984 -0.533208
vn 0.703042 -0.668667 -0.242109
vn 0.251318 -0.965352 0.070251
vn 0.214629 -0.973631 -0.077312
vn 0.416054 -0.883167 0.216601
vn 0.251318 -0.965352 0.070251
vn 0.703042 -0.668667 -0.242109
vn 0.665243 -0.744523 -0.056006
vn -0.460220 -0.629923 -0.625616
vn 0.034853 -0.994825 -0.095437
vn -0.036642 -0.998708 0.035203
vn -0.627935 -0.638144 -0.445499
vn -0.036642 -0.998708 0.035203
vn 0.034853 -0.994825 -0.095437
vn 0.218599 -0.971338 -0.093367
vn 0.123010 -0.985393 0.117771
vn 0.301843 -0.952185 0.047276
vn 0.123010 -0.985393 0.117771
vn 0.218599 -0.971338 -0.093367
vn 0.361584 -0.926527 0.103948
vn 0.301843 -0.952185 0.047276
vn 0.361584 -0.926527 0.103948
vn 0.576025 -0.775994 0.256960
vn 0.581386 -0.760447 0.289330
s off
g group1 Cailloux pCube39
usemtl Cailloux_mat1
f 1691/2104/4259 1683/2103/4260 1689/2114/4261
f 1681/2074/4262 1678/2120/4263 1680/2118/4264
f 1706/2073/4265 1707/2070/4266 1678/2120/4267 1681/2074/4268
f 1714/2071/4269 1715/2075/4270 1680/2072/4271 1678/2069/4272
f 1693/2110/4273 1681/2074/4274 1680/2118/4275
f 1697/2083/4276 1683/2103/4277 1695/2102/4278
f 1709/2076/4279 1683/2116/4280 1697/2109/4281 1710/2098/4282
f 1685/2078/4283 1684/2077/4284 1711/2084/4285 1712/2085/4286
f 1686/2079/4287 1685/2078/4288 1712/2085/4289 1701/2086/4290
f 1699/2100/4291 1686/2115/4292 1701/2105/4293
f 1705/2088/4294 1687/2080/4295 1686/2115/4296 1699/2100/4297
f 1688/2081/4298 1687/2080/4299 1705/2088/4300 1704/2087/4301
f 1702/2082/4302 1688/2081/4303 1704/2087/4304 1703/2097/4305
f 1704/2087/4306 1705/2088/4307 1682/2089/4308 1679/2090/4309
f 1689/2114/4310 1690/2112/4311 1691/2104/4312
f 1695/2102/4313 1696/2101/4314 1697/2083/4315
f 1700/2099/4316 1699/2100/4317 1701/2105/4318
f 1690/2091/4319 1689/2068/4320 1713/2093/4321 1692/2113/4322
f 1707/2070/4323 1708/2094/4324 1692/2095/4325 1678/2120/4326
f 1693/2092/4327 1680/2072/4328 1715/2075/4329 1694/2111/4330
f 1693/2110/4331 1694/2096/4332 1706/2073/4333 1681/2074/4334
f 1679/2090/4335 1698/2107/4336 1703/2097/4337 1704/2087/4338
f 1705/2088/4339 1699/2100/4340 1700/2099/4341 1682/2089/4342
f 1696/2101/4343 1695/2102/4344 1703/2097/4345 1698/2107/4346
f 1695/2102/4347 1683/2103/4348 1702/2082/4349 1703/2097/4350
f 1690/2112/4351 1692/2095/4352 1708/2094/4353 1691/2104/4354
f 1694/2096/4355 1686/2115/4356 1687/2080/4357 1706/2073/4358
f 1687/2080/4359 1688/2081/4360 1707/2070/4361 1706/2073/4362
f 1688/2081/4363 1702/2082/4364 1708/2094/4365 1707/2070/4366
f 1708/2094/4367 1702/2082/4368 1683/2103/4369 1691/2104/4370
f 1684/2077/4371 1709/2076/4372 1710/2098/4373 1711/2084/4374
f 1678/2069/4375 1692/2113/4376 1713/2093/4377 1714/2071/4378
f 1696/2108/4379 1698/2067/4380 1710/2098/4381 1697/2109/4382
f 1711/2084/4383 1710/2098/4384 1698/2067/4385 1679/2119/4386
f 1679/2119/4387 1682/2117/4388 1712/2085/4389 1711/2084/4390
f 1701/2086/4391 1712/2085/4392 1682/2117/4393 1700/2106/4394
f 1683/2116/4395 1709/2076/4396 1713/2093/4397 1689/2068/4398
f 1713/2093/4399 1709/2076/4400 1684/2077/4401 1714/2071/4402
f 1715/2075/4403 1714/2071/4404 1684/2077/4405 1685/2078/4406
f 1715/2075/4407 1685/2078/4408 1686/2079/4409 1694/2111/4410
